benchmark_id,benchmark_name,trade_date,tri_level,net_tri_level,source,source_url,retrieved_at,data_quality_status
BSE_SMALLCAP,BSE SmallCap,2012-01-02,5556.48,,BSE_INDIA_OFFICIAL,https://www.bseindia.com/indices/IndexArchiveData/,2026-07-17T15:24:01,BSE_PRICE_INDEX
BSE_SMALLCAP,BSE SmallCap,2012-01-03,5685.77,,BSE_INDIA_OFFICIAL,https://www.bseindia.com/indices/IndexArchiveData/,2026-07-17T15:24:01,BSE_PRICE_INDEX
BSE_SMALLCAP,BSE SmallCap,2012-01-04,5691.37,,BSE_INDIA_OFFICIAL,https://www.bseindia.com/indices/IndexArchiveData/,2026-07-17T15:24:01,BSE_PRICE_INDEX
BSE_SMALLCAP,BSE SmallCap,2012-01-05,5703.22,,BSE_INDIA_OFFICIAL,https://www.bseindia.com/indices/IndexArchiveData/,2026-07-17T15:24:01,BSE_PRICE_INDEX
BSE_SMALLCAP,BSE SmallCap,2012-01-06,5704.32,,BSE_INDIA_OFFICIAL,https://www.bseindia.com/indices/IndexArchiveData/,2026-07-17T15:24:01,BSE_PRICE_INDEX
BSE_SMALLCAP,BSE SmallCap,2012-01-07,5761.61,,BSE_INDIA_OFFICIAL,https://www.bseindia.com/indices/IndexArchiveData/,2026-07-17T15:24:01,BSE_PRICE_INDEX
BSE_SMALLCAP,BSE SmallCap,2012-01-09,5842.53,,BSE_INDIA_OFFICIAL,https://www.bseindia.com/indices/IndexArchiveData/,2026-07-17T15:24:01,BSE_PRICE_INDEX
BSE_SMALLCAP,BSE SmallCap,2012-01-10,5996.48,,BSE_INDIA_OFFICIAL,https://www.bseindia.com/indices/IndexArchiveData/,2026-07-17T15:24:01,BSE_PRICE_INDEX
BSE_SMALLCAP,BSE SmallCap,2012-01-11,6075.43,,BSE_INDIA_OFFICIAL,https://www.bseindia.com/indices/IndexArchiveData/,2026-07-17T15:24:01,BSE_PRICE_INDEX
BSE_SMALLCAP,BSE SmallCap,2012-01-12,6084.27,,BSE_INDIA_OFFICIAL,https://www.bseindia.com/indices/IndexArchiveData/,2026-07-17T15:24:01,BSE_PRICE_INDEX
BSE_SMALLCAP,BSE SmallCap,2012-01-13,6171.75,,BSE_INDIA_OFFICIAL,https://www.bseindia.com/indices/IndexArchiveData/,2026-07-17T15:24:01,BSE_PRICE_INDEX
BSE_SMALLCAP,BSE SmallCap,2012-01-16,6192.03,,BSE_INDIA_OFFICIAL,https://www.bseindia.com/indices/IndexArchiveData/,2026-07-17T15:24:01,BSE_PRICE_INDEX
BSE_SMALLCAP,BSE SmallCap,2012-01-17,6258.45,,BSE_INDIA_OFFICIAL,https://www.bseindia.com/indices/IndexArchiveData/,2026-07-17T15:24:01,BSE_PRICE_INDEX
BSE_SMALLCAP,BSE SmallCap,2012-01-18,6195.70,,BSE_INDIA_OFFICIAL,https://www.bseindia.com/indices/IndexArchiveData/,2026-07-17T15:24:01,BSE_PRICE_INDEX
BSE_SMALLCAP,BSE SmallCap,2012-01-19,6272.23,,BSE_INDIA_OFFICIAL,https://www.bseindia.com/indices/IndexArchiveData/,2026-07-17T15:24:01,BSE_PRICE_INDEX
BSE_SMALLCAP,BSE SmallCap,2012-01-20,6277.27,,BSE_INDIA_OFFICIAL,https://www.bseindia.com/indices/IndexArchiveData/,2026-07-17T15:24:01,BSE_PRICE_INDEX
BSE_SMALLCAP,BSE SmallCap,2012-01-23,6294.01,,BSE_INDIA_OFFICIAL,https://www.bseindia.com/indices/IndexArchiveData/,2026-07-17T15:24:01,BSE_PRICE_INDEX
BSE_SMALLCAP,BSE SmallCap,2012-01-24,6338.01,,BSE_INDIA_OFFICIAL,https://www.bseindia.com/indices/IndexArchiveData/,2026-07-17T15:24:01,BSE_PRICE_INDEX
BSE_SMALLCAP,BSE SmallCap,2012-01-25,6408.45,,BSE_INDIA_OFFICIAL,https://www.bseindia.com/indices/IndexArchiveData/,2026-07-17T15:24:01,BSE_PRICE_INDEX
BSE_SMALLCAP,BSE SmallCap,2012-01-27,6491.69,,BSE_INDIA_OFFICIAL,https://www.bseindia.com/indices/IndexArchiveData/,2026-07-17T15:24:01,BSE_PRICE_INDEX
BSE_SMALLCAP,BSE SmallCap,2012-01-30,6373.59,,BSE_INDIA_OFFICIAL,https://www.bseindia.com/indices/IndexArchiveData/,2026-07-17T15:24:01,BSE_PRICE_INDEX
BSE_SMALLCAP,BSE SmallCap,2012-01-31,6463.30,,BSE_INDIA_OFFICIAL,https://www.bseindia.com/indices/IndexArchiveData/,2026-07-17T15:24:01,BSE_PRICE_INDEX
BSE_SMALLCAP,BSE SmallCap,2012-02-01,6573.58,,BSE_INDIA_OFFICIAL,https://www.bseindia.com/indices/IndexArchiveData/,2026-07-17T15:24:01,BSE_PRICE_INDEX
BSE_SMALLCAP,BSE SmallCap,2012-02-02,6608.97,,BSE_INDIA_OFFICIAL,https://www.bseindia.com/indices/IndexArchiveData/,2026-07-17T15:24:01,BSE_PRICE_INDEX
BSE_SMALLCAP,BSE SmallCap,2012-02-03,6686.55,,BSE_INDIA_OFFICIAL,https://www.bseindia.com/indices/IndexArchiveData/,2026-07-17T15:24:01,BSE_PRICE_INDEX
BSE_SMALLCAP,BSE SmallCap,2012-02-06,6781.93,,BSE_INDIA_OFFICIAL,https://www.bseindia.com/indices/IndexArchiveData/,2026-07-17T15:24:01,BSE_PRICE_INDEX
BSE_SMALLCAP,BSE SmallCap,2012-02-07,6751.98,,BSE_INDIA_OFFICIAL,https://www.bseindia.com/indices/IndexArchiveData/,2026-07-17T15:24:01,BSE_PRICE_INDEX
BSE_SMALLCAP,BSE SmallCap,2012-02-08,6812.15,,BSE_INDIA_OFFICIAL,https://www.bseindia.com/indices/IndexArchiveData/,2026-07-17T15:24:01,BSE_PRICE_INDEX
BSE_SMALLCAP,BSE SmallCap,2012-02-09,6892.49,,BSE_INDIA_OFFICIAL,https://www.bseindia.com/indices/IndexArchiveData/,2026-07-17T15:24:01,BSE_PRICE_INDEX
BSE_SMALLCAP,BSE SmallCap,2012-02-10,6890.85,,BSE_INDIA_OFFICIAL,https://www.bseindia.com/indices/IndexArchiveData/,2026-07-17T15:24:01,BSE_PRICE_INDEX
BSE_SMALLCAP,BSE SmallCap,2012-02-13,6903.57,,BSE_INDIA_OFFICIAL,https://www.bseindia.com/indices/IndexArchiveData/,2026-07-17T15:24:01,BSE_PRICE_INDEX
BSE_SMALLCAP,BSE SmallCap,2012-02-14,6960.66,,BSE_INDIA_OFFICIAL,https://www.bseindia.com/indices/IndexArchiveData/,2026-07-17T15:24:01,BSE_PRICE_INDEX
BSE_SMALLCAP,BSE SmallCap,2012-02-15,7063.98,,BSE_INDIA_OFFICIAL,https://www.bseindia.com/indices/IndexArchiveData/,2026-07-17T15:24:01,BSE_PRICE_INDEX
BSE_SMALLCAP,BSE SmallCap,2012-02-16,7131.65,,BSE_INDIA_OFFICIAL,https://www.bseindia.com/indices/IndexArchiveData/,2026-07-17T15:24:01,BSE_PRICE_INDEX
BSE_SMALLCAP,BSE SmallCap,2012-02-17,7116.49,,BSE_INDIA_OFFICIAL,https://www.bseindia.com/indices/IndexArchiveData/,2026-07-17T15:24:01,BSE_PRICE_INDEX
BSE_SMALLCAP,BSE SmallCap,2012-02-21,7202.12,,BSE_INDIA_OFFICIAL,https://www.bseindia.com/indices/IndexArchiveData/,2026-07-17T15:24:01,BSE_PRICE_INDEX
BSE_SMALLCAP,BSE SmallCap,2012-02-22,6969.06,,BSE_INDIA_OFFICIAL,https://www.bseindia.com/indices/IndexArchiveData/,2026-07-17T15:24:01,BSE_PRICE_INDEX
BSE_SMALLCAP,BSE SmallCap,2012-02-23,6905.89,,BSE_INDIA_OFFICIAL,https://www.bseindia.com/indices/IndexArchiveData/,2026-07-17T15:24:01,BSE_PRICE_INDEX
BSE_SMALLCAP,BSE SmallCap,2012-02-24,6857.04,,BSE_INDIA_OFFICIAL,https://www.bseindia.com/indices/IndexArchiveData/,2026-07-17T15:24:01,BSE_PRICE_INDEX
BSE_SMALLCAP,BSE SmallCap,2012-02-27,6633.64,,BSE_INDIA_OFFICIAL,https://www.bseindia.com/indices/IndexArchiveData/,2026-07-17T15:24:01,BSE_PRICE_INDEX
BSE_SMALLCAP,BSE SmallCap,2012-02-28,6817.91,,BSE_INDIA_OFFICIAL,https://www.bseindia.com/indices/IndexArchiveData/,2026-07-17T15:24:01,BSE_PRICE_INDEX
BSE_SMALLCAP,BSE SmallCap,2012-02-29,6859.97,,BSE_INDIA_OFFICIAL,https://www.bseindia.com/indices/IndexArchiveData/,2026-07-17T15:24:01,BSE_PRICE_INDEX
BSE_SMALLCAP,BSE SmallCap,2012-03-01,6833.85,,BSE_INDIA_OFFICIAL,https://www.bseindia.com/indices/IndexArchiveData/,2026-07-17T15:24:01,BSE_PRICE_INDEX
BSE_SMALLCAP,BSE SmallCap,2012-03-02,6827.66,,BSE_INDIA_OFFICIAL,https://www.bseindia.com/indices/IndexArchiveData/,2026-07-17T15:24:01,BSE_PRICE_INDEX
BSE_SMALLCAP,BSE SmallCap,2012-03-03,6853.09,,BSE_INDIA_OFFICIAL,https://www.bseindia.com/indices/IndexArchiveData/,2026-07-17T15:24:01,BSE_PRICE_INDEX
BSE_SMALLCAP,BSE SmallCap,2012-03-05,6787.70,,BSE_INDIA_OFFICIAL,https://www.bseindia.com/indices/IndexArchiveData/,2026-07-17T15:24:01,BSE_PRICE_INDEX
BSE_SMALLCAP,BSE SmallCap,2012-03-06,6700.19,,BSE_INDIA_OFFICIAL,https://www.bseindia.com/indices/IndexArchiveData/,2026-07-17T15:24:01,BSE_PRICE_INDEX
BSE_SMALLCAP,BSE SmallCap,2012-03-07,6659.37,,BSE_INDIA_OFFICIAL,https://www.bseindia.com/indices/IndexArchiveData/,2026-07-17T15:24:01,BSE_PRICE_INDEX
BSE_SMALLCAP,BSE SmallCap,2012-03-09,6749.21,,BSE_INDIA_OFFICIAL,https://www.bseindia.com/indices/IndexArchiveData/,2026-07-17T15:24:01,BSE_PRICE_INDEX
BSE_SMALLCAP,BSE SmallCap,2012-03-12,6796.26,,BSE_INDIA_OFFICIAL,https://www.bseindia.com/indices/IndexArchiveData/,2026-07-17T15:24:01,BSE_PRICE_INDEX
BSE_SMALLCAP,BSE SmallCap,2012-03-13,6865.93,,BSE_INDIA_OFFICIAL,https://www.bseindia.com/indices/IndexArchiveData/,2026-07-17T15:24:01,BSE_PRICE_INDEX
BSE_SMALLCAP,BSE SmallCap,2012-03-14,6846.64,,BSE_INDIA_OFFICIAL,https://www.bseindia.com/indices/IndexArchiveData/,2026-07-17T15:24:01,BSE_PRICE_INDEX
BSE_SMALLCAP,BSE SmallCap,2012-03-15,6780.45,,BSE_INDIA_OFFICIAL,https://www.bseindia.com/indices/IndexArchiveData/,2026-07-17T15:24:01,BSE_PRICE_INDEX
BSE_SMALLCAP,BSE SmallCap,2012-03-16,6704.46,,BSE_INDIA_OFFICIAL,https://www.bseindia.com/indices/IndexArchiveData/,2026-07-17T15:24:01,BSE_PRICE_INDEX
BSE_SMALLCAP,BSE SmallCap,2012-03-19,6632.28,,BSE_INDIA_OFFICIAL,https://www.bseindia.com/indices/IndexArchiveData/,2026-07-17T15:24:01,BSE_PRICE_INDEX
BSE_SMALLCAP,BSE SmallCap,2012-03-20,6630.43,,BSE_INDIA_OFFICIAL,https://www.bseindia.com/indices/IndexArchiveData/,2026-07-17T15:24:01,BSE_PRICE_INDEX
BSE_SMALLCAP,BSE SmallCap,2012-03-21,6712.20,,BSE_INDIA_OFFICIAL,https://www.bseindia.com/indices/IndexArchiveData/,2026-07-17T15:24:01,BSE_PRICE_INDEX
BSE_SMALLCAP,BSE SmallCap,2012-03-22,6599.69,,BSE_INDIA_OFFICIAL,https://www.bseindia.com/indices/IndexArchiveData/,2026-07-17T15:24:01,BSE_PRICE_INDEX
BSE_SMALLCAP,BSE SmallCap,2012-03-23,6626.35,,BSE_INDIA_OFFICIAL,https://www.bseindia.com/indices/IndexArchiveData/,2026-07-17T15:24:01,BSE_PRICE_INDEX
BSE_SMALLCAP,BSE SmallCap,2012-03-26,6533.36,,BSE_INDIA_OFFICIAL,https://www.bseindia.com/indices/IndexArchiveData/,2026-07-17T15:24:01,BSE_PRICE_INDEX
BSE_SMALLCAP,BSE SmallCap,2012-03-27,6522.05,,BSE_INDIA_OFFICIAL,https://www.bseindia.com/indices/IndexArchiveData/,2026-07-17T15:24:01,BSE_PRICE_INDEX
BSE_SMALLCAP,BSE SmallCap,2012-03-28,6451.49,,BSE_INDIA_OFFICIAL,https://www.bseindia.com/indices/IndexArchiveData/,2026-07-17T15:24:01,BSE_PRICE_INDEX
BSE_SMALLCAP,BSE SmallCap,2012-03-29,6496.80,,BSE_INDIA_OFFICIAL,https://www.bseindia.com/indices/IndexArchiveData/,2026-07-17T15:24:01,BSE_PRICE_INDEX
BSE_SMALLCAP,BSE SmallCap,2012-03-30,6629.38,,BSE_INDIA_OFFICIAL,https://www.bseindia.com/indices/IndexArchiveData/,2026-07-17T15:24:01,BSE_PRICE_INDEX
BSE_SMALLCAP,BSE SmallCap,2012-04-02,6741.03,,BSE_INDIA_OFFICIAL,https://www.bseindia.com/indices/IndexArchiveData/,2026-07-17T15:24:01,BSE_PRICE_INDEX
BSE_SMALLCAP,BSE SmallCap,2012-04-03,6817.69,,BSE_INDIA_OFFICIAL,https://www.bseindia.com/indices/IndexArchiveData/,2026-07-17T15:24:01,BSE_PRICE_INDEX
BSE_SMALLCAP,BSE SmallCap,2012-04-04,6844.90,,BSE_INDIA_OFFICIAL,https://www.bseindia.com/indices/IndexArchiveData/,2026-07-17T15:24:01,BSE_PRICE_INDEX
BSE_SMALLCAP,BSE SmallCap,2012-04-09,6800.56,,BSE_INDIA_OFFICIAL,https://www.bseindia.com/indices/IndexArchiveData/,2026-07-17T15:24:01,BSE_PRICE_INDEX
BSE_SMALLCAP,BSE SmallCap,2012-04-10,6792.31,,BSE_INDIA_OFFICIAL,https://www.bseindia.com/indices/IndexArchiveData/,2026-07-17T15:24:01,BSE_PRICE_INDEX
BSE_SMALLCAP,BSE SmallCap,2012-04-11,6774.06,,BSE_INDIA_OFFICIAL,https://www.bseindia.com/indices/IndexArchiveData/,2026-07-17T15:24:01,BSE_PRICE_INDEX
BSE_SMALLCAP,BSE SmallCap,2012-04-12,6842.25,,BSE_INDIA_OFFICIAL,https://www.bseindia.com/indices/IndexArchiveData/,2026-07-17T15:24:01,BSE_PRICE_INDEX
BSE_SMALLCAP,BSE SmallCap,2012-04-13,6799.23,,BSE_INDIA_OFFICIAL,https://www.bseindia.com/indices/IndexArchiveData/,2026-07-17T15:24:01,BSE_PRICE_INDEX
BSE_SMALLCAP,BSE SmallCap,2012-04-16,6837.26,,BSE_INDIA_OFFICIAL,https://www.bseindia.com/indices/IndexArchiveData/,2026-07-17T15:24:01,BSE_PRICE_INDEX
BSE_SMALLCAP,BSE SmallCap,2012-04-17,6880.36,,BSE_INDIA_OFFICIAL,https://www.bseindia.com/indices/IndexArchiveData/,2026-07-17T15:24:01,BSE_PRICE_INDEX
BSE_SMALLCAP,BSE SmallCap,2012-04-18,6914.49,,BSE_INDIA_OFFICIAL,https://www.bseindia.com/indices/IndexArchiveData/,2026-07-17T15:24:01,BSE_PRICE_INDEX
BSE_SMALLCAP,BSE SmallCap,2012-04-19,6932.83,,BSE_INDIA_OFFICIAL,https://www.bseindia.com/indices/IndexArchiveData/,2026-07-17T15:24:01,BSE_PRICE_INDEX
BSE_SMALLCAP,BSE SmallCap,2012-04-20,6900.58,,BSE_INDIA_OFFICIAL,https://www.bseindia.com/indices/IndexArchiveData/,2026-07-17T15:24:01,BSE_PRICE_INDEX
BSE_SMALLCAP,BSE SmallCap,2012-04-23,6794.56,,BSE_INDIA_OFFICIAL,https://www.bseindia.com/indices/IndexArchiveData/,2026-07-17T15:24:01,BSE_PRICE_INDEX
BSE_SMALLCAP,BSE SmallCap,2012-04-24,6789.81,,BSE_INDIA_OFFICIAL,https://www.bseindia.com/indices/IndexArchiveData/,2026-07-17T15:24:01,BSE_PRICE_INDEX
BSE_SMALLCAP,BSE SmallCap,2012-04-25,6753.87,,BSE_INDIA_OFFICIAL,https://www.bseindia.com/indices/IndexArchiveData/,2026-07-17T15:24:01,BSE_PRICE_INDEX
BSE_SMALLCAP,BSE SmallCap,2012-04-26,6726.37,,BSE_INDIA_OFFICIAL,https://www.bseindia.com/indices/IndexArchiveData/,2026-07-17T15:24:01,BSE_PRICE_INDEX
BSE_SMALLCAP,BSE SmallCap,2012-04-27,6697.89,,BSE_INDIA_OFFICIAL,https://www.bseindia.com/indices/IndexArchiveData/,2026-07-17T15:24:01,BSE_PRICE_INDEX
BSE_SMALLCAP,BSE SmallCap,2012-04-28,6726.17,,BSE_INDIA_OFFICIAL,https://www.bseindia.com/indices/IndexArchiveData/,2026-07-17T15:24:01,BSE_PRICE_INDEX
BSE_SMALLCAP,BSE SmallCap,2012-04-30,6764.62,,BSE_INDIA_OFFICIAL,https://www.bseindia.com/indices/IndexArchiveData/,2026-07-17T15:24:01,BSE_PRICE_INDEX
BSE_SMALLCAP,BSE SmallCap,2012-05-02,6777.94,,BSE_INDIA_OFFICIAL,https://www.bseindia.com/indices/IndexArchiveData/,2026-07-17T15:24:01,BSE_PRICE_INDEX
BSE_SMALLCAP,BSE SmallCap,2012-05-03,6709.96,,BSE_INDIA_OFFICIAL,https://www.bseindia.com/indices/IndexArchiveData/,2026-07-17T15:24:01,BSE_PRICE_INDEX
BSE_SMALLCAP,BSE SmallCap,2012-05-04,6588.26,,BSE_INDIA_OFFICIAL,https://www.bseindia.com/indices/IndexArchiveData/,2026-07-17T15:24:01,BSE_PRICE_INDEX
BSE_SMALLCAP,BSE SmallCap,2012-05-07,6608.35,,BSE_INDIA_OFFICIAL,https://www.bseindia.com/indices/IndexArchiveData/,2026-07-17T15:24:01,BSE_PRICE_INDEX
BSE_SMALLCAP,BSE SmallCap,2012-05-08,6550.82,,BSE_INDIA_OFFICIAL,https://www.bseindia.com/indices/IndexArchiveData/,2026-07-17T15:24:01,BSE_PRICE_INDEX
BSE_SMALLCAP,BSE SmallCap,2012-05-09,6469.96,,BSE_INDIA_OFFICIAL,https://www.bseindia.com/indices/IndexArchiveData/,2026-07-17T15:24:01,BSE_PRICE_INDEX
BSE_SMALLCAP,BSE SmallCap,2012-05-10,6454.20,,BSE_INDIA_OFFICIAL,https://www.bseindia.com/indices/IndexArchiveData/,2026-07-17T15:24:01,BSE_PRICE_INDEX
BSE_SMALLCAP,BSE SmallCap,2012-05-11,6395.38,,BSE_INDIA_OFFICIAL,https://www.bseindia.com/indices/IndexArchiveData/,2026-07-17T15:24:01,BSE_PRICE_INDEX
BSE_SMALLCAP,BSE SmallCap,2012-05-14,6314.57,,BSE_INDIA_OFFICIAL,https://www.bseindia.com/indices/IndexArchiveData/,2026-07-17T15:24:01,BSE_PRICE_INDEX
BSE_SMALLCAP,BSE SmallCap,2012-05-15,6335.27,,BSE_INDIA_OFFICIAL,https://www.bseindia.com/indices/IndexArchiveData/,2026-07-17T15:24:01,BSE_PRICE_INDEX
BSE_SMALLCAP,BSE SmallCap,2012-05-16,6264.95,,BSE_INDIA_OFFICIAL,https://www.bseindia.com/indices/IndexArchiveData/,2026-07-17T15:24:01,BSE_PRICE_INDEX
BSE_SMALLCAP,BSE SmallCap,2012-05-17,6270.36,,BSE_INDIA_OFFICIAL,https://www.bseindia.com/indices/IndexArchiveData/,2026-07-17T15:24:01,BSE_PRICE_INDEX
BSE_SMALLCAP,BSE SmallCap,2012-05-18,6255.42,,BSE_INDIA_OFFICIAL,https://www.bseindia.com/indices/IndexArchiveData/,2026-07-17T15:24:01,BSE_PRICE_INDEX
BSE_SMALLCAP,BSE SmallCap,2012-05-21,6317.41,,BSE_INDIA_OFFICIAL,https://www.bseindia.com/indices/IndexArchiveData/,2026-07-17T15:24:01,BSE_PRICE_INDEX
BSE_SMALLCAP,BSE SmallCap,2012-05-22,6274.69,,BSE_INDIA_OFFICIAL,https://www.bseindia.com/indices/IndexArchiveData/,2026-07-17T15:24:01,BSE_PRICE_INDEX
BSE_SMALLCAP,BSE SmallCap,2012-05-23,6238.23,,BSE_INDIA_OFFICIAL,https://www.bseindia.com/indices/IndexArchiveData/,2026-07-17T15:24:01,BSE_PRICE_INDEX
BSE_SMALLCAP,BSE SmallCap,2012-05-24,6284.84,,BSE_INDIA_OFFICIAL,https://www.bseindia.com/indices/IndexArchiveData/,2026-07-17T15:24:01,BSE_PRICE_INDEX
BSE_SMALLCAP,BSE SmallCap,2012-05-25,6318.33,,BSE_INDIA_OFFICIAL,https://www.bseindia.com/indices/IndexArchiveData/,2026-07-17T15:24:01,BSE_PRICE_INDEX
BSE_SMALLCAP,BSE SmallCap,2012-05-28,6373.46,,BSE_INDIA_OFFICIAL,https://www.bseindia.com/indices/IndexArchiveData/,2026-07-17T15:24:01,BSE_PRICE_INDEX
BSE_SMALLCAP,BSE SmallCap,2012-05-29,6384.37,,BSE_INDIA_OFFICIAL,https://www.bseindia.com/indices/IndexArchiveData/,2026-07-17T15:24:01,BSE_PRICE_INDEX
BSE_SMALLCAP,BSE SmallCap,2012-05-30,6307.15,,BSE_INDIA_OFFICIAL,https://www.bseindia.com/indices/IndexArchiveData/,2026-07-17T15:24:01,BSE_PRICE_INDEX
BSE_SMALLCAP,BSE SmallCap,2012-05-31,6271.00,,BSE_INDIA_OFFICIAL,https://www.bseindia.com/indices/IndexArchiveData/,2026-07-17T15:24:01,BSE_PRICE_INDEX
BSE_SMALLCAP,BSE SmallCap,2012-06-01,6194.44,,BSE_INDIA_OFFICIAL,https://www.bseindia.com/indices/IndexArchiveData/,2026-07-17T15:24:01,BSE_PRICE_INDEX
BSE_SMALLCAP,BSE SmallCap,2012-06-04,6180.43,,BSE_INDIA_OFFICIAL,https://www.bseindia.com/indices/IndexArchiveData/,2026-07-17T15:24:01,BSE_PRICE_INDEX
BSE_SMALLCAP,BSE SmallCap,2012-06-05,6193.22,,BSE_INDIA_OFFICIAL,https://www.bseindia.com/indices/IndexArchiveData/,2026-07-17T15:24:01,BSE_PRICE_INDEX
BSE_SMALLCAP,BSE SmallCap,2012-06-06,6284.62,,BSE_INDIA_OFFICIAL,https://www.bseindia.com/indices/IndexArchiveData/,2026-07-17T15:24:01,BSE_PRICE_INDEX
BSE_SMALLCAP,BSE SmallCap,2012-06-07,6313.63,,BSE_INDIA_OFFICIAL,https://www.bseindia.com/indices/IndexArchiveData/,2026-07-17T15:24:01,BSE_PRICE_INDEX
BSE_SMALLCAP,BSE SmallCap,2012-06-08,6326.14,,BSE_INDIA_OFFICIAL,https://www.bseindia.com/indices/IndexArchiveData/,2026-07-17T15:24:01,BSE_PRICE_INDEX
BSE_SMALLCAP,BSE SmallCap,2012-06-11,6339.50,,BSE_INDIA_OFFICIAL,https://www.bseindia.com/indices/IndexArchiveData/,2026-07-17T15:24:01,BSE_PRICE_INDEX
BSE_SMALLCAP,BSE SmallCap,2012-06-12,6357.24,,BSE_INDIA_OFFICIAL,https://www.bseindia.com/indices/IndexArchiveData/,2026-07-17T15:24:01,BSE_PRICE_INDEX
BSE_SMALLCAP,BSE SmallCap,2012-06-13,6365.30,,BSE_INDIA_OFFICIAL,https://www.bseindia.com/indices/IndexArchiveData/,2026-07-17T15:24:01,BSE_PRICE_INDEX
BSE_SMALLCAP,BSE SmallCap,2012-06-14,6322.47,,BSE_INDIA_OFFICIAL,https://www.bseindia.com/indices/IndexArchiveData/,2026-07-17T15:24:01,BSE_PRICE_INDEX
BSE_SMALLCAP,BSE SmallCap,2012-06-15,6351.44,,BSE_INDIA_OFFICIAL,https://www.bseindia.com/indices/IndexArchiveData/,2026-07-17T15:24:01,BSE_PRICE_INDEX
BSE_SMALLCAP,BSE SmallCap,2012-06-18,6307.09,,BSE_INDIA_OFFICIAL,https://www.bseindia.com/indices/IndexArchiveData/,2026-07-17T15:24:01,BSE_PRICE_INDEX
BSE_SMALLCAP,BSE SmallCap,2012-06-19,6306.55,,BSE_INDIA_OFFICIAL,https://www.bseindia.com/indices/IndexArchiveData/,2026-07-17T15:24:01,BSE_PRICE_INDEX
BSE_SMALLCAP,BSE SmallCap,2012-06-20,6356.49,,BSE_INDIA_OFFICIAL,https://www.bseindia.com/indices/IndexArchiveData/,2026-07-17T15:24:01,BSE_PRICE_INDEX
BSE_SMALLCAP,BSE SmallCap,2012-06-21,6405.08,,BSE_INDIA_OFFICIAL,https://www.bseindia.com/indices/IndexArchiveData/,2026-07-17T15:24:01,BSE_PRICE_INDEX
BSE_SMALLCAP,BSE SmallCap,2012-06-22,6407.50,,BSE_INDIA_OFFICIAL,https://www.bseindia.com/indices/IndexArchiveData/,2026-07-17T15:24:01,BSE_PRICE_INDEX
BSE_SMALLCAP,BSE SmallCap,2012-06-25,6422.72,,BSE_INDIA_OFFICIAL,https://www.bseindia.com/indices/IndexArchiveData/,2026-07-17T15:24:01,BSE_PRICE_INDEX
BSE_SMALLCAP,BSE SmallCap,2012-06-26,6424.05,,BSE_INDIA_OFFICIAL,https://www.bseindia.com/indices/IndexArchiveData/,2026-07-17T15:24:01,BSE_PRICE_INDEX
BSE_SMALLCAP,BSE SmallCap,2012-06-27,6444.39,,BSE_INDIA_OFFICIAL,https://www.bseindia.com/indices/IndexArchiveData/,2026-07-17T15:24:01,BSE_PRICE_INDEX
BSE_SMALLCAP,BSE SmallCap,2012-06-28,6458.85,,BSE_INDIA_OFFICIAL,https://www.bseindia.com/indices/IndexArchiveData/,2026-07-17T15:24:01,BSE_PRICE_INDEX
BSE_SMALLCAP,BSE SmallCap,2012-06-29,6543.75,,BSE_INDIA_OFFICIAL,https://www.bseindia.com/indices/IndexArchiveData/,2026-07-17T15:24:01,BSE_PRICE_INDEX
BSE_SMALLCAP,BSE SmallCap,2012-07-02,6615.29,,BSE_INDIA_OFFICIAL,https://www.bseindia.com/indices/IndexArchiveData/,2026-07-17T15:24:01,BSE_PRICE_INDEX
BSE_SMALLCAP,BSE SmallCap,2012-07-03,6667.98,,BSE_INDIA_OFFICIAL,https://www.bseindia.com/indices/IndexArchiveData/,2026-07-17T15:24:01,BSE_PRICE_INDEX
BSE_SMALLCAP,BSE SmallCap,2012-07-04,6726.55,,BSE_INDIA_OFFICIAL,https://www.bseindia.com/indices/IndexArchiveData/,2026-07-17T15:24:01,BSE_PRICE_INDEX
BSE_SMALLCAP,BSE SmallCap,2012-07-05,6836.54,,BSE_INDIA_OFFICIAL,https://www.bseindia.com/indices/IndexArchiveData/,2026-07-17T15:24:01,BSE_PRICE_INDEX
BSE_SMALLCAP,BSE SmallCap,2012-07-06,6822.52,,BSE_INDIA_OFFICIAL,https://www.bseindia.com/indices/IndexArchiveData/,2026-07-17T15:24:01,BSE_PRICE_INDEX
BSE_SMALLCAP,BSE SmallCap,2012-07-09,6750.33,,BSE_INDIA_OFFICIAL,https://www.bseindia.com/indices/IndexArchiveData/,2026-07-17T15:24:01,BSE_PRICE_INDEX
BSE_SMALLCAP,BSE SmallCap,2012-07-10,6805.10,,BSE_INDIA_OFFICIAL,https://www.bseindia.com/indices/IndexArchiveData/,2026-07-17T15:24:01,BSE_PRICE_INDEX
BSE_SMALLCAP,BSE SmallCap,2012-07-11,6789.08,,BSE_INDIA_OFFICIAL,https://www.bseindia.com/indices/IndexArchiveData/,2026-07-17T15:24:01,BSE_PRICE_INDEX
BSE_SMALLCAP,BSE SmallCap,2012-07-12,6744.53,,BSE_INDIA_OFFICIAL,https://www.bseindia.com/indices/IndexArchiveData/,2026-07-17T15:24:01,BSE_PRICE_INDEX
BSE_SMALLCAP,BSE SmallCap,2012-07-13,6737.42,,BSE_INDIA_OFFICIAL,https://www.bseindia.com/indices/IndexArchiveData/,2026-07-17T15:24:01,BSE_PRICE_INDEX
BSE_SMALLCAP,BSE SmallCap,2012-07-16,6696.02,,BSE_INDIA_OFFICIAL,https://www.bseindia.com/indices/IndexArchiveData/,2026-07-17T15:24:01,BSE_PRICE_INDEX
BSE_SMALLCAP,BSE SmallCap,2012-07-17,6638.10,,BSE_INDIA_OFFICIAL,https://www.bseindia.com/indices/IndexArchiveData/,2026-07-17T15:24:01,BSE_PRICE_INDEX
BSE_SMALLCAP,BSE SmallCap,2012-07-18,6657.53,,BSE_INDIA_OFFICIAL,https://www.bseindia.com/indices/IndexArchiveData/,2026-07-17T15:24:01,BSE_PRICE_INDEX
BSE_SMALLCAP,BSE SmallCap,2012-07-19,6682.47,,BSE_INDIA_OFFICIAL,https://www.bseindia.com/indices/IndexArchiveData/,2026-07-17T15:24:01,BSE_PRICE_INDEX
BSE_SMALLCAP,BSE SmallCap,2012-07-20,6675.35,,BSE_INDIA_OFFICIAL,https://www.bseindia.com/indices/IndexArchiveData/,2026-07-17T15:24:01,BSE_PRICE_INDEX
BSE_SMALLCAP,BSE SmallCap,2012-07-23,6599.20,,BSE_INDIA_OFFICIAL,https://www.bseindia.com/indices/IndexArchiveData/,2026-07-17T15:24:01,BSE_PRICE_INDEX
BSE_SMALLCAP,BSE SmallCap,2012-07-24,6608.00,,BSE_INDIA_OFFICIAL,https://www.bseindia.com/indices/IndexArchiveData/,2026-07-17T15:24:01,BSE_PRICE_INDEX
BSE_SMALLCAP,BSE SmallCap,2012-07-25,6555.87,,BSE_INDIA_OFFICIAL,https://www.bseindia.com/indices/IndexArchiveData/,2026-07-17T15:24:01,BSE_PRICE_INDEX
BSE_SMALLCAP,BSE SmallCap,2012-07-26,6420.07,,BSE_INDIA_OFFICIAL,https://www.bseindia.com/indices/IndexArchiveData/,2026-07-17T15:24:01,BSE_PRICE_INDEX
BSE_SMALLCAP,BSE SmallCap,2012-07-27,6357.60,,BSE_INDIA_OFFICIAL,https://www.bseindia.com/indices/IndexArchiveData/,2026-07-17T15:24:01,BSE_PRICE_INDEX
BSE_SMALLCAP,BSE SmallCap,2012-07-30,6439.79,,BSE_INDIA_OFFICIAL,https://www.bseindia.com/indices/IndexArchiveData/,2026-07-17T15:24:01,BSE_PRICE_INDEX
BSE_SMALLCAP,BSE SmallCap,2012-07-31,6447.89,,BSE_INDIA_OFFICIAL,https://www.bseindia.com/indices/IndexArchiveData/,2026-07-17T15:24:01,BSE_PRICE_INDEX
BSE_SMALLCAP,BSE SmallCap,2012-08-01,6520.30,,BSE_INDIA_OFFICIAL,https://www.bseindia.com/indices/IndexArchiveData/,2026-07-17T15:24:01,BSE_PRICE_INDEX
BSE_SMALLCAP,BSE SmallCap,2012-08-02,6550.79,,BSE_INDIA_OFFICIAL,https://www.bseindia.com/indices/IndexArchiveData/,2026-07-17T15:24:01,BSE_PRICE_INDEX
BSE_SMALLCAP,BSE SmallCap,2012-08-03,6545.70,,BSE_INDIA_OFFICIAL,https://www.bseindia.com/indices/IndexArchiveData/,2026-07-17T15:24:01,BSE_PRICE_INDEX
BSE_SMALLCAP,BSE SmallCap,2012-08-06,6597.21,,BSE_INDIA_OFFICIAL,https://www.bseindia.com/indices/IndexArchiveData/,2026-07-17T15:24:01,BSE_PRICE_INDEX
BSE_SMALLCAP,BSE SmallCap,2012-08-07,6620.79,,BSE_INDIA_OFFICIAL,https://www.bseindia.com/indices/IndexArchiveData/,2026-07-17T15:24:01,BSE_PRICE_INDEX
BSE_SMALLCAP,BSE SmallCap,2012-08-08,6595.87,,BSE_INDIA_OFFICIAL,https://www.bseindia.com/indices/IndexArchiveData/,2026-07-17T15:24:01,BSE_PRICE_INDEX
BSE_SMALLCAP,BSE SmallCap,2012-08-09,6568.63,,BSE_INDIA_OFFICIAL,https://www.bseindia.com/indices/IndexArchiveData/,2026-07-17T15:24:01,BSE_PRICE_INDEX
BSE_SMALLCAP,BSE SmallCap,2012-08-10,6549.77,,BSE_INDIA_OFFICIAL,https://www.bseindia.com/indices/IndexArchiveData/,2026-07-17T15:24:01,BSE_PRICE_INDEX
BSE_SMALLCAP,BSE SmallCap,2012-08-13,6579.92,,BSE_INDIA_OFFICIAL,https://www.bseindia.com/indices/IndexArchiveData/,2026-07-17T15:24:01,BSE_PRICE_INDEX
BSE_SMALLCAP,BSE SmallCap,2012-08-14,6596.40,,BSE_INDIA_OFFICIAL,https://www.bseindia.com/indices/IndexArchiveData/,2026-07-17T15:24:01,BSE_PRICE_INDEX
BSE_SMALLCAP,BSE SmallCap,2012-08-16,6614.07,,BSE_INDIA_OFFICIAL,https://www.bseindia.com/indices/IndexArchiveData/,2026-07-17T15:24:01,BSE_PRICE_INDEX
BSE_SMALLCAP,BSE SmallCap,2012-08-17,6615.25,,BSE_INDIA_OFFICIAL,https://www.bseindia.com/indices/IndexArchiveData/,2026-07-17T15:24:01,BSE_PRICE_INDEX
BSE_SMALLCAP,BSE SmallCap,2012-08-21,6649.68,,BSE_INDIA_OFFICIAL,https://www.bseindia.com/indices/IndexArchiveData/,2026-07-17T15:24:01,BSE_PRICE_INDEX
BSE_SMALLCAP,BSE SmallCap,2012-08-22,6634.77,,BSE_INDIA_OFFICIAL,https://www.bseindia.com/indices/IndexArchiveData/,2026-07-17T15:24:01,BSE_PRICE_INDEX
BSE_SMALLCAP,BSE SmallCap,2012-08-23,6626.53,,BSE_INDIA_OFFICIAL,https://www.bseindia.com/indices/IndexArchiveData/,2026-07-17T15:24:01,BSE_PRICE_INDEX
BSE_SMALLCAP,BSE SmallCap,2012-08-24,6574.78,,BSE_INDIA_OFFICIAL,https://www.bseindia.com/indices/IndexArchiveData/,2026-07-17T15:24:01,BSE_PRICE_INDEX
BSE_SMALLCAP,BSE SmallCap,2012-08-27,6511.59,,BSE_INDIA_OFFICIAL,https://www.bseindia.com/indices/IndexArchiveData/,2026-07-17T15:24:01,BSE_PRICE_INDEX
BSE_SMALLCAP,BSE SmallCap,2012-08-28,6419.06,,BSE_INDIA_OFFICIAL,https://www.bseindia.com/indices/IndexArchiveData/,2026-07-17T15:24:01,BSE_PRICE_INDEX
BSE_SMALLCAP,BSE SmallCap,2012-08-29,6364.32,,BSE_INDIA_OFFICIAL,https://www.bseindia.com/indices/IndexArchiveData/,2026-07-17T15:24:01,BSE_PRICE_INDEX
BSE_SMALLCAP,BSE SmallCap,2012-08-30,6381.27,,BSE_INDIA_OFFICIAL,https://www.bseindia.com/indices/IndexArchiveData/,2026-07-17T15:24:01,BSE_PRICE_INDEX
BSE_SMALLCAP,BSE SmallCap,2012-08-31,6395.09,,BSE_INDIA_OFFICIAL,https://www.bseindia.com/indices/IndexArchiveData/,2026-07-17T15:24:01,BSE_PRICE_INDEX
BSE_SMALLCAP,BSE SmallCap,2012-09-03,6397.28,,BSE_INDIA_OFFICIAL,https://www.bseindia.com/indices/IndexArchiveData/,2026-07-17T15:24:01,BSE_PRICE_INDEX
BSE_SMALLCAP,BSE SmallCap,2012-09-04,6422.53,,BSE_INDIA_OFFICIAL,https://www.bseindia.com/indices/IndexArchiveData/,2026-07-17T15:24:01,BSE_PRICE_INDEX
BSE_SMALLCAP,BSE SmallCap,2012-09-05,6391.36,,BSE_INDIA_OFFICIAL,https://www.bseindia.com/indices/IndexArchiveData/,2026-07-17T15:24:01,BSE_PRICE_INDEX
BSE_SMALLCAP,BSE SmallCap,2012-09-06,6406.94,,BSE_INDIA_OFFICIAL,https://www.bseindia.com/indices/IndexArchiveData/,2026-07-17T15:24:01,BSE_PRICE_INDEX
BSE_SMALLCAP,BSE SmallCap,2012-09-07,6455.70,,BSE_INDIA_OFFICIAL,https://www.bseindia.com/indices/IndexArchiveData/,2026-07-17T15:24:01,BSE_PRICE_INDEX
BSE_SMALLCAP,BSE SmallCap,2012-09-08,6496.23,,BSE_INDIA_OFFICIAL,https://www.bseindia.com/indices/IndexArchiveData/,2026-07-17T15:24:01,BSE_PRICE_INDEX
BSE_SMALLCAP,BSE SmallCap,2012-09-10,6541.65,,BSE_INDIA_OFFICIAL,https://www.bseindia.com/indices/IndexArchiveData/,2026-07-17T15:24:01,BSE_PRICE_INDEX
BSE_SMALLCAP,BSE SmallCap,2012-09-11,6579.68,,BSE_INDIA_OFFICIAL,https://www.bseindia.com/indices/IndexArchiveData/,2026-07-17T15:24:01,BSE_PRICE_INDEX
BSE_SMALLCAP,BSE SmallCap,2012-09-12,6610.08,,BSE_INDIA_OFFICIAL,https://www.bseindia.com/indices/IndexArchiveData/,2026-07-17T15:24:01,BSE_PRICE_INDEX
BSE_SMALLCAP,BSE SmallCap,2012-09-13,6593.54,,BSE_INDIA_OFFICIAL,https://www.bseindia.com/indices/IndexArchiveData/,2026-07-17T15:24:01,BSE_PRICE_INDEX
BSE_SMALLCAP,BSE SmallCap,2012-09-14,6623.12,,BSE_INDIA_OFFICIAL,https://www.bseindia.com/indices/IndexArchiveData/,2026-07-17T15:24:01,BSE_PRICE_INDEX
BSE_SMALLCAP,BSE SmallCap,2012-09-17,6697.66,,BSE_INDIA_OFFICIAL,https://www.bseindia.com/indices/IndexArchiveData/,2026-07-17T15:24:01,BSE_PRICE_INDEX
BSE_SMALLCAP,BSE SmallCap,2012-09-18,6746.66,,BSE_INDIA_OFFICIAL,https://www.bseindia.com/indices/IndexArchiveData/,2026-07-17T15:24:01,BSE_PRICE_INDEX
BSE_SMALLCAP,BSE SmallCap,2012-09-20,6710.97,,BSE_INDIA_OFFICIAL,https://www.bseindia.com/indices/IndexArchiveData/,2026-07-17T15:24:01,BSE_PRICE_INDEX
BSE_SMALLCAP,BSE SmallCap,2012-09-21,6809.21,,BSE_INDIA_OFFICIAL,https://www.bseindia.com/indices/IndexArchiveData/,2026-07-17T15:24:01,BSE_PRICE_INDEX
BSE_SMALLCAP,BSE SmallCap,2012-09-24,6866.91,,BSE_INDIA_OFFICIAL,https://www.bseindia.com/indices/IndexArchiveData/,2026-07-17T15:24:01,BSE_PRICE_INDEX
BSE_SMALLCAP,BSE SmallCap,2012-09-25,6903.15,,BSE_INDIA_OFFICIAL,https://www.bseindia.com/indices/IndexArchiveData/,2026-07-17T15:24:01,BSE_PRICE_INDEX
BSE_SMALLCAP,BSE SmallCap,2012-09-26,6947.84,,BSE_INDIA_OFFICIAL,https://www.bseindia.com/indices/IndexArchiveData/,2026-07-17T15:24:01,BSE_PRICE_INDEX
BSE_SMALLCAP,BSE SmallCap,2012-09-27,6958.46,,BSE_INDIA_OFFICIAL,https://www.bseindia.com/indices/IndexArchiveData/,2026-07-17T15:24:01,BSE_PRICE_INDEX
BSE_SMALLCAP,BSE SmallCap,2012-09-28,7017.89,,BSE_INDIA_OFFICIAL,https://www.bseindia.com/indices/IndexArchiveData/,2026-07-17T15:24:01,BSE_PRICE_INDEX
BSE_SMALLCAP,BSE SmallCap,2012-10-01,7117.36,,BSE_INDIA_OFFICIAL,https://www.bseindia.com/indices/IndexArchiveData/,2026-07-17T15:24:01,BSE_PRICE_INDEX
BSE_SMALLCAP,BSE SmallCap,2012-10-03,7186.01,,BSE_INDIA_OFFICIAL,https://www.bseindia.com/indices/IndexArchiveData/,2026-07-17T15:24:01,BSE_PRICE_INDEX
BSE_SMALLCAP,BSE SmallCap,2012-10-04,7210.87,,BSE_INDIA_OFFICIAL,https://www.bseindia.com/indices/IndexArchiveData/,2026-07-17T15:24:01,BSE_PRICE_INDEX
BSE_SMALLCAP,BSE SmallCap,2012-10-05,7145.71,,BSE_INDIA_OFFICIAL,https://www.bseindia.com/indices/IndexArchiveData/,2026-07-17T15:24:01,BSE_PRICE_INDEX
BSE_SMALLCAP,BSE SmallCap,2012-10-08,7134.07,,BSE_INDIA_OFFICIAL,https://www.bseindia.com/indices/IndexArchiveData/,2026-07-17T15:24:01,BSE_PRICE_INDEX
BSE_SMALLCAP,BSE SmallCap,2012-10-09,7157.38,,BSE_INDIA_OFFICIAL,https://www.bseindia.com/indices/IndexArchiveData/,2026-07-17T15:24:01,BSE_PRICE_INDEX
BSE_SMALLCAP,BSE SmallCap,2012-10-10,7048.17,,BSE_INDIA_OFFICIAL,https://www.bseindia.com/indices/IndexArchiveData/,2026-07-17T15:24:01,BSE_PRICE_INDEX
BSE_SMALLCAP,BSE SmallCap,2012-10-11,7107.66,,BSE_INDIA_OFFICIAL,https://www.bseindia.com/indices/IndexArchiveData/,2026-07-17T15:24:01,BSE_PRICE_INDEX
BSE_SMALLCAP,BSE SmallCap,2012-10-12,7109.73,,BSE_INDIA_OFFICIAL,https://www.bseindia.com/indices/IndexArchiveData/,2026-07-17T15:24:01,BSE_PRICE_INDEX
BSE_SMALLCAP,BSE SmallCap,2012-10-15,7140.25,,BSE_INDIA_OFFICIAL,https://www.bseindia.com/indices/IndexArchiveData/,2026-07-17T15:24:01,BSE_PRICE_INDEX
BSE_SMALLCAP,BSE SmallCap,2012-10-16,7111.01,,BSE_INDIA_OFFICIAL,https://www.bseindia.com/indices/IndexArchiveData/,2026-07-17T15:24:01,BSE_PRICE_INDEX
BSE_SMALLCAP,BSE SmallCap,2012-10-17,7132.34,,BSE_INDIA_OFFICIAL,https://www.bseindia.com/indices/IndexArchiveData/,2026-07-17T15:24:01,BSE_PRICE_INDEX
BSE_SMALLCAP,BSE SmallCap,2012-10-18,7193.89,,BSE_INDIA_OFFICIAL,https://www.bseindia.com/indices/IndexArchiveData/,2026-07-17T15:24:01,BSE_PRICE_INDEX
BSE_SMALLCAP,BSE SmallCap,2012-10-19,7169.75,,BSE_INDIA_OFFICIAL,https://www.bseindia.com/indices/IndexArchiveData/,2026-07-17T15:24:01,BSE_PRICE_INDEX
BSE_SMALLCAP,BSE SmallCap,2012-10-22,7191.65,,BSE_INDIA_OFFICIAL,https://www.bseindia.com/indices/IndexArchiveData/,2026-07-17T15:24:01,BSE_PRICE_INDEX
BSE_SMALLCAP,BSE SmallCap,2012-10-23,7173.49,,BSE_INDIA_OFFICIAL,https://www.bseindia.com/indices/IndexArchiveData/,2026-07-17T15:24:01,BSE_PRICE_INDEX
BSE_SMALLCAP,BSE SmallCap,2012-10-25,7161.41,,BSE_INDIA_OFFICIAL,https://www.bseindia.com/indices/IndexArchiveData/,2026-07-17T15:24:01,BSE_PRICE_INDEX
BSE_SMALLCAP,BSE SmallCap,2012-10-26,7086.24,,BSE_INDIA_OFFICIAL,https://www.bseindia.com/indices/IndexArchiveData/,2026-07-17T15:24:01,BSE_PRICE_INDEX
BSE_SMALLCAP,BSE SmallCap,2012-10-29,7043.62,,BSE_INDIA_OFFICIAL,https://www.bseindia.com/indices/IndexArchiveData/,2026-07-17T15:24:01,BSE_PRICE_INDEX
BSE_SMALLCAP,BSE SmallCap,2012-10-30,6954.74,,BSE_INDIA_OFFICIAL,https://www.bseindia.com/indices/IndexArchiveData/,2026-07-17T15:24:01,BSE_PRICE_INDEX
BSE_SMALLCAP,BSE SmallCap,2012-10-31,6989.17,,BSE_INDIA_OFFICIAL,https://www.bseindia.com/indices/IndexArchiveData/,2026-07-17T15:24:01,BSE_PRICE_INDEX
BSE_SMALLCAP,BSE SmallCap,2012-11-01,7041.47,,BSE_INDIA_OFFICIAL,https://www.bseindia.com/indices/IndexArchiveData/,2026-07-17T15:24:01,BSE_PRICE_INDEX
BSE_SMALLCAP,BSE SmallCap,2012-11-02,7064.38,,BSE_INDIA_OFFICIAL,https://www.bseindia.com/indices/IndexArchiveData/,2026-07-17T15:24:01,BSE_PRICE_INDEX
BSE_SMALLCAP,BSE SmallCap,2012-11-05,7057.09,,BSE_INDIA_OFFICIAL,https://www.bseindia.com/indices/IndexArchiveData/,2026-07-17T15:24:01,BSE_PRICE_INDEX
BSE_SMALLCAP,BSE SmallCap,2012-11-06,7082.13,,BSE_INDIA_OFFICIAL,https://www.bseindia.com/indices/IndexArchiveData/,2026-07-17T15:24:01,BSE_PRICE_INDEX
BSE_SMALLCAP,BSE SmallCap,2012-11-07,7133.83,,BSE_INDIA_OFFICIAL,https://www.bseindia.com/indices/IndexArchiveData/,2026-07-17T15:24:01,BSE_PRICE_INDEX
BSE_SMALLCAP,BSE SmallCap,2012-11-08,7119.02,,BSE_INDIA_OFFICIAL,https://www.bseindia.com/indices/IndexArchiveData/,2026-07-17T15:24:01,BSE_PRICE_INDEX
BSE_SMALLCAP,BSE SmallCap,2012-11-09,7069.65,,BSE_INDIA_OFFICIAL,https://www.bseindia.com/indices/IndexArchiveData/,2026-07-17T15:24:01,BSE_PRICE_INDEX
BSE_SMALLCAP,BSE SmallCap,2012-11-12,7084.03,,BSE_INDIA_OFFICIAL,https://www.bseindia.com/indices/IndexArchiveData/,2026-07-17T15:24:01,BSE_PRICE_INDEX
BSE_SMALLCAP,BSE SmallCap,2012-11-13,7172.15,,BSE_INDIA_OFFICIAL,https://www.bseindia.com/indices/IndexArchiveData/,2026-07-17T15:24:01,BSE_PRICE_INDEX
BSE_SMALLCAP,BSE SmallCap,2012-11-15,7191.99,,BSE_INDIA_OFFICIAL,https://www.bseindia.com/indices/IndexArchiveData/,2026-07-17T15:24:01,BSE_PRICE_INDEX
BSE_SMALLCAP,BSE SmallCap,2012-11-16,7110.75,,BSE_INDIA_OFFICIAL,https://www.bseindia.com/indices/IndexArchiveData/,2026-07-17T15:24:01,BSE_PRICE_INDEX
BSE_SMALLCAP,BSE SmallCap,2012-11-19,7050.54,,BSE_INDIA_OFFICIAL,https://www.bseindia.com/indices/IndexArchiveData/,2026-07-17T15:24:01,BSE_PRICE_INDEX
BSE_SMALLCAP,BSE SmallCap,2012-11-20,6988.46,,BSE_INDIA_OFFICIAL,https://www.bseindia.com/indices/IndexArchiveData/,2026-07-17T15:24:01,BSE_PRICE_INDEX
BSE_SMALLCAP,BSE SmallCap,2012-11-21,7015.48,,BSE_INDIA_OFFICIAL,https://www.bseindia.com/indices/IndexArchiveData/,2026-07-17T15:24:01,BSE_PRICE_INDEX
BSE_SMALLCAP,BSE SmallCap,2012-11-22,7042.95,,BSE_INDIA_OFFICIAL,https://www.bseindia.com/indices/IndexArchiveData/,2026-07-17T15:24:01,BSE_PRICE_INDEX
BSE_SMALLCAP,BSE SmallCap,2012-11-23,7057.11,,BSE_INDIA_OFFICIAL,https://www.bseindia.com/indices/IndexArchiveData/,2026-07-17T15:24:01,BSE_PRICE_INDEX
BSE_SMALLCAP,BSE SmallCap,2012-11-26,7117.40,,BSE_INDIA_OFFICIAL,https://www.bseindia.com/indices/IndexArchiveData/,2026-07-17T15:24:01,BSE_PRICE_INDEX
BSE_SMALLCAP,BSE SmallCap,2012-11-27,7183.47,,BSE_INDIA_OFFICIAL,https://www.bseindia.com/indices/IndexArchiveData/,2026-07-17T15:24:01,BSE_PRICE_INDEX
BSE_SMALLCAP,BSE SmallCap,2012-11-29,7216.12,,BSE_INDIA_OFFICIAL,https://www.bseindia.com/indices/IndexArchiveData/,2026-07-17T15:24:01,BSE_PRICE_INDEX
BSE_SMALLCAP,BSE SmallCap,2012-11-30,7275.65,,BSE_INDIA_OFFICIAL,https://www.bseindia.com/indices/IndexArchiveData/,2026-07-17T15:24:01,BSE_PRICE_INDEX
BSE_SMALLCAP,BSE SmallCap,2012-12-03,7338.13,,BSE_INDIA_OFFICIAL,https://www.bseindia.com/indices/IndexArchiveData/,2026-07-17T15:24:01,BSE_PRICE_INDEX
BSE_SMALLCAP,BSE SmallCap,2012-12-04,7381.73,,BSE_INDIA_OFFICIAL,https://www.bseindia.com/indices/IndexArchiveData/,2026-07-17T15:24:01,BSE_PRICE_INDEX
BSE_SMALLCAP,BSE SmallCap,2012-12-05,7419.82,,BSE_INDIA_OFFICIAL,https://www.bseindia.com/indices/IndexArchiveData/,2026-07-17T15:24:01,BSE_PRICE_INDEX
BSE_SMALLCAP,BSE SmallCap,2012-12-06,7453.77,,BSE_INDIA_OFFICIAL,https://www.bseindia.com/indices/IndexArchiveData/,2026-07-17T15:24:01,BSE_PRICE_INDEX
BSE_SMALLCAP,BSE SmallCap,2012-12-07,7445.98,,BSE_INDIA_OFFICIAL,https://www.bseindia.com/indices/IndexArchiveData/,2026-07-17T15:24:01,BSE_PRICE_INDEX
BSE_SMALLCAP,BSE SmallCap,2012-12-10,7470.08,,BSE_INDIA_OFFICIAL,https://www.bseindia.com/indices/IndexArchiveData/,2026-07-17T15:24:01,BSE_PRICE_INDEX
BSE_SMALLCAP,BSE SmallCap,2012-12-11,7402.10,,BSE_INDIA_OFFICIAL,https://www.bseindia.com/indices/IndexArchiveData/,2026-07-17T15:24:01,BSE_PRICE_INDEX
BSE_SMALLCAP,BSE SmallCap,2012-12-12,7420.17,,BSE_INDIA_OFFICIAL,https://www.bseindia.com/indices/IndexArchiveData/,2026-07-17T15:24:01,BSE_PRICE_INDEX
BSE_SMALLCAP,BSE SmallCap,2012-12-13,7348.17,,BSE_INDIA_OFFICIAL,https://www.bseindia.com/indices/IndexArchiveData/,2026-07-17T15:24:01,BSE_PRICE_INDEX
BSE_SMALLCAP,BSE SmallCap,2012-12-14,7353.72,,BSE_INDIA_OFFICIAL,https://www.bseindia.com/indices/IndexArchiveData/,2026-07-17T15:24:01,BSE_PRICE_INDEX
BSE_SMALLCAP,BSE SmallCap,2012-12-17,7387.33,,BSE_INDIA_OFFICIAL,https://www.bseindia.com/indices/IndexArchiveData/,2026-07-17T15:24:01,BSE_PRICE_INDEX
BSE_SMALLCAP,BSE SmallCap,2012-12-18,7431.17,,BSE_INDIA_OFFICIAL,https://www.bseindia.com/indices/IndexArchiveData/,2026-07-17T15:24:01,BSE_PRICE_INDEX
BSE_SMALLCAP,BSE SmallCap,2012-12-19,7463.51,,BSE_INDIA_OFFICIAL,https://www.bseindia.com/indices/IndexArchiveData/,2026-07-17T15:24:01,BSE_PRICE_INDEX
BSE_SMALLCAP,BSE SmallCap,2012-12-20,7434.86,,BSE_INDIA_OFFICIAL,https://www.bseindia.com/indices/IndexArchiveData/,2026-07-17T15:24:01,BSE_PRICE_INDEX
BSE_SMALLCAP,BSE SmallCap,2012-12-21,7325.51,,BSE_INDIA_OFFICIAL,https://www.bseindia.com/indices/IndexArchiveData/,2026-07-17T15:24:01,BSE_PRICE_INDEX
BSE_SMALLCAP,BSE SmallCap,2012-12-24,7348.99,,BSE_INDIA_OFFICIAL,https://www.bseindia.com/indices/IndexArchiveData/,2026-07-17T15:24:01,BSE_PRICE_INDEX
BSE_SMALLCAP,BSE SmallCap,2012-12-26,7375.80,,BSE_INDIA_OFFICIAL,https://www.bseindia.com/indices/IndexArchiveData/,2026-07-17T15:24:01,BSE_PRICE_INDEX
BSE_SMALLCAP,BSE SmallCap,2012-12-27,7321.67,,BSE_INDIA_OFFICIAL,https://www.bseindia.com/indices/IndexArchiveData/,2026-07-17T15:24:01,BSE_PRICE_INDEX
BSE_SMALLCAP,BSE SmallCap,2012-12-28,7342.20,,BSE_INDIA_OFFICIAL,https://www.bseindia.com/indices/IndexArchiveData/,2026-07-17T15:24:01,BSE_PRICE_INDEX
BSE_SMALLCAP,BSE SmallCap,2012-12-31,7379.94,,BSE_INDIA_OFFICIAL,https://www.bseindia.com/indices/IndexArchiveData/,2026-07-17T15:24:01,BSE_PRICE_INDEX
BSE_SMALLCAP,BSE SmallCap,2013-01-01,7452.88,,BSE_INDIA_OFFICIAL,https://www.bseindia.com/indices/IndexArchiveData/,2026-07-17T15:24:01,BSE_PRICE_INDEX
BSE_SMALLCAP,BSE SmallCap,2013-01-02,7519.83,,BSE_INDIA_OFFICIAL,https://www.bseindia.com/indices/IndexArchiveData/,2026-07-17T15:24:01,BSE_PRICE_INDEX
BSE_SMALLCAP,BSE SmallCap,2013-01-03,7589.41,,BSE_INDIA_OFFICIAL,https://www.bseindia.com/indices/IndexArchiveData/,2026-07-17T15:24:01,BSE_PRICE_INDEX
BSE_SMALLCAP,BSE SmallCap,2013-01-04,7615.60,,BSE_INDIA_OFFICIAL,https://www.bseindia.com/indices/IndexArchiveData/,2026-07-17T15:24:01,BSE_PRICE_INDEX
BSE_SMALLCAP,BSE SmallCap,2013-01-07,7657.34,,BSE_INDIA_OFFICIAL,https://www.bseindia.com/indices/IndexArchiveData/,2026-07-17T15:24:01,BSE_PRICE_INDEX
BSE_SMALLCAP,BSE SmallCap,2013-01-08,7634.80,,BSE_INDIA_OFFICIAL,https://www.bseindia.com/indices/IndexArchiveData/,2026-07-17T15:24:01,BSE_PRICE_INDEX
BSE_SMALLCAP,BSE SmallCap,2013-01-09,7615.98,,BSE_INDIA_OFFICIAL,https://www.bseindia.com/indices/IndexArchiveData/,2026-07-17T15:24:01,BSE_PRICE_INDEX
BSE_SMALLCAP,BSE SmallCap,2013-01-10,7574.51,,BSE_INDIA_OFFICIAL,https://www.bseindia.com/indices/IndexArchiveData/,2026-07-17T15:24:01,BSE_PRICE_INDEX
BSE_SMALLCAP,BSE SmallCap,2013-01-11,7454.76,,BSE_INDIA_OFFICIAL,https://www.bseindia.com/indices/IndexArchiveData/,2026-07-17T15:24:01,BSE_PRICE_INDEX
BSE_SMALLCAP,BSE SmallCap,2013-01-14,7509.65,,BSE_INDIA_OFFICIAL,https://www.bseindia.com/indices/IndexArchiveData/,2026-07-17T15:24:01,BSE_PRICE_INDEX
BSE_SMALLCAP,BSE SmallCap,2013-01-15,7504.83,,BSE_INDIA_OFFICIAL,https://www.bseindia.com/indices/IndexArchiveData/,2026-07-17T15:24:01,BSE_PRICE_INDEX
BSE_SMALLCAP,BSE SmallCap,2013-01-16,7411.71,,BSE_INDIA_OFFICIAL,https://www.bseindia.com/indices/IndexArchiveData/,2026-07-17T15:24:01,BSE_PRICE_INDEX
BSE_SMALLCAP,BSE SmallCap,2013-01-17,7409.18,,BSE_INDIA_OFFICIAL,https://www.bseindia.com/indices/IndexArchiveData/,2026-07-17T15:24:01,BSE_PRICE_INDEX
BSE_SMALLCAP,BSE SmallCap,2013-01-18,7370.34,,BSE_INDIA_OFFICIAL,https://www.bseindia.com/indices/IndexArchiveData/,2026-07-17T15:24:01,BSE_PRICE_INDEX
BSE_SMALLCAP,BSE SmallCap,2013-01-21,7371.65,,BSE_INDIA_OFFICIAL,https://www.bseindia.com/indices/IndexArchiveData/,2026-07-17T15:24:01,BSE_PRICE_INDEX
BSE_SMALLCAP,BSE SmallCap,2013-01-22,7312.28,,BSE_INDIA_OFFICIAL,https://www.bseindia.com/indices/IndexArchiveData/,2026-07-17T15:24:01,BSE_PRICE_INDEX
BSE_SMALLCAP,BSE SmallCap,2013-01-23,7246.78,,BSE_INDIA_OFFICIAL,https://www.bseindia.com/indices/IndexArchiveData/,2026-07-17T15:24:01,BSE_PRICE_INDEX
BSE_SMALLCAP,BSE SmallCap,2013-01-24,7069.84,,BSE_INDIA_OFFICIAL,https://www.bseindia.com/indices/IndexArchiveData/,2026-07-17T15:24:01,BSE_PRICE_INDEX
BSE_SMALLCAP,BSE SmallCap,2013-01-25,7142.71,,BSE_INDIA_OFFICIAL,https://www.bseindia.com/indices/IndexArchiveData/,2026-07-17T15:24:01,BSE_PRICE_INDEX
BSE_SMALLCAP,BSE SmallCap,2013-01-28,7162.05,,BSE_INDIA_OFFICIAL,https://www.bseindia.com/indices/IndexArchiveData/,2026-07-17T15:24:01,BSE_PRICE_INDEX
BSE_SMALLCAP,BSE SmallCap,2013-01-29,7096.94,,BSE_INDIA_OFFICIAL,https://www.bseindia.com/indices/IndexArchiveData/,2026-07-17T15:24:01,BSE_PRICE_INDEX
BSE_SMALLCAP,BSE SmallCap,2013-01-30,7081.73,,BSE_INDIA_OFFICIAL,https://www.bseindia.com/indices/IndexArchiveData/,2026-07-17T15:24:01,BSE_PRICE_INDEX
BSE_SMALLCAP,BSE SmallCap,2013-01-31,7074.07,,BSE_INDIA_OFFICIAL,https://www.bseindia.com/indices/IndexArchiveData/,2026-07-17T15:24:01,BSE_PRICE_INDEX
BSE_SMALLCAP,BSE SmallCap,2013-02-01,7056.48,,BSE_INDIA_OFFICIAL,https://www.bseindia.com/indices/IndexArchiveData/,2026-07-17T15:24:01,BSE_PRICE_INDEX
BSE_SMALLCAP,BSE SmallCap,2013-02-04,7006.73,,BSE_INDIA_OFFICIAL,https://www.bseindia.com/indices/IndexArchiveData/,2026-07-17T15:24:01,BSE_PRICE_INDEX
BSE_SMALLCAP,BSE SmallCap,2013-02-05,6935.67,,BSE_INDIA_OFFICIAL,https://www.bseindia.com/indices/IndexArchiveData/,2026-07-17T15:24:01,BSE_PRICE_INDEX
BSE_SMALLCAP,BSE SmallCap,2013-02-06,6952.46,,BSE_INDIA_OFFICIAL,https://www.bseindia.com/indices/IndexArchiveData/,2026-07-17T15:24:01,BSE_PRICE_INDEX
BSE_SMALLCAP,BSE SmallCap,2013-02-07,6859.10,,BSE_INDIA_OFFICIAL,https://www.bseindia.com/indices/IndexArchiveData/,2026-07-17T15:24:01,BSE_PRICE_INDEX
BSE_SMALLCAP,BSE SmallCap,2013-02-08,6794.14,,BSE_INDIA_OFFICIAL,https://www.bseindia.com/indices/IndexArchiveData/,2026-07-17T15:24:01,BSE_PRICE_INDEX
BSE_SMALLCAP,BSE SmallCap,2013-02-11,6773.11,,BSE_INDIA_OFFICIAL,https://www.bseindia.com/indices/IndexArchiveData/,2026-07-17T15:24:01,BSE_PRICE_INDEX
BSE_SMALLCAP,BSE SmallCap,2013-02-12,6738.77,,BSE_INDIA_OFFICIAL,https://www.bseindia.com/indices/IndexArchiveData/,2026-07-17T15:24:01,BSE_PRICE_INDEX
BSE_SMALLCAP,BSE SmallCap,2013-02-13,6707.53,,BSE_INDIA_OFFICIAL,https://www.bseindia.com/indices/IndexArchiveData/,2026-07-17T15:24:01,BSE_PRICE_INDEX
BSE_SMALLCAP,BSE SmallCap,2013-02-14,6583.07,,BSE_INDIA_OFFICIAL,https://www.bseindia.com/indices/IndexArchiveData/,2026-07-17T15:24:01,BSE_PRICE_INDEX
BSE_SMALLCAP,BSE SmallCap,2013-02-15,6540.92,,BSE_INDIA_OFFICIAL,https://www.bseindia.com/indices/IndexArchiveData/,2026-07-17T15:24:01,BSE_PRICE_INDEX
BSE_SMALLCAP,BSE SmallCap,2013-02-18,6587.48,,BSE_INDIA_OFFICIAL,https://www.bseindia.com/indices/IndexArchiveData/,2026-07-17T15:24:01,BSE_PRICE_INDEX
BSE_SMALLCAP,BSE SmallCap,2013-02-19,6649.73,,BSE_INDIA_OFFICIAL,https://www.bseindia.com/indices/IndexArchiveData/,2026-07-17T15:24:01,BSE_PRICE_INDEX
BSE_SMALLCAP,BSE SmallCap,2013-02-20,6673.72,,BSE_INDIA_OFFICIAL,https://www.bseindia.com/indices/IndexArchiveData/,2026-07-17T15:24:01,BSE_PRICE_INDEX
BSE_SMALLCAP,BSE SmallCap,2013-02-21,6557.61,,BSE_INDIA_OFFICIAL,https://www.bseindia.com/indices/IndexArchiveData/,2026-07-17T15:24:01,BSE_PRICE_INDEX
BSE_SMALLCAP,BSE SmallCap,2013-02-22,6564.76,,BSE_INDIA_OFFICIAL,https://www.bseindia.com/indices/IndexArchiveData/,2026-07-17T15:24:01,BSE_PRICE_INDEX
BSE_SMALLCAP,BSE SmallCap,2013-02-25,6475.65,,BSE_INDIA_OFFICIAL,https://www.bseindia.com/indices/IndexArchiveData/,2026-07-17T15:24:01,BSE_PRICE_INDEX
BSE_SMALLCAP,BSE SmallCap,2013-02-26,6318.36,,BSE_INDIA_OFFICIAL,https://www.bseindia.com/indices/IndexArchiveData/,2026-07-17T15:24:01,BSE_PRICE_INDEX
BSE_SMALLCAP,BSE SmallCap,2013-02-27,6331.05,,BSE_INDIA_OFFICIAL,https://www.bseindia.com/indices/IndexArchiveData/,2026-07-17T15:24:01,BSE_PRICE_INDEX
BSE_SMALLCAP,BSE SmallCap,2013-02-28,6206.22,,BSE_INDIA_OFFICIAL,https://www.bseindia.com/indices/IndexArchiveData/,2026-07-17T15:24:01,BSE_PRICE_INDEX
BSE_SMALLCAP,BSE SmallCap,2013-03-01,6195.32,,BSE_INDIA_OFFICIAL,https://www.bseindia.com/indices/IndexArchiveData/,2026-07-17T15:24:01,BSE_PRICE_INDEX
BSE_SMALLCAP,BSE SmallCap,2013-03-04,6078.12,,BSE_INDIA_OFFICIAL,https://www.bseindia.com/indices/IndexArchiveData/,2026-07-17T15:24:01,BSE_PRICE_INDEX
BSE_SMALLCAP,BSE SmallCap,2013-03-05,6145.89,,BSE_INDIA_OFFICIAL,https://www.bseindia.com/indices/IndexArchiveData/,2026-07-17T15:24:01,BSE_PRICE_INDEX
BSE_SMALLCAP,BSE SmallCap,2013-03-06,6238.02,,BSE_INDIA_OFFICIAL,https://www.bseindia.com/indices/IndexArchiveData/,2026-07-17T15:24:01,BSE_PRICE_INDEX
BSE_SMALLCAP,BSE SmallCap,2013-03-07,6290.76,,BSE_INDIA_OFFICIAL,https://www.bseindia.com/indices/IndexArchiveData/,2026-07-17T15:24:01,BSE_PRICE_INDEX
BSE_SMALLCAP,BSE SmallCap,2013-03-08,6333.78,,BSE_INDIA_OFFICIAL,https://www.bseindia.com/indices/IndexArchiveData/,2026-07-17T15:24:01,BSE_PRICE_INDEX
BSE_SMALLCAP,BSE SmallCap,2013-03-11,6351.34,,BSE_INDIA_OFFICIAL,https://www.bseindia.com/indices/IndexArchiveData/,2026-07-17T15:24:01,BSE_PRICE_INDEX
BSE_SMALLCAP,BSE SmallCap,2013-03-12,6317.65,,BSE_INDIA_OFFICIAL,https://www.bseindia.com/indices/IndexArchiveData/,2026-07-17T15:24:01,BSE_PRICE_INDEX
BSE_SMALLCAP,BSE SmallCap,2013-03-13,6237.64,,BSE_INDIA_OFFICIAL,https://www.bseindia.com/indices/IndexArchiveData/,2026-07-17T15:24:01,BSE_PRICE_INDEX
BSE_SMALLCAP,BSE SmallCap,2013-03-14,6231.76,,BSE_INDIA_OFFICIAL,https://www.bseindia.com/indices/IndexArchiveData/,2026-07-17T15:24:01,BSE_PRICE_INDEX
BSE_SMALLCAP,BSE SmallCap,2013-03-15,6179.53,,BSE_INDIA_OFFICIAL,https://www.bseindia.com/indices/IndexArchiveData/,2026-07-17T15:24:01,BSE_PRICE_INDEX
BSE_SMALLCAP,BSE SmallCap,2013-03-18,6137.85,,BSE_INDIA_OFFICIAL,https://www.bseindia.com/indices/IndexArchiveData/,2026-07-17T15:24:01,BSE_PRICE_INDEX
BSE_SMALLCAP,BSE SmallCap,2013-03-19,6041.78,,BSE_INDIA_OFFICIAL,https://www.bseindia.com/indices/IndexArchiveData/,2026-07-17T15:24:01,BSE_PRICE_INDEX
BSE_SMALLCAP,BSE SmallCap,2013-03-20,5901.60,,BSE_INDIA_OFFICIAL,https://www.bseindia.com/indices/IndexArchiveData/,2026-07-17T15:24:01,BSE_PRICE_INDEX
BSE_SMALLCAP,BSE SmallCap,2013-03-21,5829.10,,BSE_INDIA_OFFICIAL,https://www.bseindia.com/indices/IndexArchiveData/,2026-07-17T15:24:01,BSE_PRICE_INDEX
BSE_SMALLCAP,BSE SmallCap,2013-03-22,5772.93,,BSE_INDIA_OFFICIAL,https://www.bseindia.com/indices/IndexArchiveData/,2026-07-17T15:24:01,BSE_PRICE_INDEX
BSE_SMALLCAP,BSE SmallCap,2013-03-25,5726.91,,BSE_INDIA_OFFICIAL,https://www.bseindia.com/indices/IndexArchiveData/,2026-07-17T15:24:01,BSE_PRICE_INDEX
BSE_SMALLCAP,BSE SmallCap,2013-03-26,5729.03,,BSE_INDIA_OFFICIAL,https://www.bseindia.com/indices/IndexArchiveData/,2026-07-17T15:24:01,BSE_PRICE_INDEX
BSE_SMALLCAP,BSE SmallCap,2013-03-28,5804.65,,BSE_INDIA_OFFICIAL,https://www.bseindia.com/indices/IndexArchiveData/,2026-07-17T15:24:01,BSE_PRICE_INDEX
BSE_SMALLCAP,BSE SmallCap,2013-04-01,5938.17,,BSE_INDIA_OFFICIAL,https://www.bseindia.com/indices/IndexArchiveData/,2026-07-17T15:24:01,BSE_PRICE_INDEX
BSE_SMALLCAP,BSE SmallCap,2013-04-02,6073.78,,BSE_INDIA_OFFICIAL,https://www.bseindia.com/indices/IndexArchiveData/,2026-07-17T15:24:01,BSE_PRICE_INDEX
BSE_SMALLCAP,BSE SmallCap,2013-04-03,6048.75,,BSE_INDIA_OFFICIAL,https://www.bseindia.com/indices/IndexArchiveData/,2026-07-17T15:24:01,BSE_PRICE_INDEX
BSE_SMALLCAP,BSE SmallCap,2013-04-04,5923.07,,BSE_INDIA_OFFICIAL,https://www.bseindia.com/indices/IndexArchiveData/,2026-07-17T15:24:01,BSE_PRICE_INDEX
BSE_SMALLCAP,BSE SmallCap,2013-04-05,5914.39,,BSE_INDIA_OFFICIAL,https://www.bseindia.com/indices/IndexArchiveData/,2026-07-17T15:24:01,BSE_PRICE_INDEX
BSE_SMALLCAP,BSE SmallCap,2013-04-08,5906.74,,BSE_INDIA_OFFICIAL,https://www.bseindia.com/indices/IndexArchiveData/,2026-07-17T15:24:01,BSE_PRICE_INDEX
BSE_SMALLCAP,BSE SmallCap,2013-04-09,5856.92,,BSE_INDIA_OFFICIAL,https://www.bseindia.com/indices/IndexArchiveData/,2026-07-17T15:24:01,BSE_PRICE_INDEX
BSE_SMALLCAP,BSE SmallCap,2013-04-10,5857.63,,BSE_INDIA_OFFICIAL,https://www.bseindia.com/indices/IndexArchiveData/,2026-07-17T15:24:01,BSE_PRICE_INDEX
BSE_SMALLCAP,BSE SmallCap,2013-04-11,5894.84,,BSE_INDIA_OFFICIAL,https://www.bseindia.com/indices/IndexArchiveData/,2026-07-17T15:24:01,BSE_PRICE_INDEX
BSE_SMALLCAP,BSE SmallCap,2013-04-12,5872.11,,BSE_INDIA_OFFICIAL,https://www.bseindia.com/indices/IndexArchiveData/,2026-07-17T15:24:01,BSE_PRICE_INDEX
BSE_SMALLCAP,BSE SmallCap,2013-04-15,5897.52,,BSE_INDIA_OFFICIAL,https://www.bseindia.com/indices/IndexArchiveData/,2026-07-17T15:24:01,BSE_PRICE_INDEX
BSE_SMALLCAP,BSE SmallCap,2013-04-16,5922.71,,BSE_INDIA_OFFICIAL,https://www.bseindia.com/indices/IndexArchiveData/,2026-07-17T15:24:01,BSE_PRICE_INDEX
BSE_SMALLCAP,BSE SmallCap,2013-04-17,5940.30,,BSE_INDIA_OFFICIAL,https://www.bseindia.com/indices/IndexArchiveData/,2026-07-17T15:24:01,BSE_PRICE_INDEX
BSE_SMALLCAP,BSE SmallCap,2013-04-18,5975.59,,BSE_INDIA_OFFICIAL,https://www.bseindia.com/indices/IndexArchiveData/,2026-07-17T15:24:01,BSE_PRICE_INDEX
BSE_SMALLCAP,BSE SmallCap,2013-04-22,6029.50,,BSE_INDIA_OFFICIAL,https://www.bseindia.com/indices/IndexArchiveData/,2026-07-17T15:24:01,BSE_PRICE_INDEX
BSE_SMALLCAP,BSE SmallCap,2013-04-23,6051.90,,BSE_INDIA_OFFICIAL,https://www.bseindia.com/indices/IndexArchiveData/,2026-07-17T15:24:01,BSE_PRICE_INDEX
BSE_SMALLCAP,BSE SmallCap,2013-04-25,6057.17,,BSE_INDIA_OFFICIAL,https://www.bseindia.com/indices/IndexArchiveData/,2026-07-17T15:24:01,BSE_PRICE_INDEX
BSE_SMALLCAP,BSE SmallCap,2013-04-26,6023.86,,BSE_INDIA_OFFICIAL,https://www.bseindia.com/indices/IndexArchiveData/,2026-07-17T15:24:01,BSE_PRICE_INDEX
BSE_SMALLCAP,BSE SmallCap,2013-04-29,6040.18,,BSE_INDIA_OFFICIAL,https://www.bseindia.com/indices/IndexArchiveData/,2026-07-17T15:24:01,BSE_PRICE_INDEX
BSE_SMALLCAP,BSE SmallCap,2013-04-30,6021.16,,BSE_INDIA_OFFICIAL,https://www.bseindia.com/indices/IndexArchiveData/,2026-07-17T15:24:01,BSE_PRICE_INDEX
BSE_SMALLCAP,BSE SmallCap,2013-05-02,6055.73,,BSE_INDIA_OFFICIAL,https://www.bseindia.com/indices/IndexArchiveData/,2026-07-17T15:24:01,BSE_PRICE_INDEX
BSE_SMALLCAP,BSE SmallCap,2013-05-03,6032.38,,BSE_INDIA_OFFICIAL,https://www.bseindia.com/indices/IndexArchiveData/,2026-07-17T15:24:01,BSE_PRICE_INDEX
BSE_SMALLCAP,BSE SmallCap,2013-05-06,6090.16,,BSE_INDIA_OFFICIAL,https://www.bseindia.com/indices/IndexArchiveData/,2026-07-17T15:24:01,BSE_PRICE_INDEX
BSE_SMALLCAP,BSE SmallCap,2013-05-07,6126.49,,BSE_INDIA_OFFICIAL,https://www.bseindia.com/indices/IndexArchiveData/,2026-07-17T15:24:01,BSE_PRICE_INDEX
BSE_SMALLCAP,BSE SmallCap,2013-05-08,6155.40,,BSE_INDIA_OFFICIAL,https://www.bseindia.com/indices/IndexArchiveData/,2026-07-17T15:24:01,BSE_PRICE_INDEX
BSE_SMALLCAP,BSE SmallCap,2013-05-09,6152.70,,BSE_INDIA_OFFICIAL,https://www.bseindia.com/indices/IndexArchiveData/,2026-07-17T15:24:01,BSE_PRICE_INDEX
BSE_SMALLCAP,BSE SmallCap,2013-05-10,6166.34,,BSE_INDIA_OFFICIAL,https://www.bseindia.com/indices/IndexArchiveData/,2026-07-17T15:24:01,BSE_PRICE_INDEX
BSE_SMALLCAP,BSE SmallCap,2013-05-11,6186.46,,BSE_INDIA_OFFICIAL,https://www.bseindia.com/indices/IndexArchiveData/,2026-07-17T15:24:01,BSE_PRICE_INDEX
BSE_SMALLCAP,BSE SmallCap,2013-05-13,6114.25,,BSE_INDIA_OFFICIAL,https://www.bseindia.com/indices/IndexArchiveData/,2026-07-17T15:24:01,BSE_PRICE_INDEX
BSE_SMALLCAP,BSE SmallCap,2013-05-14,6116.67,,BSE_INDIA_OFFICIAL,https://www.bseindia.com/indices/IndexArchiveData/,2026-07-17T15:24:01,BSE_PRICE_INDEX
BSE_SMALLCAP,BSE SmallCap,2013-05-15,6176.89,,BSE_INDIA_OFFICIAL,https://www.bseindia.com/indices/IndexArchiveData/,2026-07-17T15:24:01,BSE_PRICE_INDEX
BSE_SMALLCAP,BSE SmallCap,2013-05-16,6190.94,,BSE_INDIA_OFFICIAL,https://www.bseindia.com/indices/IndexArchiveData/,2026-07-17T15:24:01,BSE_PRICE_INDEX
BSE_SMALLCAP,BSE SmallCap,2013-05-17,6199.19,,BSE_INDIA_OFFICIAL,https://www.bseindia.com/indices/IndexArchiveData/,2026-07-17T15:24:01,BSE_PRICE_INDEX
BSE_SMALLCAP,BSE SmallCap,2013-05-20,6186.65,,BSE_INDIA_OFFICIAL,https://www.bseindia.com/indices/IndexArchiveData/,2026-07-17T15:24:01,BSE_PRICE_INDEX
BSE_SMALLCAP,BSE SmallCap,2013-05-21,6159.83,,BSE_INDIA_OFFICIAL,https://www.bseindia.com/indices/IndexArchiveData/,2026-07-17T15:24:01,BSE_PRICE_INDEX
BSE_SMALLCAP,BSE SmallCap,2013-05-22,6109.07,,BSE_INDIA_OFFICIAL,https://www.bseindia.com/indices/IndexArchiveData/,2026-07-17T15:24:01,BSE_PRICE_INDEX
BSE_SMALLCAP,BSE SmallCap,2013-05-23,5974.45,,BSE_INDIA_OFFICIAL,https://www.bseindia.com/indices/IndexArchiveData/,2026-07-17T15:24:01,BSE_PRICE_INDEX
BSE_SMALLCAP,BSE SmallCap,2013-05-24,5992.46,,BSE_INDIA_OFFICIAL,https://www.bseindia.com/indices/IndexArchiveData/,2026-07-17T15:24:01,BSE_PRICE_INDEX
BSE_SMALLCAP,BSE SmallCap,2013-05-27,6039.78,,BSE_INDIA_OFFICIAL,https://www.bseindia.com/indices/IndexArchiveData/,2026-07-17T15:24:01,BSE_PRICE_INDEX
BSE_SMALLCAP,BSE SmallCap,2013-05-28,6068.62,,BSE_INDIA_OFFICIAL,https://www.bseindia.com/indices/IndexArchiveData/,2026-07-17T15:24:01,BSE_PRICE_INDEX
BSE_SMALLCAP,BSE SmallCap,2013-05-29,6058.72,,BSE_INDIA_OFFICIAL,https://www.bseindia.com/indices/IndexArchiveData/,2026-07-17T15:24:01,BSE_PRICE_INDEX
BSE_SMALLCAP,BSE SmallCap,2013-05-30,6037.43,,BSE_INDIA_OFFICIAL,https://www.bseindia.com/indices/IndexArchiveData/,2026-07-17T15:24:01,BSE_PRICE_INDEX
BSE_SMALLCAP,BSE SmallCap,2013-05-31,5943.46,,BSE_INDIA_OFFICIAL,https://www.bseindia.com/indices/IndexArchiveData/,2026-07-17T15:24:01,BSE_PRICE_INDEX
BSE_SMALLCAP,BSE SmallCap,2013-06-03,5936.06,,BSE_INDIA_OFFICIAL,https://www.bseindia.com/indices/IndexArchiveData/,2026-07-17T15:24:01,BSE_PRICE_INDEX
BSE_SMALLCAP,BSE SmallCap,2013-06-04,5952.22,,BSE_INDIA_OFFICIAL,https://www.bseindia.com/indices/IndexArchiveData/,2026-07-17T15:24:01,BSE_PRICE_INDEX
BSE_SMALLCAP,BSE SmallCap,2013-06-05,5959.49,,BSE_INDIA_OFFICIAL,https://www.bseindia.com/indices/IndexArchiveData/,2026-07-17T15:24:01,BSE_PRICE_INDEX
BSE_SMALLCAP,BSE SmallCap,2013-06-06,5968.12,,BSE_INDIA_OFFICIAL,https://www.bseindia.com/indices/IndexArchiveData/,2026-07-17T15:24:01,BSE_PRICE_INDEX
BSE_SMALLCAP,BSE SmallCap,2013-06-07,5962.31,,BSE_INDIA_OFFICIAL,https://www.bseindia.com/indices/IndexArchiveData/,2026-07-17T15:24:01,BSE_PRICE_INDEX
BSE_SMALLCAP,BSE SmallCap,2013-06-10,5915.24,,BSE_INDIA_OFFICIAL,https://www.bseindia.com/indices/IndexArchiveData/,2026-07-17T15:24:01,BSE_PRICE_INDEX
BSE_SMALLCAP,BSE SmallCap,2013-06-11,5807.46,,BSE_INDIA_OFFICIAL,https://www.bseindia.com/indices/IndexArchiveData/,2026-07-17T15:24:01,BSE_PRICE_INDEX
BSE_SMALLCAP,BSE SmallCap,2013-06-12,5775.07,,BSE_INDIA_OFFICIAL,https://www.bseindia.com/indices/IndexArchiveData/,2026-07-17T15:24:01,BSE_PRICE_INDEX
BSE_SMALLCAP,BSE SmallCap,2013-06-13,5713.73,,BSE_INDIA_OFFICIAL,https://www.bseindia.com/indices/IndexArchiveData/,2026-07-17T15:24:01,BSE_PRICE_INDEX
BSE_SMALLCAP,BSE SmallCap,2013-06-14,5772.45,,BSE_INDIA_OFFICIAL,https://www.bseindia.com/indices/IndexArchiveData/,2026-07-17T15:24:01,BSE_PRICE_INDEX
BSE_SMALLCAP,BSE SmallCap,2013-06-17,5795.22,,BSE_INDIA_OFFICIAL,https://www.bseindia.com/indices/IndexArchiveData/,2026-07-17T15:24:01,BSE_PRICE_INDEX
BSE_SMALLCAP,BSE SmallCap,2013-06-18,5809.53,,BSE_INDIA_OFFICIAL,https://www.bseindia.com/indices/IndexArchiveData/,2026-07-17T15:24:01,BSE_PRICE_INDEX
BSE_SMALLCAP,BSE SmallCap,2013-06-19,5838.77,,BSE_INDIA_OFFICIAL,https://www.bseindia.com/indices/IndexArchiveData/,2026-07-17T15:24:01,BSE_PRICE_INDEX
BSE_SMALLCAP,BSE SmallCap,2013-06-20,5738.07,,BSE_INDIA_OFFICIAL,https://www.bseindia.com/indices/IndexArchiveData/,2026-07-17T15:24:01,BSE_PRICE_INDEX
BSE_SMALLCAP,BSE SmallCap,2013-06-21,5717.30,,BSE_INDIA_OFFICIAL,https://www.bseindia.com/indices/IndexArchiveData/,2026-07-17T15:24:01,BSE_PRICE_INDEX
BSE_SMALLCAP,BSE SmallCap,2013-06-24,5593.63,,BSE_INDIA_OFFICIAL,https://www.bseindia.com/indices/IndexArchiveData/,2026-07-17T15:24:01,BSE_PRICE_INDEX
BSE_SMALLCAP,BSE SmallCap,2013-06-25,5570.25,,BSE_INDIA_OFFICIAL,https://www.bseindia.com/indices/IndexArchiveData/,2026-07-17T15:24:01,BSE_PRICE_INDEX
BSE_SMALLCAP,BSE SmallCap,2013-06-26,5549.67,,BSE_INDIA_OFFICIAL,https://www.bseindia.com/indices/IndexArchiveData/,2026-07-17T15:24:01,BSE_PRICE_INDEX
BSE_SMALLCAP,BSE SmallCap,2013-06-27,5567.25,,BSE_INDIA_OFFICIAL,https://www.bseindia.com/indices/IndexArchiveData/,2026-07-17T15:24:01,BSE_PRICE_INDEX
BSE_SMALLCAP,BSE SmallCap,2013-06-28,5643.52,,BSE_INDIA_OFFICIAL,https://www.bseindia.com/indices/IndexArchiveData/,2026-07-17T15:24:01,BSE_PRICE_INDEX
BSE_SMALLCAP,BSE SmallCap,2013-07-01,5753.44,,BSE_INDIA_OFFICIAL,https://www.bseindia.com/indices/IndexArchiveData/,2026-07-17T15:24:01,BSE_PRICE_INDEX
BSE_SMALLCAP,BSE SmallCap,2013-07-02,5747.95,,BSE_INDIA_OFFICIAL,https://www.bseindia.com/indices/IndexArchiveData/,2026-07-17T15:24:01,BSE_PRICE_INDEX
BSE_SMALLCAP,BSE SmallCap,2013-07-03,5665.40,,BSE_INDIA_OFFICIAL,https://www.bseindia.com/indices/IndexArchiveData/,2026-07-17T15:24:01,BSE_PRICE_INDEX
BSE_SMALLCAP,BSE SmallCap,2013-07-04,5677.08,,BSE_INDIA_OFFICIAL,https://www.bseindia.com/indices/IndexArchiveData/,2026-07-17T15:24:01,BSE_PRICE_INDEX
BSE_SMALLCAP,BSE SmallCap,2013-07-05,5692.05,,BSE_INDIA_OFFICIAL,https://www.bseindia.com/indices/IndexArchiveData/,2026-07-17T15:24:01,BSE_PRICE_INDEX
BSE_SMALLCAP,BSE SmallCap,2013-07-08,5670.28,,BSE_INDIA_OFFICIAL,https://www.bseindia.com/indices/IndexArchiveData/,2026-07-17T15:24:01,BSE_PRICE_INDEX
BSE_SMALLCAP,BSE SmallCap,2013-07-09,5712.08,,BSE_INDIA_OFFICIAL,https://www.bseindia.com/indices/IndexArchiveData/,2026-07-17T15:24:01,BSE_PRICE_INDEX
BSE_SMALLCAP,BSE SmallCap,2013-07-10,5710.02,,BSE_INDIA_OFFICIAL,https://www.bseindia.com/indices/IndexArchiveData/,2026-07-17T15:24:01,BSE_PRICE_INDEX
BSE_SMALLCAP,BSE SmallCap,2013-07-11,5747.84,,BSE_INDIA_OFFICIAL,https://www.bseindia.com/indices/IndexArchiveData/,2026-07-17T15:24:01,BSE_PRICE_INDEX
BSE_SMALLCAP,BSE SmallCap,2013-07-12,5737.16,,BSE_INDIA_OFFICIAL,https://www.bseindia.com/indices/IndexArchiveData/,2026-07-17T15:24:01,BSE_PRICE_INDEX
BSE_SMALLCAP,BSE SmallCap,2013-07-15,5782.86,,BSE_INDIA_OFFICIAL,https://www.bseindia.com/indices/IndexArchiveData/,2026-07-17T15:24:01,BSE_PRICE_INDEX
BSE_SMALLCAP,BSE SmallCap,2013-07-16,5737.39,,BSE_INDIA_OFFICIAL,https://www.bseindia.com/indices/IndexArchiveData/,2026-07-17T15:24:01,BSE_PRICE_INDEX
BSE_SMALLCAP,BSE SmallCap,2013-07-17,5725.02,,BSE_INDIA_OFFICIAL,https://www.bseindia.com/indices/IndexArchiveData/,2026-07-17T15:24:01,BSE_PRICE_INDEX
BSE_SMALLCAP,BSE SmallCap,2013-07-18,5738.71,,BSE_INDIA_OFFICIAL,https://www.bseindia.com/indices/IndexArchiveData/,2026-07-17T15:24:01,BSE_PRICE_INDEX
BSE_SMALLCAP,BSE SmallCap,2013-07-19,5706.48,,BSE_INDIA_OFFICIAL,https://www.bseindia.com/indices/IndexArchiveData/,2026-07-17T15:24:01,BSE_PRICE_INDEX
BSE_SMALLCAP,BSE SmallCap,2013-07-22,5688.21,,BSE_INDIA_OFFICIAL,https://www.bseindia.com/indices/IndexArchiveData/,2026-07-17T15:24:01,BSE_PRICE_INDEX
BSE_SMALLCAP,BSE SmallCap,2013-07-23,5682.48,,BSE_INDIA_OFFICIAL,https://www.bseindia.com/indices/IndexArchiveData/,2026-07-17T15:24:01,BSE_PRICE_INDEX
BSE_SMALLCAP,BSE SmallCap,2013-07-24,5601.87,,BSE_INDIA_OFFICIAL,https://www.bseindia.com/indices/IndexArchiveData/,2026-07-17T15:24:01,BSE_PRICE_INDEX
BSE_SMALLCAP,BSE SmallCap,2013-07-25,5562.19,,BSE_INDIA_OFFICIAL,https://www.bseindia.com/indices/IndexArchiveData/,2026-07-17T15:24:01,BSE_PRICE_INDEX
BSE_SMALLCAP,BSE SmallCap,2013-07-26,5516.32,,BSE_INDIA_OFFICIAL,https://www.bseindia.com/indices/IndexArchiveData/,2026-07-17T15:24:01,BSE_PRICE_INDEX
BSE_SMALLCAP,BSE SmallCap,2013-07-29,5468.92,,BSE_INDIA_OFFICIAL,https://www.bseindia.com/indices/IndexArchiveData/,2026-07-17T15:24:01,BSE_PRICE_INDEX
BSE_SMALLCAP,BSE SmallCap,2013-07-30,5360.56,,BSE_INDIA_OFFICIAL,https://www.bseindia.com/indices/IndexArchiveData/,2026-07-17T15:24:01,BSE_PRICE_INDEX
BSE_SMALLCAP,BSE SmallCap,2013-07-31,5311.06,,BSE_INDIA_OFFICIAL,https://www.bseindia.com/indices/IndexArchiveData/,2026-07-17T15:24:01,BSE_PRICE_INDEX
BSE_SMALLCAP,BSE SmallCap,2013-08-01,5247.08,,BSE_INDIA_OFFICIAL,https://www.bseindia.com/indices/IndexArchiveData/,2026-07-17T15:24:01,BSE_PRICE_INDEX
BSE_SMALLCAP,BSE SmallCap,2013-08-02,5178.03,,BSE_INDIA_OFFICIAL,https://www.bseindia.com/indices/IndexArchiveData/,2026-07-17T15:24:01,BSE_PRICE_INDEX
BSE_SMALLCAP,BSE SmallCap,2013-08-05,5193.61,,BSE_INDIA_OFFICIAL,https://www.bseindia.com/indices/IndexArchiveData/,2026-07-17T15:24:01,BSE_PRICE_INDEX
BSE_SMALLCAP,BSE SmallCap,2013-08-06,5101.24,,BSE_INDIA_OFFICIAL,https://www.bseindia.com/indices/IndexArchiveData/,2026-07-17T15:24:01,BSE_PRICE_INDEX
BSE_SMALLCAP,BSE SmallCap,2013-08-07,5165.97,,BSE_INDIA_OFFICIAL,https://www.bseindia.com/indices/IndexArchiveData/,2026-07-17T15:24:01,BSE_PRICE_INDEX
BSE_SMALLCAP,BSE SmallCap,2013-08-08,5234.25,,BSE_INDIA_OFFICIAL,https://www.bseindia.com/indices/IndexArchiveData/,2026-07-17T15:24:01,BSE_PRICE_INDEX
BSE_SMALLCAP,BSE SmallCap,2013-08-12,5315.98,,BSE_INDIA_OFFICIAL,https://www.bseindia.com/indices/IndexArchiveData/,2026-07-17T15:24:01,BSE_PRICE_INDEX
BSE_SMALLCAP,BSE SmallCap,2013-08-13,5369.42,,BSE_INDIA_OFFICIAL,https://www.bseindia.com/indices/IndexArchiveData/,2026-07-17T15:24:01,BSE_PRICE_INDEX
BSE_SMALLCAP,BSE SmallCap,2013-08-14,5385.49,,BSE_INDIA_OFFICIAL,https://www.bseindia.com/indices/IndexArchiveData/,2026-07-17T15:24:01,BSE_PRICE_INDEX
BSE_SMALLCAP,BSE SmallCap,2013-08-16,5269.44,,BSE_INDIA_OFFICIAL,https://www.bseindia.com/indices/IndexArchiveData/,2026-07-17T15:24:01,BSE_PRICE_INDEX
BSE_SMALLCAP,BSE SmallCap,2013-08-19,5211.48,,BSE_INDIA_OFFICIAL,https://www.bseindia.com/indices/IndexArchiveData/,2026-07-17T15:24:01,BSE_PRICE_INDEX
BSE_SMALLCAP,BSE SmallCap,2013-08-20,5223.20,,BSE_INDIA_OFFICIAL,https://www.bseindia.com/indices/IndexArchiveData/,2026-07-17T15:24:01,BSE_PRICE_INDEX
BSE_SMALLCAP,BSE SmallCap,2013-08-21,5181.12,,BSE_INDIA_OFFICIAL,https://www.bseindia.com/indices/IndexArchiveData/,2026-07-17T15:24:01,BSE_PRICE_INDEX
BSE_SMALLCAP,BSE SmallCap,2013-08-22,5208.86,,BSE_INDIA_OFFICIAL,https://www.bseindia.com/indices/IndexArchiveData/,2026-07-17T15:24:01,BSE_PRICE_INDEX
BSE_SMALLCAP,BSE SmallCap,2013-08-23,5247.51,,BSE_INDIA_OFFICIAL,https://www.bseindia.com/indices/IndexArchiveData/,2026-07-17T15:24:01,BSE_PRICE_INDEX
BSE_SMALLCAP,BSE SmallCap,2013-08-26,5289.45,,BSE_INDIA_OFFICIAL,https://www.bseindia.com/indices/IndexArchiveData/,2026-07-17T15:24:01,BSE_PRICE_INDEX
BSE_SMALLCAP,BSE SmallCap,2013-08-27,5199.66,,BSE_INDIA_OFFICIAL,https://www.bseindia.com/indices/IndexArchiveData/,2026-07-17T15:24:01,BSE_PRICE_INDEX
BSE_SMALLCAP,BSE SmallCap,2013-08-28,5145.47,,BSE_INDIA_OFFICIAL,https://www.bseindia.com/indices/IndexArchiveData/,2026-07-17T15:24:01,BSE_PRICE_INDEX
BSE_SMALLCAP,BSE SmallCap,2013-08-29,5180.73,,BSE_INDIA_OFFICIAL,https://www.bseindia.com/indices/IndexArchiveData/,2026-07-17T15:24:01,BSE_PRICE_INDEX
BSE_SMALLCAP,BSE SmallCap,2013-08-30,5191.25,,BSE_INDIA_OFFICIAL,https://www.bseindia.com/indices/IndexArchiveData/,2026-07-17T15:24:01,BSE_PRICE_INDEX
BSE_SMALLCAP,BSE SmallCap,2013-09-02,5243.79,,BSE_INDIA_OFFICIAL,https://www.bseindia.com/indices/IndexArchiveData/,2026-07-17T15:24:01,BSE_PRICE_INDEX
BSE_SMALLCAP,BSE SmallCap,2013-09-03,5193.94,,BSE_INDIA_OFFICIAL,https://www.bseindia.com/indices/IndexArchiveData/,2026-07-17T15:24:01,BSE_PRICE_INDEX
BSE_SMALLCAP,BSE SmallCap,2013-09-04,5230.96,,BSE_INDIA_OFFICIAL,https://www.bseindia.com/indices/IndexArchiveData/,2026-07-17T15:24:01,BSE_PRICE_INDEX
BSE_SMALLCAP,BSE SmallCap,2013-09-05,5310.31,,BSE_INDIA_OFFICIAL,https://www.bseindia.com/indices/IndexArchiveData/,2026-07-17T15:24:01,BSE_PRICE_INDEX
BSE_SMALLCAP,BSE SmallCap,2013-09-06,5343.81,,BSE_INDIA_OFFICIAL,https://www.bseindia.com/indices/IndexArchiveData/,2026-07-17T15:24:01,BSE_PRICE_INDEX
BSE_SMALLCAP,BSE SmallCap,2013-09-10,5402.81,,BSE_INDIA_OFFICIAL,https://www.bseindia.com/indices/IndexArchiveData/,2026-07-17T15:24:01,BSE_PRICE_INDEX
BSE_SMALLCAP,BSE SmallCap,2013-09-11,5462.77,,BSE_INDIA_OFFICIAL,https://www.bseindia.com/indices/IndexArchiveData/,2026-07-17T15:24:01,BSE_PRICE_INDEX
BSE_SMALLCAP,BSE SmallCap,2013-09-12,5476.54,,BSE_INDIA_OFFICIAL,https://www.bseindia.com/indices/IndexArchiveData/,2026-07-17T15:24:01,BSE_PRICE_INDEX
BSE_SMALLCAP,BSE SmallCap,2013-09-13,5509.42,,BSE_INDIA_OFFICIAL,https://www.bseindia.com/indices/IndexArchiveData/,2026-07-17T15:24:01,BSE_PRICE_INDEX
BSE_SMALLCAP,BSE SmallCap,2013-09-16,5477.71,,BSE_INDIA_OFFICIAL,https://www.bseindia.com/indices/IndexArchiveData/,2026-07-17T15:24:01,BSE_PRICE_INDEX
BSE_SMALLCAP,BSE SmallCap,2013-09-17,5473.20,,BSE_INDIA_OFFICIAL,https://www.bseindia.com/indices/IndexArchiveData/,2026-07-17T15:24:01,BSE_PRICE_INDEX
BSE_SMALLCAP,BSE SmallCap,2013-09-18,5477.47,,BSE_INDIA_OFFICIAL,https://www.bseindia.com/indices/IndexArchiveData/,2026-07-17T15:24:01,BSE_PRICE_INDEX
BSE_SMALLCAP,BSE SmallCap,2013-09-19,5541.25,,BSE_INDIA_OFFICIAL,https://www.bseindia.com/indices/IndexArchiveData/,2026-07-17T15:24:01,BSE_PRICE_INDEX
BSE_SMALLCAP,BSE SmallCap,2013-09-20,5485.30,,BSE_INDIA_OFFICIAL,https://www.bseindia.com/indices/IndexArchiveData/,2026-07-17T15:24:01,BSE_PRICE_INDEX
BSE_SMALLCAP,BSE SmallCap,2013-09-23,5453.36,,BSE_INDIA_OFFICIAL,https://www.bseindia.com/indices/IndexArchiveData/,2026-07-17T15:24:01,BSE_PRICE_INDEX
BSE_SMALLCAP,BSE SmallCap,2013-09-24,5452.51,,BSE_INDIA_OFFICIAL,https://www.bseindia.com/indices/IndexArchiveData/,2026-07-17T15:24:01,BSE_PRICE_INDEX
BSE_SMALLCAP,BSE SmallCap,2013-09-25,5448.64,,BSE_INDIA_OFFICIAL,https://www.bseindia.com/indices/IndexArchiveData/,2026-07-17T15:24:01,BSE_PRICE_INDEX
BSE_SMALLCAP,BSE SmallCap,2013-09-26,5479.62,,BSE_INDIA_OFFICIAL,https://www.bseindia.com/indices/IndexArchiveData/,2026-07-17T15:24:01,BSE_PRICE_INDEX
BSE_SMALLCAP,BSE SmallCap,2013-09-27,5496.88,,BSE_INDIA_OFFICIAL,https://www.bseindia.com/indices/IndexArchiveData/,2026-07-17T15:24:01,BSE_PRICE_INDEX
BSE_SMALLCAP,BSE SmallCap,2013-09-30,5466.24,,BSE_INDIA_OFFICIAL,https://www.bseindia.com/indices/IndexArchiveData/,2026-07-17T15:24:01,BSE_PRICE_INDEX
BSE_SMALLCAP,BSE SmallCap,2013-10-01,5492.13,,BSE_INDIA_OFFICIAL,https://www.bseindia.com/indices/IndexArchiveData/,2026-07-17T15:24:01,BSE_PRICE_INDEX
BSE_SMALLCAP,BSE SmallCap,2013-10-03,5538.61,,BSE_INDIA_OFFICIAL,https://www.bseindia.com/indices/IndexArchiveData/,2026-07-17T15:24:01,BSE_PRICE_INDEX
BSE_SMALLCAP,BSE SmallCap,2013-10-04,5565.54,,BSE_INDIA_OFFICIAL,https://www.bseindia.com/indices/IndexArchiveData/,2026-07-17T15:24:01,BSE_PRICE_INDEX
BSE_SMALLCAP,BSE SmallCap,2013-10-07,5591.79,,BSE_INDIA_OFFICIAL,https://www.bseindia.com/indices/IndexArchiveData/,2026-07-17T15:24:01,BSE_PRICE_INDEX
BSE_SMALLCAP,BSE SmallCap,2013-10-08,5621.34,,BSE_INDIA_OFFICIAL,https://www.bseindia.com/indices/IndexArchiveData/,2026-07-17T15:24:01,BSE_PRICE_INDEX
BSE_SMALLCAP,BSE SmallCap,2013-10-09,5651.71,,BSE_INDIA_OFFICIAL,https://www.bseindia.com/indices/IndexArchiveData/,2026-07-17T15:24:01,BSE_PRICE_INDEX
BSE_SMALLCAP,BSE SmallCap,2013-10-10,5691.51,,BSE_INDIA_OFFICIAL,https://www.bseindia.com/indices/IndexArchiveData/,2026-07-17T15:24:01,BSE_PRICE_INDEX
BSE_SMALLCAP,BSE SmallCap,2013-10-11,5718.33,,BSE_INDIA_OFFICIAL,https://www.bseindia.com/indices/IndexArchiveData/,2026-07-17T15:24:01,BSE_PRICE_INDEX
BSE_SMALLCAP,BSE SmallCap,2013-10-14,5747.69,,BSE_INDIA_OFFICIAL,https://www.bseindia.com/indices/IndexArchiveData/,2026-07-17T15:24:01,BSE_PRICE_INDEX
BSE_SMALLCAP,BSE SmallCap,2013-10-15,5693.21,,BSE_INDIA_OFFICIAL,https://www.bseindia.com/indices/IndexArchiveData/,2026-07-17T15:24:01,BSE_PRICE_INDEX
BSE_SMALLCAP,BSE SmallCap,2013-10-17,5699.98,,BSE_INDIA_OFFICIAL,https://www.bseindia.com/indices/IndexArchiveData/,2026-07-17T15:24:01,BSE_PRICE_INDEX
BSE_SMALLCAP,BSE SmallCap,2013-10-18,5737.88,,BSE_INDIA_OFFICIAL,https://www.bseindia.com/indices/IndexArchiveData/,2026-07-17T15:24:01,BSE_PRICE_INDEX
BSE_SMALLCAP,BSE SmallCap,2013-10-21,5810.83,,BSE_INDIA_OFFICIAL,https://www.bseindia.com/indices/IndexArchiveData/,2026-07-17T15:24:01,BSE_PRICE_INDEX
BSE_SMALLCAP,BSE SmallCap,2013-10-22,5871.38,,BSE_INDIA_OFFICIAL,https://www.bseindia.com/indices/IndexArchiveData/,2026-07-17T15:24:01,BSE_PRICE_INDEX
BSE_SMALLCAP,BSE SmallCap,2013-10-23,5855.97,,BSE_INDIA_OFFICIAL,https://www.bseindia.com/indices/IndexArchiveData/,2026-07-17T15:24:01,BSE_PRICE_INDEX
BSE_SMALLCAP,BSE SmallCap,2013-10-24,5853.10,,BSE_INDIA_OFFICIAL,https://www.bseindia.com/indices/IndexArchiveData/,2026-07-17T15:24:01,BSE_PRICE_INDEX
BSE_SMALLCAP,BSE SmallCap,2013-10-25,5825.75,,BSE_INDIA_OFFICIAL,https://www.bseindia.com/indices/IndexArchiveData/,2026-07-17T15:24:01,BSE_PRICE_INDEX
BSE_SMALLCAP,BSE SmallCap,2013-10-28,5797.28,,BSE_INDIA_OFFICIAL,https://www.bseindia.com/indices/IndexArchiveData/,2026-07-17T15:24:01,BSE_PRICE_INDEX
BSE_SMALLCAP,BSE SmallCap,2013-10-29,5827.47,,BSE_INDIA_OFFICIAL,https://www.bseindia.com/indices/IndexArchiveData/,2026-07-17T15:24:01,BSE_PRICE_INDEX
BSE_SMALLCAP,BSE SmallCap,2013-10-30,5864.79,,BSE_INDIA_OFFICIAL,https://www.bseindia.com/indices/IndexArchiveData/,2026-07-17T15:24:01,BSE_PRICE_INDEX
BSE_SMALLCAP,BSE SmallCap,2013-10-31,5896.11,,BSE_INDIA_OFFICIAL,https://www.bseindia.com/indices/IndexArchiveData/,2026-07-17T15:24:01,BSE_PRICE_INDEX
BSE_SMALLCAP,BSE SmallCap,2013-11-01,5939.60,,BSE_INDIA_OFFICIAL,https://www.bseindia.com/indices/IndexArchiveData/,2026-07-17T15:24:01,BSE_PRICE_INDEX
BSE_SMALLCAP,BSE SmallCap,2013-11-03,6020.79,,BSE_INDIA_OFFICIAL,https://www.bseindia.com/indices/IndexArchiveData/,2026-07-17T15:24:01,BSE_PRICE_INDEX
BSE_SMALLCAP,BSE SmallCap,2013-11-05,6053.56,,BSE_INDIA_OFFICIAL,https://www.bseindia.com/indices/IndexArchiveData/,2026-07-17T15:24:01,BSE_PRICE_INDEX
BSE_SMALLCAP,BSE SmallCap,2013-11-06,6099.74,,BSE_INDIA_OFFICIAL,https://www.bseindia.com/indices/IndexArchiveData/,2026-07-17T15:24:01,BSE_PRICE_INDEX
BSE_SMALLCAP,BSE SmallCap,2013-11-07,6030.12,,BSE_INDIA_OFFICIAL,https://www.bseindia.com/indices/IndexArchiveData/,2026-07-17T15:24:01,BSE_PRICE_INDEX
BSE_SMALLCAP,BSE SmallCap,2013-11-08,6013.09,,BSE_INDIA_OFFICIAL,https://www.bseindia.com/indices/IndexArchiveData/,2026-07-17T15:24:01,BSE_PRICE_INDEX
BSE_SMALLCAP,BSE SmallCap,2013-11-11,5976.24,,BSE_INDIA_OFFICIAL,https://www.bseindia.com/indices/IndexArchiveData/,2026-07-17T15:24:01,BSE_PRICE_INDEX
BSE_SMALLCAP,BSE SmallCap,2013-11-12,5930.58,,BSE_INDIA_OFFICIAL,https://www.bseindia.com/indices/IndexArchiveData/,2026-07-17T15:24:01,BSE_PRICE_INDEX
BSE_SMALLCAP,BSE SmallCap,2013-11-13,5891.97,,BSE_INDIA_OFFICIAL,https://www.bseindia.com/indices/IndexArchiveData/,2026-07-17T15:24:01,BSE_PRICE_INDEX
BSE_SMALLCAP,BSE SmallCap,2013-11-14,5956.17,,BSE_INDIA_OFFICIAL,https://www.bseindia.com/indices/IndexArchiveData/,2026-07-17T15:24:01,BSE_PRICE_INDEX
BSE_SMALLCAP,BSE SmallCap,2013-11-18,6013.30,,BSE_INDIA_OFFICIAL,https://www.bseindia.com/indices/IndexArchiveData/,2026-07-17T15:24:01,BSE_PRICE_INDEX
BSE_SMALLCAP,BSE SmallCap,2013-11-19,6032.67,,BSE_INDIA_OFFICIAL,https://www.bseindia.com/indices/IndexArchiveData/,2026-07-17T15:24:01,BSE_PRICE_INDEX
BSE_SMALLCAP,BSE SmallCap,2013-11-20,6046.34,,BSE_INDIA_OFFICIAL,https://www.bseindia.com/indices/IndexArchiveData/,2026-07-17T15:24:01,BSE_PRICE_INDEX
BSE_SMALLCAP,BSE SmallCap,2013-11-21,5991.20,,BSE_INDIA_OFFICIAL,https://www.bseindia.com/indices/IndexArchiveData/,2026-07-17T15:24:01,BSE_PRICE_INDEX
BSE_SMALLCAP,BSE SmallCap,2013-11-22,5994.11,,BSE_INDIA_OFFICIAL,https://www.bseindia.com/indices/IndexArchiveData/,2026-07-17T15:24:01,BSE_PRICE_INDEX
BSE_SMALLCAP,BSE SmallCap,2013-11-25,6052.45,,BSE_INDIA_OFFICIAL,https://www.bseindia.com/indices/IndexArchiveData/,2026-07-17T15:24:01,BSE_PRICE_INDEX
BSE_SMALLCAP,BSE SmallCap,2013-11-26,6002.22,,BSE_INDIA_OFFICIAL,https://www.bseindia.com/indices/IndexArchiveData/,2026-07-17T15:24:01,BSE_PRICE_INDEX
BSE_SMALLCAP,BSE SmallCap,2013-11-27,5993.87,,BSE_INDIA_OFFICIAL,https://www.bseindia.com/indices/IndexArchiveData/,2026-07-17T15:24:01,BSE_PRICE_INDEX
BSE_SMALLCAP,BSE SmallCap,2013-11-28,6048.96,,BSE_INDIA_OFFICIAL,https://www.bseindia.com/indices/IndexArchiveData/,2026-07-17T15:24:01,BSE_PRICE_INDEX
BSE_SMALLCAP,BSE SmallCap,2013-11-29,6099.52,,BSE_INDIA_OFFICIAL,https://www.bseindia.com/indices/IndexArchiveData/,2026-07-17T15:24:01,BSE_PRICE_INDEX
BSE_SMALLCAP,BSE SmallCap,2013-12-02,6166.16,,BSE_INDIA_OFFICIAL,https://www.bseindia.com/indices/IndexArchiveData/,2026-07-17T15:24:01,BSE_PRICE_INDEX
BSE_SMALLCAP,BSE SmallCap,2013-12-03,6182.81,,BSE_INDIA_OFFICIAL,https://www.bseindia.com/indices/IndexArchiveData/,2026-07-17T15:24:01,BSE_PRICE_INDEX
BSE_SMALLCAP,BSE SmallCap,2013-12-04,6178.86,,BSE_INDIA_OFFICIAL,https://www.bseindia.com/indices/IndexArchiveData/,2026-07-17T15:24:01,BSE_PRICE_INDEX
BSE_SMALLCAP,BSE SmallCap,2013-12-05,6203.00,,BSE_INDIA_OFFICIAL,https://www.bseindia.com/indices/IndexArchiveData/,2026-07-17T15:24:01,BSE_PRICE_INDEX
BSE_SMALLCAP,BSE SmallCap,2013-12-06,6225.77,,BSE_INDIA_OFFICIAL,https://www.bseindia.com/indices/IndexArchiveData/,2026-07-17T15:24:01,BSE_PRICE_INDEX
BSE_SMALLCAP,BSE SmallCap,2013-12-09,6250.03,,BSE_INDIA_OFFICIAL,https://www.bseindia.com/indices/IndexArchiveData/,2026-07-17T15:24:01,BSE_PRICE_INDEX
BSE_SMALLCAP,BSE SmallCap,2013-12-10,6205.11,,BSE_INDIA_OFFICIAL,https://www.bseindia.com/indices/IndexArchiveData/,2026-07-17T15:24:01,BSE_PRICE_INDEX
BSE_SMALLCAP,BSE SmallCap,2013-12-11,6209.86,,BSE_INDIA_OFFICIAL,https://www.bseindia.com/indices/IndexArchiveData/,2026-07-17T15:24:01,BSE_PRICE_INDEX
BSE_SMALLCAP,BSE SmallCap,2013-12-12,6189.90,,BSE_INDIA_OFFICIAL,https://www.bseindia.com/indices/IndexArchiveData/,2026-07-17T15:24:01,BSE_PRICE_INDEX
BSE_SMALLCAP,BSE SmallCap,2013-12-13,6131.12,,BSE_INDIA_OFFICIAL,https://www.bseindia.com/indices/IndexArchiveData/,2026-07-17T15:24:01,BSE_PRICE_INDEX
BSE_SMALLCAP,BSE SmallCap,2013-12-16,6152.91,,BSE_INDIA_OFFICIAL,https://www.bseindia.com/indices/IndexArchiveData/,2026-07-17T15:24:01,BSE_PRICE_INDEX
BSE_SMALLCAP,BSE SmallCap,2013-12-17,6150.65,,BSE_INDIA_OFFICIAL,https://www.bseindia.com/indices/IndexArchiveData/,2026-07-17T15:24:01,BSE_PRICE_INDEX
BSE_SMALLCAP,BSE SmallCap,2013-12-18,6220.03,,BSE_INDIA_OFFICIAL,https://www.bseindia.com/indices/IndexArchiveData/,2026-07-17T15:24:01,BSE_PRICE_INDEX
BSE_SMALLCAP,BSE SmallCap,2013-12-19,6212.29,,BSE_INDIA_OFFICIAL,https://www.bseindia.com/indices/IndexArchiveData/,2026-07-17T15:24:01,BSE_PRICE_INDEX
BSE_SMALLCAP,BSE SmallCap,2013-12-20,6291.96,,BSE_INDIA_OFFICIAL,https://www.bseindia.com/indices/IndexArchiveData/,2026-07-17T15:24:01,BSE_PRICE_INDEX
BSE_SMALLCAP,BSE SmallCap,2013-12-23,6367.46,,BSE_INDIA_OFFICIAL,https://www.bseindia.com/indices/IndexArchiveData/,2026-07-17T15:24:01,BSE_PRICE_INDEX
BSE_SMALLCAP,BSE SmallCap,2013-12-24,6433.61,,BSE_INDIA_OFFICIAL,https://www.bseindia.com/indices/IndexArchiveData/,2026-07-17T15:24:01,BSE_PRICE_INDEX
BSE_SMALLCAP,BSE SmallCap,2013-12-26,6507.67,,BSE_INDIA_OFFICIAL,https://www.bseindia.com/indices/IndexArchiveData/,2026-07-17T15:24:01,BSE_PRICE_INDEX
BSE_SMALLCAP,BSE SmallCap,2013-12-27,6516.08,,BSE_INDIA_OFFICIAL,https://www.bseindia.com/indices/IndexArchiveData/,2026-07-17T15:24:01,BSE_PRICE_INDEX
BSE_SMALLCAP,BSE SmallCap,2013-12-30,6530.20,,BSE_INDIA_OFFICIAL,https://www.bseindia.com/indices/IndexArchiveData/,2026-07-17T15:24:01,BSE_PRICE_INDEX
BSE_SMALLCAP,BSE SmallCap,2013-12-31,6551.13,,BSE_INDIA_OFFICIAL,https://www.bseindia.com/indices/IndexArchiveData/,2026-07-17T15:24:01,BSE_PRICE_INDEX
BSE_SMALLCAP,BSE SmallCap,2014-01-01,6649.16,,BSE_INDIA_OFFICIAL,https://www.bseindia.com/indices/IndexArchiveData/,2026-07-17T15:24:01,BSE_PRICE_INDEX
BSE_SMALLCAP,BSE SmallCap,2014-01-02,6514.24,,BSE_INDIA_OFFICIAL,https://www.bseindia.com/indices/IndexArchiveData/,2026-07-17T15:24:01,BSE_PRICE_INDEX
BSE_SMALLCAP,BSE SmallCap,2014-01-03,6553.00,,BSE_INDIA_OFFICIAL,https://www.bseindia.com/indices/IndexArchiveData/,2026-07-17T15:24:01,BSE_PRICE_INDEX
BSE_SMALLCAP,BSE SmallCap,2014-01-06,6615.03,,BSE_INDIA_OFFICIAL,https://www.bseindia.com/indices/IndexArchiveData/,2026-07-17T15:24:01,BSE_PRICE_INDEX
BSE_SMALLCAP,BSE SmallCap,2014-01-07,6639.11,,BSE_INDIA_OFFICIAL,https://www.bseindia.com/indices/IndexArchiveData/,2026-07-17T15:24:01,BSE_PRICE_INDEX
BSE_SMALLCAP,BSE SmallCap,2014-01-08,6658.46,,BSE_INDIA_OFFICIAL,https://www.bseindia.com/indices/IndexArchiveData/,2026-07-17T15:24:01,BSE_PRICE_INDEX
BSE_SMALLCAP,BSE SmallCap,2014-01-09,6611.03,,BSE_INDIA_OFFICIAL,https://www.bseindia.com/indices/IndexArchiveData/,2026-07-17T15:24:01,BSE_PRICE_INDEX
BSE_SMALLCAP,BSE SmallCap,2014-01-10,6569.79,,BSE_INDIA_OFFICIAL,https://www.bseindia.com/indices/IndexArchiveData/,2026-07-17T15:24:01,BSE_PRICE_INDEX
BSE_SMALLCAP,BSE SmallCap,2014-01-13,6594.32,,BSE_INDIA_OFFICIAL,https://www.bseindia.com/indices/IndexArchiveData/,2026-07-17T15:24:01,BSE_PRICE_INDEX
BSE_SMALLCAP,BSE SmallCap,2014-01-14,6581.22,,BSE_INDIA_OFFICIAL,https://www.bseindia.com/indices/IndexArchiveData/,2026-07-17T15:24:01,BSE_PRICE_INDEX
BSE_SMALLCAP,BSE SmallCap,2014-01-15,6600.88,,BSE_INDIA_OFFICIAL,https://www.bseindia.com/indices/IndexArchiveData/,2026-07-17T15:24:01,BSE_PRICE_INDEX
BSE_SMALLCAP,BSE SmallCap,2014-01-16,6583.95,,BSE_INDIA_OFFICIAL,https://www.bseindia.com/indices/IndexArchiveData/,2026-07-17T15:24:01,BSE_PRICE_INDEX
BSE_SMALLCAP,BSE SmallCap,2014-01-17,6476.76,,BSE_INDIA_OFFICIAL,https://www.bseindia.com/indices/IndexArchiveData/,2026-07-17T15:24:01,BSE_PRICE_INDEX
BSE_SMALLCAP,BSE SmallCap,2014-01-20,6527.77,,BSE_INDIA_OFFICIAL,https://www.bseindia.com/indices/IndexArchiveData/,2026-07-17T15:24:01,BSE_PRICE_INDEX
BSE_SMALLCAP,BSE SmallCap,2014-01-21,6553.01,,BSE_INDIA_OFFICIAL,https://www.bseindia.com/indices/IndexArchiveData/,2026-07-17T15:24:01,BSE_PRICE_INDEX
BSE_SMALLCAP,BSE SmallCap,2014-01-22,6571.11,,BSE_INDIA_OFFICIAL,https://www.bseindia.com/indices/IndexArchiveData/,2026-07-17T15:24:01,BSE_PRICE_INDEX
BSE_SMALLCAP,BSE SmallCap,2014-01-23,6563.03,,BSE_INDIA_OFFICIAL,https://www.bseindia.com/indices/IndexArchiveData/,2026-07-17T15:24:01,BSE_PRICE_INDEX
BSE_SMALLCAP,BSE SmallCap,2014-01-24,6444.46,,BSE_INDIA_OFFICIAL,https://www.bseindia.com/indices/IndexArchiveData/,2026-07-17T15:24:01,BSE_PRICE_INDEX
BSE_SMALLCAP,BSE SmallCap,2014-01-27,6274.40,,BSE_INDIA_OFFICIAL,https://www.bseindia.com/indices/IndexArchiveData/,2026-07-17T15:24:01,BSE_PRICE_INDEX
BSE_SMALLCAP,BSE SmallCap,2014-01-28,6290.13,,BSE_INDIA_OFFICIAL,https://www.bseindia.com/indices/IndexArchiveData/,2026-07-17T15:24:01,BSE_PRICE_INDEX
BSE_SMALLCAP,BSE SmallCap,2014-01-29,6273.95,,BSE_INDIA_OFFICIAL,https://www.bseindia.com/indices/IndexArchiveData/,2026-07-17T15:24:01,BSE_PRICE_INDEX
BSE_SMALLCAP,BSE SmallCap,2014-01-30,6181.80,,BSE_INDIA_OFFICIAL,https://www.bseindia.com/indices/IndexArchiveData/,2026-07-17T15:24:01,BSE_PRICE_INDEX
BSE_SMALLCAP,BSE SmallCap,2014-01-31,6263.35,,BSE_INDIA_OFFICIAL,https://www.bseindia.com/indices/IndexArchiveData/,2026-07-17T15:24:01,BSE_PRICE_INDEX
BSE_SMALLCAP,BSE SmallCap,2014-02-03,6233.74,,BSE_INDIA_OFFICIAL,https://www.bseindia.com/indices/IndexArchiveData/,2026-07-17T15:24:01,BSE_PRICE_INDEX
BSE_SMALLCAP,BSE SmallCap,2014-02-04,6245.72,,BSE_INDIA_OFFICIAL,https://www.bseindia.com/indices/IndexArchiveData/,2026-07-17T15:24:01,BSE_PRICE_INDEX
BSE_SMALLCAP,BSE SmallCap,2014-02-05,6305.42,,BSE_INDIA_OFFICIAL,https://www.bseindia.com/indices/IndexArchiveData/,2026-07-17T15:24:01,BSE_PRICE_INDEX
BSE_SMALLCAP,BSE SmallCap,2014-02-06,6309.01,,BSE_INDIA_OFFICIAL,https://www.bseindia.com/indices/IndexArchiveData/,2026-07-17T15:24:01,BSE_PRICE_INDEX
BSE_SMALLCAP,BSE SmallCap,2014-02-07,6328.76,,BSE_INDIA_OFFICIAL,https://www.bseindia.com/indices/IndexArchiveData/,2026-07-17T15:24:01,BSE_PRICE_INDEX
BSE_SMALLCAP,BSE SmallCap,2014-02-10,6339.88,,BSE_INDIA_OFFICIAL,https://www.bseindia.com/indices/IndexArchiveData/,2026-07-17T15:24:01,BSE_PRICE_INDEX
BSE_SMALLCAP,BSE SmallCap,2014-02-11,6346.53,,BSE_INDIA_OFFICIAL,https://www.bseindia.com/indices/IndexArchiveData/,2026-07-17T15:24:01,BSE_PRICE_INDEX
BSE_SMALLCAP,BSE SmallCap,2014-02-12,6349.09,,BSE_INDIA_OFFICIAL,https://www.bseindia.com/indices/IndexArchiveData/,2026-07-17T15:24:01,BSE_PRICE_INDEX
BSE_SMALLCAP,BSE SmallCap,2014-02-13,6282.49,,BSE_INDIA_OFFICIAL,https://www.bseindia.com/indices/IndexArchiveData/,2026-07-17T15:24:01,BSE_PRICE_INDEX
BSE_SMALLCAP,BSE SmallCap,2014-02-14,6279.69,,BSE_INDIA_OFFICIAL,https://www.bseindia.com/indices/IndexArchiveData/,2026-07-17T15:24:01,BSE_PRICE_INDEX
BSE_SMALLCAP,BSE SmallCap,2014-02-17,6280.60,,BSE_INDIA_OFFICIAL,https://www.bseindia.com/indices/IndexArchiveData/,2026-07-17T15:24:01,BSE_PRICE_INDEX
BSE_SMALLCAP,BSE SmallCap,2014-02-18,6330.72,,BSE_INDIA_OFFICIAL,https://www.bseindia.com/indices/IndexArchiveData/,2026-07-17T15:24:01,BSE_PRICE_INDEX
BSE_SMALLCAP,BSE SmallCap,2014-02-19,6372.20,,BSE_INDIA_OFFICIAL,https://www.bseindia.com/indices/IndexArchiveData/,2026-07-17T15:24:01,BSE_PRICE_INDEX
BSE_SMALLCAP,BSE SmallCap,2014-02-20,6361.85,,BSE_INDIA_OFFICIAL,https://www.bseindia.com/indices/IndexArchiveData/,2026-07-17T15:24:01,BSE_PRICE_INDEX
BSE_SMALLCAP,BSE SmallCap,2014-02-21,6393.33,,BSE_INDIA_OFFICIAL,https://www.bseindia.com/indices/IndexArchiveData/,2026-07-17T15:24:01,BSE_PRICE_INDEX
BSE_SMALLCAP,BSE SmallCap,2014-02-24,6415.63,,BSE_INDIA_OFFICIAL,https://www.bseindia.com/indices/IndexArchiveData/,2026-07-17T15:24:01,BSE_PRICE_INDEX
BSE_SMALLCAP,BSE SmallCap,2014-02-25,6421.70,,BSE_INDIA_OFFICIAL,https://www.bseindia.com/indices/IndexArchiveData/,2026-07-17T15:24:01,BSE_PRICE_INDEX
BSE_SMALLCAP,BSE SmallCap,2014-02-26,6436.27,,BSE_INDIA_OFFICIAL,https://www.bseindia.com/indices/IndexArchiveData/,2026-07-17T15:24:01,BSE_PRICE_INDEX
BSE_SMALLCAP,BSE SmallCap,2014-02-28,6445.04,,BSE_INDIA_OFFICIAL,https://www.bseindia.com/indices/IndexArchiveData/,2026-07-17T15:24:01,BSE_PRICE_INDEX
BSE_SMALLCAP,BSE SmallCap,2014-03-03,6449.16,,BSE_INDIA_OFFICIAL,https://www.bseindia.com/indices/IndexArchiveData/,2026-07-17T15:24:01,BSE_PRICE_INDEX
BSE_SMALLCAP,BSE SmallCap,2014-03-04,6515.79,,BSE_INDIA_OFFICIAL,https://www.bseindia.com/indices/IndexArchiveData/,2026-07-17T15:24:01,BSE_PRICE_INDEX
BSE_SMALLCAP,BSE SmallCap,2014-03-05,6546.44,,BSE_INDIA_OFFICIAL,https://www.bseindia.com/indices/IndexArchiveData/,2026-07-17T15:24:01,BSE_PRICE_INDEX
BSE_SMALLCAP,BSE SmallCap,2014-03-06,6626.46,,BSE_INDIA_OFFICIAL,https://www.bseindia.com/indices/IndexArchiveData/,2026-07-17T15:24:01,BSE_PRICE_INDEX
BSE_SMALLCAP,BSE SmallCap,2014-03-07,6612.45,,BSE_INDIA_OFFICIAL,https://www.bseindia.com/indices/IndexArchiveData/,2026-07-17T15:24:01,BSE_PRICE_INDEX
BSE_SMALLCAP,BSE SmallCap,2014-03-10,6663.10,,BSE_INDIA_OFFICIAL,https://www.bseindia.com/indices/IndexArchiveData/,2026-07-17T15:24:01,BSE_PRICE_INDEX
BSE_SMALLCAP,BSE SmallCap,2014-03-11,6664.69,,BSE_INDIA_OFFICIAL,https://www.bseindia.com/indices/IndexArchiveData/,2026-07-17T15:24:01,BSE_PRICE_INDEX
BSE_SMALLCAP,BSE SmallCap,2014-03-12,6665.13,,BSE_INDIA_OFFICIAL,https://www.bseindia.com/indices/IndexArchiveData/,2026-07-17T15:24:01,BSE_PRICE_INDEX
BSE_SMALLCAP,BSE SmallCap,2014-03-13,6650.19,,BSE_INDIA_OFFICIAL,https://www.bseindia.com/indices/IndexArchiveData/,2026-07-17T15:24:01,BSE_PRICE_INDEX
BSE_SMALLCAP,BSE SmallCap,2014-03-14,6627.68,,BSE_INDIA_OFFICIAL,https://www.bseindia.com/indices/IndexArchiveData/,2026-07-17T15:24:01,BSE_PRICE_INDEX
BSE_SMALLCAP,BSE SmallCap,2014-03-18,6691.68,,BSE_INDIA_OFFICIAL,https://www.bseindia.com/indices/IndexArchiveData/,2026-07-17T15:24:01,BSE_PRICE_INDEX
BSE_SMALLCAP,BSE SmallCap,2014-03-19,6722.35,,BSE_INDIA_OFFICIAL,https://www.bseindia.com/indices/IndexArchiveData/,2026-07-17T15:24:01,BSE_PRICE_INDEX
BSE_SMALLCAP,BSE SmallCap,2014-03-20,6726.67,,BSE_INDIA_OFFICIAL,https://www.bseindia.com/indices/IndexArchiveData/,2026-07-17T15:24:01,BSE_PRICE_INDEX
BSE_SMALLCAP,BSE SmallCap,2014-03-21,6785.11,,BSE_INDIA_OFFICIAL,https://www.bseindia.com/indices/IndexArchiveData/,2026-07-17T15:24:01,BSE_PRICE_INDEX
BSE_SMALLCAP,BSE SmallCap,2014-03-22,6831.99,,BSE_INDIA_OFFICIAL,https://www.bseindia.com/indices/IndexArchiveData/,2026-07-17T15:24:01,BSE_PRICE_INDEX
BSE_SMALLCAP,BSE SmallCap,2014-03-24,6841.91,,BSE_INDIA_OFFICIAL,https://www.bseindia.com/indices/IndexArchiveData/,2026-07-17T15:24:01,BSE_PRICE_INDEX
BSE_SMALLCAP,BSE SmallCap,2014-03-25,6853.11,,BSE_INDIA_OFFICIAL,https://www.bseindia.com/indices/IndexArchiveData/,2026-07-17T15:24:01,BSE_PRICE_INDEX
BSE_SMALLCAP,BSE SmallCap,2014-03-26,6848.39,,BSE_INDIA_OFFICIAL,https://www.bseindia.com/indices/IndexArchiveData/,2026-07-17T15:24:01,BSE_PRICE_INDEX
BSE_SMALLCAP,BSE SmallCap,2014-03-27,6916.50,,BSE_INDIA_OFFICIAL,https://www.bseindia.com/indices/IndexArchiveData/,2026-07-17T15:24:01,BSE_PRICE_INDEX
BSE_SMALLCAP,BSE SmallCap,2014-03-28,6999.06,,BSE_INDIA_OFFICIAL,https://www.bseindia.com/indices/IndexArchiveData/,2026-07-17T15:24:01,BSE_PRICE_INDEX
BSE_SMALLCAP,BSE SmallCap,2014-03-31,7071.96,,BSE_INDIA_OFFICIAL,https://www.bseindia.com/indices/IndexArchiveData/,2026-07-17T15:24:01,BSE_PRICE_INDEX
BSE_SMALLCAP,BSE SmallCap,2014-04-01,7106.72,,BSE_INDIA_OFFICIAL,https://www.bseindia.com/indices/IndexArchiveData/,2026-07-17T15:24:01,BSE_PRICE_INDEX
BSE_SMALLCAP,BSE SmallCap,2014-04-02,7220.36,,BSE_INDIA_OFFICIAL,https://www.bseindia.com/indices/IndexArchiveData/,2026-07-17T15:24:01,BSE_PRICE_INDEX
BSE_SMALLCAP,BSE SmallCap,2014-04-03,7207.45,,BSE_INDIA_OFFICIAL,https://www.bseindia.com/indices/IndexArchiveData/,2026-07-17T15:24:01,BSE_PRICE_INDEX
BSE_SMALLCAP,BSE SmallCap,2014-04-04,7265.05,,BSE_INDIA_OFFICIAL,https://www.bseindia.com/indices/IndexArchiveData/,2026-07-17T15:24:01,BSE_PRICE_INDEX
BSE_SMALLCAP,BSE SmallCap,2014-04-07,7281.07,,BSE_INDIA_OFFICIAL,https://www.bseindia.com/indices/IndexArchiveData/,2026-07-17T15:24:01,BSE_PRICE_INDEX
BSE_SMALLCAP,BSE SmallCap,2014-04-09,7427.35,,BSE_INDIA_OFFICIAL,https://www.bseindia.com/indices/IndexArchiveData/,2026-07-17T15:24:01,BSE_PRICE_INDEX
BSE_SMALLCAP,BSE SmallCap,2014-04-10,7473.88,,BSE_INDIA_OFFICIAL,https://www.bseindia.com/indices/IndexArchiveData/,2026-07-17T15:24:01,BSE_PRICE_INDEX
BSE_SMALLCAP,BSE SmallCap,2014-04-11,7523.18,,BSE_INDIA_OFFICIAL,https://www.bseindia.com/indices/IndexArchiveData/,2026-07-17T15:24:01,BSE_PRICE_INDEX
BSE_SMALLCAP,BSE SmallCap,2014-04-15,7501.50,,BSE_INDIA_OFFICIAL,https://www.bseindia.com/indices/IndexArchiveData/,2026-07-17T15:24:01,BSE_PRICE_INDEX
BSE_SMALLCAP,BSE SmallCap,2014-04-16,7418.22,,BSE_INDIA_OFFICIAL,https://www.bseindia.com/indices/IndexArchiveData/,2026-07-17T15:24:01,BSE_PRICE_INDEX
BSE_SMALLCAP,BSE SmallCap,2014-04-17,7524.01,,BSE_INDIA_OFFICIAL,https://www.bseindia.com/indices/IndexArchiveData/,2026-07-17T15:24:01,BSE_PRICE_INDEX
BSE_SMALLCAP,BSE SmallCap,2014-04-21,7627.97,,BSE_INDIA_OFFICIAL,https://www.bseindia.com/indices/IndexArchiveData/,2026-07-17T15:24:01,BSE_PRICE_INDEX
BSE_SMALLCAP,BSE SmallCap,2014-04-22,7629.10,,BSE_INDIA_OFFICIAL,https://www.bseindia.com/indices/IndexArchiveData/,2026-07-17T15:24:01,BSE_PRICE_INDEX
BSE_SMALLCAP,BSE SmallCap,2014-04-23,7646.10,,BSE_INDIA_OFFICIAL,https://www.bseindia.com/indices/IndexArchiveData/,2026-07-17T15:24:01,BSE_PRICE_INDEX
BSE_SMALLCAP,BSE SmallCap,2014-04-25,7597.34,,BSE_INDIA_OFFICIAL,https://www.bseindia.com/indices/IndexArchiveData/,2026-07-17T15:24:01,BSE_PRICE_INDEX
BSE_SMALLCAP,BSE SmallCap,2014-04-28,7617.28,,BSE_INDIA_OFFICIAL,https://www.bseindia.com/indices/IndexArchiveData/,2026-07-17T15:24:01,BSE_PRICE_INDEX
BSE_SMALLCAP,BSE SmallCap,2014-04-29,7615.66,,BSE_INDIA_OFFICIAL,https://www.bseindia.com/indices/IndexArchiveData/,2026-07-17T15:24:01,BSE_PRICE_INDEX
BSE_SMALLCAP,BSE SmallCap,2014-04-30,7489.87,,BSE_INDIA_OFFICIAL,https://www.bseindia.com/indices/IndexArchiveData/,2026-07-17T15:24:01,BSE_PRICE_INDEX
BSE_SMALLCAP,BSE SmallCap,2014-05-02,7532.81,,BSE_INDIA_OFFICIAL,https://www.bseindia.com/indices/IndexArchiveData/,2026-07-17T15:24:01,BSE_PRICE_INDEX
BSE_SMALLCAP,BSE SmallCap,2014-05-05,7498.09,,BSE_INDIA_OFFICIAL,https://www.bseindia.com/indices/IndexArchiveData/,2026-07-17T15:24:01,BSE_PRICE_INDEX
BSE_SMALLCAP,BSE SmallCap,2014-05-06,7532.83,,BSE_INDIA_OFFICIAL,https://www.bseindia.com/indices/IndexArchiveData/,2026-07-17T15:24:01,BSE_PRICE_INDEX
BSE_SMALLCAP,BSE SmallCap,2014-05-07,7526.99,,BSE_INDIA_OFFICIAL,https://www.bseindia.com/indices/IndexArchiveData/,2026-07-17T15:24:01,BSE_PRICE_INDEX
BSE_SMALLCAP,BSE SmallCap,2014-05-08,7539.64,,BSE_INDIA_OFFICIAL,https://www.bseindia.com/indices/IndexArchiveData/,2026-07-17T15:24:01,BSE_PRICE_INDEX
BSE_SMALLCAP,BSE SmallCap,2014-05-09,7593.68,,BSE_INDIA_OFFICIAL,https://www.bseindia.com/indices/IndexArchiveData/,2026-07-17T15:24:01,BSE_PRICE_INDEX
BSE_SMALLCAP,BSE SmallCap,2014-05-12,7632.29,,BSE_INDIA_OFFICIAL,https://www.bseindia.com/indices/IndexArchiveData/,2026-07-17T15:24:01,BSE_PRICE_INDEX
BSE_SMALLCAP,BSE SmallCap,2014-05-13,7762.92,,BSE_INDIA_OFFICIAL,https://www.bseindia.com/indices/IndexArchiveData/,2026-07-17T15:24:01,BSE_PRICE_INDEX
BSE_SMALLCAP,BSE SmallCap,2014-05-14,7859.03,,BSE_INDIA_OFFICIAL,https://www.bseindia.com/indices/IndexArchiveData/,2026-07-17T15:24:01,BSE_PRICE_INDEX
BSE_SMALLCAP,BSE SmallCap,2014-05-15,7791.12,,BSE_INDIA_OFFICIAL,https://www.bseindia.com/indices/IndexArchiveData/,2026-07-17T15:24:01,BSE_PRICE_INDEX
BSE_SMALLCAP,BSE SmallCap,2014-05-16,7885.76,,BSE_INDIA_OFFICIAL,https://www.bseindia.com/indices/IndexArchiveData/,2026-07-17T15:24:01,BSE_PRICE_INDEX
BSE_SMALLCAP,BSE SmallCap,2014-05-19,8344.70,,BSE_INDIA_OFFICIAL,https://www.bseindia.com/indices/IndexArchiveData/,2026-07-17T15:24:01,BSE_PRICE_INDEX
BSE_SMALLCAP,BSE SmallCap,2014-05-20,8600.33,,BSE_INDIA_OFFICIAL,https://www.bseindia.com/indices/IndexArchiveData/,2026-07-17T15:24:01,BSE_PRICE_INDEX
BSE_SMALLCAP,BSE SmallCap,2014-05-21,8758.28,,BSE_INDIA_OFFICIAL,https://www.bseindia.com/indices/IndexArchiveData/,2026-07-17T15:24:01,BSE_PRICE_INDEX
BSE_SMALLCAP,BSE SmallCap,2014-05-22,8960.70,,BSE_INDIA_OFFICIAL,https://www.bseindia.com/indices/IndexArchiveData/,2026-07-17T15:24:01,BSE_PRICE_INDEX
BSE_SMALLCAP,BSE SmallCap,2014-05-23,9128.04,,BSE_INDIA_OFFICIAL,https://www.bseindia.com/indices/IndexArchiveData/,2026-07-17T15:24:01,BSE_PRICE_INDEX
BSE_SMALLCAP,BSE SmallCap,2014-05-26,8923.65,,BSE_INDIA_OFFICIAL,https://www.bseindia.com/indices/IndexArchiveData/,2026-07-17T15:24:01,BSE_PRICE_INDEX
BSE_SMALLCAP,BSE SmallCap,2014-05-27,8883.65,,BSE_INDIA_OFFICIAL,https://www.bseindia.com/indices/IndexArchiveData/,2026-07-17T15:24:01,BSE_PRICE_INDEX
BSE_SMALLCAP,BSE SmallCap,2014-05-28,9028.82,,BSE_INDIA_OFFICIAL,https://www.bseindia.com/indices/IndexArchiveData/,2026-07-17T15:24:01,BSE_PRICE_INDEX
BSE_SMALLCAP,BSE SmallCap,2014-05-29,8985.37,,BSE_INDIA_OFFICIAL,https://www.bseindia.com/indices/IndexArchiveData/,2026-07-17T15:24:01,BSE_PRICE_INDEX
BSE_SMALLCAP,BSE SmallCap,2014-05-30,9015.73,,BSE_INDIA_OFFICIAL,https://www.bseindia.com/indices/IndexArchiveData/,2026-07-17T15:24:01,BSE_PRICE_INDEX
BSE_SMALLCAP,BSE SmallCap,2014-06-02,9196.92,,BSE_INDIA_OFFICIAL,https://www.bseindia.com/indices/IndexArchiveData/,2026-07-17T15:24:01,BSE_PRICE_INDEX
BSE_SMALLCAP,BSE SmallCap,2014-06-03,9305.87,,BSE_INDIA_OFFICIAL,https://www.bseindia.com/indices/IndexArchiveData/,2026-07-17T15:24:01,BSE_PRICE_INDEX
BSE_SMALLCAP,BSE SmallCap,2014-06-04,9488.71,,BSE_INDIA_OFFICIAL,https://www.bseindia.com/indices/IndexArchiveData/,2026-07-17T15:24:01,BSE_PRICE_INDEX
BSE_SMALLCAP,BSE SmallCap,2014-06-05,9623.92,,BSE_INDIA_OFFICIAL,https://www.bseindia.com/indices/IndexArchiveData/,2026-07-17T15:24:01,BSE_PRICE_INDEX
BSE_SMALLCAP,BSE SmallCap,2014-06-06,9774.04,,BSE_INDIA_OFFICIAL,https://www.bseindia.com/indices/IndexArchiveData/,2026-07-17T15:24:01,BSE_PRICE_INDEX
BSE_SMALLCAP,BSE SmallCap,2014-06-09,9991.05,,BSE_INDIA_OFFICIAL,https://www.bseindia.com/indices/IndexArchiveData/,2026-07-17T15:24:01,BSE_PRICE_INDEX
BSE_SMALLCAP,BSE SmallCap,2014-06-10,10017.44,,BSE_INDIA_OFFICIAL,https://www.bseindia.com/indices/IndexArchiveData/,2026-07-17T15:24:01,BSE_PRICE_INDEX
BSE_SMALLCAP,BSE SmallCap,2014-06-11,9950.03,,BSE_INDIA_OFFICIAL,https://www.bseindia.com/indices/IndexArchiveData/,2026-07-17T15:24:01,BSE_PRICE_INDEX
BSE_SMALLCAP,BSE SmallCap,2014-06-12,9985.48,,BSE_INDIA_OFFICIAL,https://www.bseindia.com/indices/IndexArchiveData/,2026-07-17T15:24:01,BSE_PRICE_INDEX
BSE_SMALLCAP,BSE SmallCap,2014-06-13,9674.58,,BSE_INDIA_OFFICIAL,https://www.bseindia.com/indices/IndexArchiveData/,2026-07-17T15:24:01,BSE_PRICE_INDEX
BSE_SMALLCAP,BSE SmallCap,2014-06-16,9704.39,,BSE_INDIA_OFFICIAL,https://www.bseindia.com/indices/IndexArchiveData/,2026-07-17T15:24:01,BSE_PRICE_INDEX
BSE_SMALLCAP,BSE SmallCap,2014-06-17,9901.56,,BSE_INDIA_OFFICIAL,https://www.bseindia.com/indices/IndexArchiveData/,2026-07-17T15:24:01,BSE_PRICE_INDEX
BSE_SMALLCAP,BSE SmallCap,2014-06-18,9873.64,,BSE_INDIA_OFFICIAL,https://www.bseindia.com/indices/IndexArchiveData/,2026-07-17T15:24:01,BSE_PRICE_INDEX
BSE_SMALLCAP,BSE SmallCap,2014-06-19,9842.98,,BSE_INDIA_OFFICIAL,https://www.bseindia.com/indices/IndexArchiveData/,2026-07-17T15:24:01,BSE_PRICE_INDEX
BSE_SMALLCAP,BSE SmallCap,2014-06-20,9761.22,,BSE_INDIA_OFFICIAL,https://www.bseindia.com/indices/IndexArchiveData/,2026-07-17T15:24:01,BSE_PRICE_INDEX
BSE_SMALLCAP,BSE SmallCap,2014-06-23,9816.35,,BSE_INDIA_OFFICIAL,https://www.bseindia.com/indices/IndexArchiveData/,2026-07-17T15:24:01,BSE_PRICE_INDEX
BSE_SMALLCAP,BSE SmallCap,2014-06-24,9977.71,,BSE_INDIA_OFFICIAL,https://www.bseindia.com/indices/IndexArchiveData/,2026-07-17T15:24:01,BSE_PRICE_INDEX
BSE_SMALLCAP,BSE SmallCap,2014-06-25,10012.79,,BSE_INDIA_OFFICIAL,https://www.bseindia.com/indices/IndexArchiveData/,2026-07-17T15:24:01,BSE_PRICE_INDEX
BSE_SMALLCAP,BSE SmallCap,2014-06-26,9981.38,,BSE_INDIA_OFFICIAL,https://www.bseindia.com/indices/IndexArchiveData/,2026-07-17T15:24:01,BSE_PRICE_INDEX
BSE_SMALLCAP,BSE SmallCap,2014-06-27,10022.29,,BSE_INDIA_OFFICIAL,https://www.bseindia.com/indices/IndexArchiveData/,2026-07-17T15:24:01,BSE_PRICE_INDEX
BSE_SMALLCAP,BSE SmallCap,2014-06-30,10203.19,,BSE_INDIA_OFFICIAL,https://www.bseindia.com/indices/IndexArchiveData/,2026-07-17T15:24:01,BSE_PRICE_INDEX
BSE_SMALLCAP,BSE SmallCap,2014-07-01,10321.63,,BSE_INDIA_OFFICIAL,https://www.bseindia.com/indices/IndexArchiveData/,2026-07-17T15:24:01,BSE_PRICE_INDEX
BSE_SMALLCAP,BSE SmallCap,2014-07-02,10434.18,,BSE_INDIA_OFFICIAL,https://www.bseindia.com/indices/IndexArchiveData/,2026-07-17T15:24:01,BSE_PRICE_INDEX
BSE_SMALLCAP,BSE SmallCap,2014-07-03,10419.38,,BSE_INDIA_OFFICIAL,https://www.bseindia.com/indices/IndexArchiveData/,2026-07-17T15:24:01,BSE_PRICE_INDEX
BSE_SMALLCAP,BSE SmallCap,2014-07-04,10508.03,,BSE_INDIA_OFFICIAL,https://www.bseindia.com/indices/IndexArchiveData/,2026-07-17T15:24:01,BSE_PRICE_INDEX
BSE_SMALLCAP,BSE SmallCap,2014-07-07,10570.78,,BSE_INDIA_OFFICIAL,https://www.bseindia.com/indices/IndexArchiveData/,2026-07-17T15:24:01,BSE_PRICE_INDEX
BSE_SMALLCAP,BSE SmallCap,2014-07-08,10128.01,,BSE_INDIA_OFFICIAL,https://www.bseindia.com/indices/IndexArchiveData/,2026-07-17T15:24:01,BSE_PRICE_INDEX
BSE_SMALLCAP,BSE SmallCap,2014-07-09,9944.15,,BSE_INDIA_OFFICIAL,https://www.bseindia.com/indices/IndexArchiveData/,2026-07-17T15:24:01,BSE_PRICE_INDEX
BSE_SMALLCAP,BSE SmallCap,2014-07-10,10019.97,,BSE_INDIA_OFFICIAL,https://www.bseindia.com/indices/IndexArchiveData/,2026-07-17T15:24:01,BSE_PRICE_INDEX
BSE_SMALLCAP,BSE SmallCap,2014-07-11,9688.11,,BSE_INDIA_OFFICIAL,https://www.bseindia.com/indices/IndexArchiveData/,2026-07-17T15:24:01,BSE_PRICE_INDEX
BSE_SMALLCAP,BSE SmallCap,2014-07-14,9642.46,,BSE_INDIA_OFFICIAL,https://www.bseindia.com/indices/IndexArchiveData/,2026-07-17T15:24:01,BSE_PRICE_INDEX
BSE_SMALLCAP,BSE SmallCap,2014-07-15,9856.00,,BSE_INDIA_OFFICIAL,https://www.bseindia.com/indices/IndexArchiveData/,2026-07-17T15:24:01,BSE_PRICE_INDEX
BSE_SMALLCAP,BSE SmallCap,2014-07-16,10057.37,,BSE_INDIA_OFFICIAL,https://www.bseindia.com/indices/IndexArchiveData/,2026-07-17T15:24:01,BSE_PRICE_INDEX
BSE_SMALLCAP,BSE SmallCap,2014-07-17,10193.12,,BSE_INDIA_OFFICIAL,https://www.bseindia.com/indices/IndexArchiveData/,2026-07-17T15:24:01,BSE_PRICE_INDEX
BSE_SMALLCAP,BSE SmallCap,2014-07-18,10180.84,,BSE_INDIA_OFFICIAL,https://www.bseindia.com/indices/IndexArchiveData/,2026-07-17T15:24:01,BSE_PRICE_INDEX
BSE_SMALLCAP,BSE SmallCap,2014-07-21,10269.59,,BSE_INDIA_OFFICIAL,https://www.bseindia.com/indices/IndexArchiveData/,2026-07-17T15:24:01,BSE_PRICE_INDEX
BSE_SMALLCAP,BSE SmallCap,2014-07-22,10268.76,,BSE_INDIA_OFFICIAL,https://www.bseindia.com/indices/IndexArchiveData/,2026-07-17T15:24:01,BSE_PRICE_INDEX
BSE_SMALLCAP,BSE SmallCap,2014-07-23,10204.18,,BSE_INDIA_OFFICIAL,https://www.bseindia.com/indices/IndexArchiveData/,2026-07-17T15:24:01,BSE_PRICE_INDEX
BSE_SMALLCAP,BSE SmallCap,2014-07-24,10229.33,,BSE_INDIA_OFFICIAL,https://www.bseindia.com/indices/IndexArchiveData/,2026-07-17T15:24:01,BSE_PRICE_INDEX
BSE_SMALLCAP,BSE SmallCap,2014-07-25,10037.17,,BSE_INDIA_OFFICIAL,https://www.bseindia.com/indices/IndexArchiveData/,2026-07-17T15:24:01,BSE_PRICE_INDEX
BSE_SMALLCAP,BSE SmallCap,2014-07-28,9966.64,,BSE_INDIA_OFFICIAL,https://www.bseindia.com/indices/IndexArchiveData/,2026-07-17T15:24:01,BSE_PRICE_INDEX
BSE_SMALLCAP,BSE SmallCap,2014-07-30,9964.93,,BSE_INDIA_OFFICIAL,https://www.bseindia.com/indices/IndexArchiveData/,2026-07-17T15:24:01,BSE_PRICE_INDEX
BSE_SMALLCAP,BSE SmallCap,2014-07-31,9989.42,,BSE_INDIA_OFFICIAL,https://www.bseindia.com/indices/IndexArchiveData/,2026-07-17T15:24:01,BSE_PRICE_INDEX
BSE_SMALLCAP,BSE SmallCap,2014-08-01,9890.97,,BSE_INDIA_OFFICIAL,https://www.bseindia.com/indices/IndexArchiveData/,2026-07-17T15:24:01,BSE_PRICE_INDEX
BSE_SMALLCAP,BSE SmallCap,2014-08-04,9999.75,,BSE_INDIA_OFFICIAL,https://www.bseindia.com/indices/IndexArchiveData/,2026-07-17T15:24:01,BSE_PRICE_INDEX
BSE_SMALLCAP,BSE SmallCap,2014-08-05,10111.27,,BSE_INDIA_OFFICIAL,https://www.bseindia.com/indices/IndexArchiveData/,2026-07-17T15:24:01,BSE_PRICE_INDEX
BSE_SMALLCAP,BSE SmallCap,2014-08-06,10096.28,,BSE_INDIA_OFFICIAL,https://www.bseindia.com/indices/IndexArchiveData/,2026-07-17T15:24:01,BSE_PRICE_INDEX
BSE_SMALLCAP,BSE SmallCap,2014-08-07,10043.21,,BSE_INDIA_OFFICIAL,https://www.bseindia.com/indices/IndexArchiveData/,2026-07-17T15:24:01,BSE_PRICE_INDEX
BSE_SMALLCAP,BSE SmallCap,2014-08-08,9828.30,,BSE_INDIA_OFFICIAL,https://www.bseindia.com/indices/IndexArchiveData/,2026-07-17T15:24:01,BSE_PRICE_INDEX
BSE_SMALLCAP,BSE SmallCap,2014-08-11,9902.67,,BSE_INDIA_OFFICIAL,https://www.bseindia.com/indices/IndexArchiveData/,2026-07-17T15:24:01,BSE_PRICE_INDEX
BSE_SMALLCAP,BSE SmallCap,2014-08-12,9947.06,,BSE_INDIA_OFFICIAL,https://www.bseindia.com/indices/IndexArchiveData/,2026-07-17T15:24:01,BSE_PRICE_INDEX
BSE_SMALLCAP,BSE SmallCap,2014-08-13,9711.31,,BSE_INDIA_OFFICIAL,https://www.bseindia.com/indices/IndexArchiveData/,2026-07-17T15:24:01,BSE_PRICE_INDEX
BSE_SMALLCAP,BSE SmallCap,2014-08-14,9824.06,,BSE_INDIA_OFFICIAL,https://www.bseindia.com/indices/IndexArchiveData/,2026-07-17T15:24:01,BSE_PRICE_INDEX
BSE_SMALLCAP,BSE SmallCap,2014-08-18,10047.47,,BSE_INDIA_OFFICIAL,https://www.bseindia.com/indices/IndexArchiveData/,2026-07-17T15:24:01,BSE_PRICE_INDEX
BSE_SMALLCAP,BSE SmallCap,2014-08-19,10168.80,,BSE_INDIA_OFFICIAL,https://www.bseindia.com/indices/IndexArchiveData/,2026-07-17T15:24:01,BSE_PRICE_INDEX
BSE_SMALLCAP,BSE SmallCap,2014-08-20,10263.51,,BSE_INDIA_OFFICIAL,https://www.bseindia.com/indices/IndexArchiveData/,2026-07-17T15:24:01,BSE_PRICE_INDEX
BSE_SMALLCAP,BSE SmallCap,2014-08-21,10298.50,,BSE_INDIA_OFFICIAL,https://www.bseindia.com/indices/IndexArchiveData/,2026-07-17T15:24:01,BSE_PRICE_INDEX
BSE_SMALLCAP,BSE SmallCap,2014-08-22,10298.52,,BSE_INDIA_OFFICIAL,https://www.bseindia.com/indices/IndexArchiveData/,2026-07-17T15:24:01,BSE_PRICE_INDEX
BSE_SMALLCAP,BSE SmallCap,2014-08-25,10255.38,,BSE_INDIA_OFFICIAL,https://www.bseindia.com/indices/IndexArchiveData/,2026-07-17T15:24:01,BSE_PRICE_INDEX
BSE_SMALLCAP,BSE SmallCap,2014-08-26,10173.38,,BSE_INDIA_OFFICIAL,https://www.bseindia.com/indices/IndexArchiveData/,2026-07-17T15:24:01,BSE_PRICE_INDEX
BSE_SMALLCAP,BSE SmallCap,2014-08-27,10253.87,,BSE_INDIA_OFFICIAL,https://www.bseindia.com/indices/IndexArchiveData/,2026-07-17T15:24:01,BSE_PRICE_INDEX
BSE_SMALLCAP,BSE SmallCap,2014-08-28,10264.45,,BSE_INDIA_OFFICIAL,https://www.bseindia.com/indices/IndexArchiveData/,2026-07-17T15:24:01,BSE_PRICE_INDEX
BSE_SMALLCAP,BSE SmallCap,2014-09-01,10397.59,,BSE_INDIA_OFFICIAL,https://www.bseindia.com/indices/IndexArchiveData/,2026-07-17T15:24:01,BSE_PRICE_INDEX
BSE_SMALLCAP,BSE SmallCap,2014-09-02,10492.42,,BSE_INDIA_OFFICIAL,https://www.bseindia.com/indices/IndexArchiveData/,2026-07-17T15:24:01,BSE_PRICE_INDEX
BSE_SMALLCAP,BSE SmallCap,2014-09-03,10533.72,,BSE_INDIA_OFFICIAL,https://www.bseindia.com/indices/IndexArchiveData/,2026-07-17T15:24:01,BSE_PRICE_INDEX
BSE_SMALLCAP,BSE SmallCap,2014-09-04,10495.46,,BSE_INDIA_OFFICIAL,https://www.bseindia.com/indices/IndexArchiveData/,2026-07-17T15:24:01,BSE_PRICE_INDEX
BSE_SMALLCAP,BSE SmallCap,2014-09-05,10627.07,,BSE_INDIA_OFFICIAL,https://www.bseindia.com/indices/IndexArchiveData/,2026-07-17T15:24:01,BSE_PRICE_INDEX
BSE_SMALLCAP,BSE SmallCap,2014-09-08,10851.83,,BSE_INDIA_OFFICIAL,https://www.bseindia.com/indices/IndexArchiveData/,2026-07-17T15:24:01,BSE_PRICE_INDEX
BSE_SMALLCAP,BSE SmallCap,2014-09-09,10885.98,,BSE_INDIA_OFFICIAL,https://www.bseindia.com/indices/IndexArchiveData/,2026-07-17T15:24:01,BSE_PRICE_INDEX
BSE_SMALLCAP,BSE SmallCap,2014-09-10,10951.03,,BSE_INDIA_OFFICIAL,https://www.bseindia.com/indices/IndexArchiveData/,2026-07-17T15:24:01,BSE_PRICE_INDEX
BSE_SMALLCAP,BSE SmallCap,2014-09-11,11110.92,,BSE_INDIA_OFFICIAL,https://www.bseindia.com/indices/IndexArchiveData/,2026-07-17T15:24:01,BSE_PRICE_INDEX
BSE_SMALLCAP,BSE SmallCap,2014-09-12,11166.79,,BSE_INDIA_OFFICIAL,https://www.bseindia.com/indices/IndexArchiveData/,2026-07-17T15:24:01,BSE_PRICE_INDEX
BSE_SMALLCAP,BSE SmallCap,2014-09-15,11245.52,,BSE_INDIA_OFFICIAL,https://www.bseindia.com/indices/IndexArchiveData/,2026-07-17T15:24:01,BSE_PRICE_INDEX
BSE_SMALLCAP,BSE SmallCap,2014-09-16,10796.31,,BSE_INDIA_OFFICIAL,https://www.bseindia.com/indices/IndexArchiveData/,2026-07-17T15:24:01,BSE_PRICE_INDEX
BSE_SMALLCAP,BSE SmallCap,2014-09-17,10829.84,,BSE_INDIA_OFFICIAL,https://www.bseindia.com/indices/IndexArchiveData/,2026-07-17T15:24:01,BSE_PRICE_INDEX
BSE_SMALLCAP,BSE SmallCap,2014-09-18,11121.16,,BSE_INDIA_OFFICIAL,https://www.bseindia.com/indices/IndexArchiveData/,2026-07-17T15:24:01,BSE_PRICE_INDEX
BSE_SMALLCAP,BSE SmallCap,2014-09-19,11191.18,,BSE_INDIA_OFFICIAL,https://www.bseindia.com/indices/IndexArchiveData/,2026-07-17T15:24:01,BSE_PRICE_INDEX
BSE_SMALLCAP,BSE SmallCap,2014-09-22,11248.69,,BSE_INDIA_OFFICIAL,https://www.bseindia.com/indices/IndexArchiveData/,2026-07-17T15:24:01,BSE_PRICE_INDEX
BSE_SMALLCAP,BSE SmallCap,2014-09-23,10969.30,,BSE_INDIA_OFFICIAL,https://www.bseindia.com/indices/IndexArchiveData/,2026-07-17T15:24:01,BSE_PRICE_INDEX
BSE_SMALLCAP,BSE SmallCap,2014-09-24,10791.44,,BSE_INDIA_OFFICIAL,https://www.bseindia.com/indices/IndexArchiveData/,2026-07-17T15:24:01,BSE_PRICE_INDEX
BSE_SMALLCAP,BSE SmallCap,2014-09-25,10444.79,,BSE_INDIA_OFFICIAL,https://www.bseindia.com/indices/IndexArchiveData/,2026-07-17T15:24:01,BSE_PRICE_INDEX
BSE_SMALLCAP,BSE SmallCap,2014-09-26,10510.99,,BSE_INDIA_OFFICIAL,https://www.bseindia.com/indices/IndexArchiveData/,2026-07-17T15:24:01,BSE_PRICE_INDEX
BSE_SMALLCAP,BSE SmallCap,2014-09-29,10667.67,,BSE_INDIA_OFFICIAL,https://www.bseindia.com/indices/IndexArchiveData/,2026-07-17T15:24:01,BSE_PRICE_INDEX
BSE_SMALLCAP,BSE SmallCap,2014-09-30,10681.46,,BSE_INDIA_OFFICIAL,https://www.bseindia.com/indices/IndexArchiveData/,2026-07-17T15:24:01,BSE_PRICE_INDEX
BSE_SMALLCAP,BSE SmallCap,2014-10-01,10641.82,,BSE_INDIA_OFFICIAL,https://www.bseindia.com/indices/IndexArchiveData/,2026-07-17T15:24:01,BSE_PRICE_INDEX
BSE_SMALLCAP,BSE SmallCap,2014-10-07,10557.96,,BSE_INDIA_OFFICIAL,https://www.bseindia.com/indices/IndexArchiveData/,2026-07-17T15:24:01,BSE_PRICE_INDEX
BSE_SMALLCAP,BSE SmallCap,2014-10-08,10564.14,,BSE_INDIA_OFFICIAL,https://www.bseindia.com/indices/IndexArchiveData/,2026-07-17T15:24:01,BSE_PRICE_INDEX
BSE_SMALLCAP,BSE SmallCap,2014-10-09,10731.69,,BSE_INDIA_OFFICIAL,https://www.bseindia.com/indices/IndexArchiveData/,2026-07-17T15:24:01,BSE_PRICE_INDEX
BSE_SMALLCAP,BSE SmallCap,2014-10-10,10611.00,,BSE_INDIA_OFFICIAL,https://www.bseindia.com/indices/IndexArchiveData/,2026-07-17T15:24:01,BSE_PRICE_INDEX
BSE_SMALLCAP,BSE SmallCap,2014-10-13,10646.47,,BSE_INDIA_OFFICIAL,https://www.bseindia.com/indices/IndexArchiveData/,2026-07-17T15:24:01,BSE_PRICE_INDEX
BSE_SMALLCAP,BSE SmallCap,2014-10-14,10631.25,,BSE_INDIA_OFFICIAL,https://www.bseindia.com/indices/IndexArchiveData/,2026-07-17T15:24:01,BSE_PRICE_INDEX
BSE_SMALLCAP,BSE SmallCap,2014-10-16,10343.09,,BSE_INDIA_OFFICIAL,https://www.bseindia.com/indices/IndexArchiveData/,2026-07-17T15:24:01,BSE_PRICE_INDEX
BSE_SMALLCAP,BSE SmallCap,2014-10-17,10313.97,,BSE_INDIA_OFFICIAL,https://www.bseindia.com/indices/IndexArchiveData/,2026-07-17T15:24:01,BSE_PRICE_INDEX
BSE_SMALLCAP,BSE SmallCap,2014-10-20,10363.45,,BSE_INDIA_OFFICIAL,https://www.bseindia.com/indices/IndexArchiveData/,2026-07-17T15:24:01,BSE_PRICE_INDEX
BSE_SMALLCAP,BSE SmallCap,2014-10-21,10382.72,,BSE_INDIA_OFFICIAL,https://www.bseindia.com/indices/IndexArchiveData/,2026-07-17T15:24:01,BSE_PRICE_INDEX
BSE_SMALLCAP,BSE SmallCap,2014-10-22,10504.15,,BSE_INDIA_OFFICIAL,https://www.bseindia.com/indices/IndexArchiveData/,2026-07-17T15:24:01,BSE_PRICE_INDEX
BSE_SMALLCAP,BSE SmallCap,2014-10-23,10662.65,,BSE_INDIA_OFFICIAL,https://www.bseindia.com/indices/IndexArchiveData/,2026-07-17T15:24:01,BSE_PRICE_INDEX
BSE_SMALLCAP,BSE SmallCap,2014-10-27,10642.69,,BSE_INDIA_OFFICIAL,https://www.bseindia.com/indices/IndexArchiveData/,2026-07-17T15:24:01,BSE_PRICE_INDEX
BSE_SMALLCAP,BSE SmallCap,2014-10-28,10724.06,,BSE_INDIA_OFFICIAL,https://www.bseindia.com/indices/IndexArchiveData/,2026-07-17T15:24:01,BSE_PRICE_INDEX
BSE_SMALLCAP,BSE SmallCap,2014-10-29,10790.46,,BSE_INDIA_OFFICIAL,https://www.bseindia.com/indices/IndexArchiveData/,2026-07-17T15:24:01,BSE_PRICE_INDEX
BSE_SMALLCAP,BSE SmallCap,2014-10-30,10827.46,,BSE_INDIA_OFFICIAL,https://www.bseindia.com/indices/IndexArchiveData/,2026-07-17T15:24:01,BSE_PRICE_INDEX
BSE_SMALLCAP,BSE SmallCap,2014-10-31,10930.95,,BSE_INDIA_OFFICIAL,https://www.bseindia.com/indices/IndexArchiveData/,2026-07-17T15:24:01,BSE_PRICE_INDEX
BSE_SMALLCAP,BSE SmallCap,2014-11-03,11077.12,,BSE_INDIA_OFFICIAL,https://www.bseindia.com/indices/IndexArchiveData/,2026-07-17T15:24:01,BSE_PRICE_INDEX
BSE_SMALLCAP,BSE SmallCap,2014-11-05,11160.98,,BSE_INDIA_OFFICIAL,https://www.bseindia.com/indices/IndexArchiveData/,2026-07-17T15:24:01,BSE_PRICE_INDEX
BSE_SMALLCAP,BSE SmallCap,2014-11-07,11117.17,,BSE_INDIA_OFFICIAL,https://www.bseindia.com/indices/IndexArchiveData/,2026-07-17T15:24:01,BSE_PRICE_INDEX
BSE_SMALLCAP,BSE SmallCap,2014-11-10,11134.81,,BSE_INDIA_OFFICIAL,https://www.bseindia.com/indices/IndexArchiveData/,2026-07-17T15:24:01,BSE_PRICE_INDEX
BSE_SMALLCAP,BSE SmallCap,2014-11-11,11161.95,,BSE_INDIA_OFFICIAL,https://www.bseindia.com/indices/IndexArchiveData/,2026-07-17T15:24:01,BSE_PRICE_INDEX
BSE_SMALLCAP,BSE SmallCap,2014-11-12,11184.35,,BSE_INDIA_OFFICIAL,https://www.bseindia.com/indices/IndexArchiveData/,2026-07-17T15:24:01,BSE_PRICE_INDEX
BSE_SMALLCAP,BSE SmallCap,2014-11-13,11159.54,,BSE_INDIA_OFFICIAL,https://www.bseindia.com/indices/IndexArchiveData/,2026-07-17T15:24:01,BSE_PRICE_INDEX
BSE_SMALLCAP,BSE SmallCap,2014-11-14,11217.39,,BSE_INDIA_OFFICIAL,https://www.bseindia.com/indices/IndexArchiveData/,2026-07-17T15:24:01,BSE_PRICE_INDEX
BSE_SMALLCAP,BSE SmallCap,2014-11-17,11337.96,,BSE_INDIA_OFFICIAL,https://www.bseindia.com/indices/IndexArchiveData/,2026-07-17T15:24:01,BSE_PRICE_INDEX
BSE_SMALLCAP,BSE SmallCap,2014-11-18,11443.16,,BSE_INDIA_OFFICIAL,https://www.bseindia.com/indices/IndexArchiveData/,2026-07-17T15:24:01,BSE_PRICE_INDEX
BSE_SMALLCAP,BSE SmallCap,2014-11-19,11368.55,,BSE_INDIA_OFFICIAL,https://www.bseindia.com/indices/IndexArchiveData/,2026-07-17T15:24:01,BSE_PRICE_INDEX
BSE_SMALLCAP,BSE SmallCap,2014-11-20,11336.73,,BSE_INDIA_OFFICIAL,https://www.bseindia.com/indices/IndexArchiveData/,2026-07-17T15:24:01,BSE_PRICE_INDEX
BSE_SMALLCAP,BSE SmallCap,2014-11-21,11325.84,,BSE_INDIA_OFFICIAL,https://www.bseindia.com/indices/IndexArchiveData/,2026-07-17T15:24:01,BSE_PRICE_INDEX
BSE_SMALLCAP,BSE SmallCap,2014-11-24,11318.83,,BSE_INDIA_OFFICIAL,https://www.bseindia.com/indices/IndexArchiveData/,2026-07-17T15:24:01,BSE_PRICE_INDEX
BSE_SMALLCAP,BSE SmallCap,2014-11-25,11055.96,,BSE_INDIA_OFFICIAL,https://www.bseindia.com/indices/IndexArchiveData/,2026-07-17T15:24:01,BSE_PRICE_INDEX
BSE_SMALLCAP,BSE SmallCap,2014-11-26,11180.24,,BSE_INDIA_OFFICIAL,https://www.bseindia.com/indices/IndexArchiveData/,2026-07-17T15:24:01,BSE_PRICE_INDEX
BSE_SMALLCAP,BSE SmallCap,2014-11-27,11241.65,,BSE_INDIA_OFFICIAL,https://www.bseindia.com/indices/IndexArchiveData/,2026-07-17T15:24:01,BSE_PRICE_INDEX
BSE_SMALLCAP,BSE SmallCap,2014-11-28,11270.79,,BSE_INDIA_OFFICIAL,https://www.bseindia.com/indices/IndexArchiveData/,2026-07-17T15:24:01,BSE_PRICE_INDEX
BSE_SMALLCAP,BSE SmallCap,2014-12-01,11189.70,,BSE_INDIA_OFFICIAL,https://www.bseindia.com/indices/IndexArchiveData/,2026-07-17T15:24:01,BSE_PRICE_INDEX
BSE_SMALLCAP,BSE SmallCap,2014-12-02,11251.21,,BSE_INDIA_OFFICIAL,https://www.bseindia.com/indices/IndexArchiveData/,2026-07-17T15:24:01,BSE_PRICE_INDEX
BSE_SMALLCAP,BSE SmallCap,2014-12-03,11435.88,,BSE_INDIA_OFFICIAL,https://www.bseindia.com/indices/IndexArchiveData/,2026-07-17T15:24:01,BSE_PRICE_INDEX
BSE_SMALLCAP,BSE SmallCap,2014-12-04,11471.25,,BSE_INDIA_OFFICIAL,https://www.bseindia.com/indices/IndexArchiveData/,2026-07-17T15:24:01,BSE_PRICE_INDEX
BSE_SMALLCAP,BSE SmallCap,2014-12-05,11474.69,,BSE_INDIA_OFFICIAL,https://www.bseindia.com/indices/IndexArchiveData/,2026-07-17T15:24:01,BSE_PRICE_INDEX
BSE_SMALLCAP,BSE SmallCap,2014-12-08,11374.63,,BSE_INDIA_OFFICIAL,https://www.bseindia.com/indices/IndexArchiveData/,2026-07-17T15:24:01,BSE_PRICE_INDEX
BSE_SMALLCAP,BSE SmallCap,2014-12-09,11194.12,,BSE_INDIA_OFFICIAL,https://www.bseindia.com/indices/IndexArchiveData/,2026-07-17T15:24:01,BSE_PRICE_INDEX
BSE_SMALLCAP,BSE SmallCap,2014-12-10,11312.54,,BSE_INDIA_OFFICIAL,https://www.bseindia.com/indices/IndexArchiveData/,2026-07-17T15:24:01,BSE_PRICE_INDEX
BSE_SMALLCAP,BSE SmallCap,2014-12-11,11236.53,,BSE_INDIA_OFFICIAL,https://www.bseindia.com/indices/IndexArchiveData/,2026-07-17T15:24:01,BSE_PRICE_INDEX
BSE_SMALLCAP,BSE SmallCap,2014-12-12,11068.48,,BSE_INDIA_OFFICIAL,https://www.bseindia.com/indices/IndexArchiveData/,2026-07-17T15:24:01,BSE_PRICE_INDEX
BSE_SMALLCAP,BSE SmallCap,2014-12-15,10997.91,,BSE_INDIA_OFFICIAL,https://www.bseindia.com/indices/IndexArchiveData/,2026-07-17T15:24:01,BSE_PRICE_INDEX
BSE_SMALLCAP,BSE SmallCap,2014-12-16,10628.62,,BSE_INDIA_OFFICIAL,https://www.bseindia.com/indices/IndexArchiveData/,2026-07-17T15:24:01,BSE_PRICE_INDEX
BSE_SMALLCAP,BSE SmallCap,2014-12-17,10516.12,,BSE_INDIA_OFFICIAL,https://www.bseindia.com/indices/IndexArchiveData/,2026-07-17T15:24:01,BSE_PRICE_INDEX
BSE_SMALLCAP,BSE SmallCap,2014-12-18,10860.76,,BSE_INDIA_OFFICIAL,https://www.bseindia.com/indices/IndexArchiveData/,2026-07-17T15:24:01,BSE_PRICE_INDEX
BSE_SMALLCAP,BSE SmallCap,2014-12-19,10922.21,,BSE_INDIA_OFFICIAL,https://www.bseindia.com/indices/IndexArchiveData/,2026-07-17T15:24:01,BSE_PRICE_INDEX
BSE_SMALLCAP,BSE SmallCap,2014-12-22,10960.24,,BSE_INDIA_OFFICIAL,https://www.bseindia.com/indices/IndexArchiveData/,2026-07-17T15:24:01,BSE_PRICE_INDEX
BSE_SMALLCAP,BSE SmallCap,2014-12-23,10890.44,,BSE_INDIA_OFFICIAL,https://www.bseindia.com/indices/IndexArchiveData/,2026-07-17T15:24:01,BSE_PRICE_INDEX
BSE_SMALLCAP,BSE SmallCap,2014-12-24,10892.93,,BSE_INDIA_OFFICIAL,https://www.bseindia.com/indices/IndexArchiveData/,2026-07-17T15:24:01,BSE_PRICE_INDEX
BSE_SMALLCAP,BSE SmallCap,2014-12-26,10894.89,,BSE_INDIA_OFFICIAL,https://www.bseindia.com/indices/IndexArchiveData/,2026-07-17T15:24:01,BSE_PRICE_INDEX
BSE_SMALLCAP,BSE SmallCap,2014-12-29,10952.38,,BSE_INDIA_OFFICIAL,https://www.bseindia.com/indices/IndexArchiveData/,2026-07-17T15:24:01,BSE_PRICE_INDEX
BSE_SMALLCAP,BSE SmallCap,2014-12-30,10971.10,,BSE_INDIA_OFFICIAL,https://www.bseindia.com/indices/IndexArchiveData/,2026-07-17T15:24:01,BSE_PRICE_INDEX
BSE_SMALLCAP,BSE SmallCap,2014-12-31,11087.07,,BSE_INDIA_OFFICIAL,https://www.bseindia.com/indices/IndexArchiveData/,2026-07-17T15:24:01,BSE_PRICE_INDEX
BSE_SMALLCAP,BSE SmallCap,2015-01-01,11225.22,,BSE_INDIA_OFFICIAL,https://www.bseindia.com/indices/IndexArchiveData/,2026-07-17T15:24:01,BSE_PRICE_INDEX
BSE_SMALLCAP,BSE SmallCap,2015-01-02,11308.15,,BSE_INDIA_OFFICIAL,https://www.bseindia.com/indices/IndexArchiveData/,2026-07-17T15:24:01,BSE_PRICE_INDEX
BSE_SMALLCAP,BSE SmallCap,2015-01-05,11320.21,,BSE_INDIA_OFFICIAL,https://www.bseindia.com/indices/IndexArchiveData/,2026-07-17T15:24:01,BSE_PRICE_INDEX
BSE_SMALLCAP,BSE SmallCap,2015-01-06,10986.22,,BSE_INDIA_OFFICIAL,https://www.bseindia.com/indices/IndexArchiveData/,2026-07-17T15:24:01,BSE_PRICE_INDEX
BSE_SMALLCAP,BSE SmallCap,2015-01-07,10988.99,,BSE_INDIA_OFFICIAL,https://www.bseindia.com/indices/IndexArchiveData/,2026-07-17T15:24:01,BSE_PRICE_INDEX
BSE_SMALLCAP,BSE SmallCap,2015-01-08,11185.88,,BSE_INDIA_OFFICIAL,https://www.bseindia.com/indices/IndexArchiveData/,2026-07-17T15:24:01,BSE_PRICE_INDEX
BSE_SMALLCAP,BSE SmallCap,2015-01-09,11198.34,,BSE_INDIA_OFFICIAL,https://www.bseindia.com/indices/IndexArchiveData/,2026-07-17T15:24:01,BSE_PRICE_INDEX
BSE_SMALLCAP,BSE SmallCap,2015-01-12,11291.50,,BSE_INDIA_OFFICIAL,https://www.bseindia.com/indices/IndexArchiveData/,2026-07-17T15:24:01,BSE_PRICE_INDEX
BSE_SMALLCAP,BSE SmallCap,2015-01-13,11251.51,,BSE_INDIA_OFFICIAL,https://www.bseindia.com/indices/IndexArchiveData/,2026-07-17T15:24:01,BSE_PRICE_INDEX
BSE_SMALLCAP,BSE SmallCap,2015-01-14,11201.08,,BSE_INDIA_OFFICIAL,https://www.bseindia.com/indices/IndexArchiveData/,2026-07-17T15:24:01,BSE_PRICE_INDEX
BSE_SMALLCAP,BSE SmallCap,2015-01-15,11314.10,,BSE_INDIA_OFFICIAL,https://www.bseindia.com/indices/IndexArchiveData/,2026-07-17T15:24:01,BSE_PRICE_INDEX
BSE_SMALLCAP,BSE SmallCap,2015-01-16,11309.93,,BSE_INDIA_OFFICIAL,https://www.bseindia.com/indices/IndexArchiveData/,2026-07-17T15:24:01,BSE_PRICE_INDEX
BSE_SMALLCAP,BSE SmallCap,2015-01-19,11399.86,,BSE_INDIA_OFFICIAL,https://www.bseindia.com/indices/IndexArchiveData/,2026-07-17T15:24:01,BSE_PRICE_INDEX
BSE_SMALLCAP,BSE SmallCap,2015-01-20,11446.27,,BSE_INDIA_OFFICIAL,https://www.bseindia.com/indices/IndexArchiveData/,2026-07-17T15:24:01,BSE_PRICE_INDEX
BSE_SMALLCAP,BSE SmallCap,2015-01-21,11422.88,,BSE_INDIA_OFFICIAL,https://www.bseindia.com/indices/IndexArchiveData/,2026-07-17T15:24:01,BSE_PRICE_INDEX
BSE_SMALLCAP,BSE SmallCap,2015-01-22,11449.50,,BSE_INDIA_OFFICIAL,https://www.bseindia.com/indices/IndexArchiveData/,2026-07-17T15:24:01,BSE_PRICE_INDEX
BSE_SMALLCAP,BSE SmallCap,2015-01-23,11366.09,,BSE_INDIA_OFFICIAL,https://www.bseindia.com/indices/IndexArchiveData/,2026-07-17T15:24:01,BSE_PRICE_INDEX
BSE_SMALLCAP,BSE SmallCap,2015-01-27,11424.48,,BSE_INDIA_OFFICIAL,https://www.bseindia.com/indices/IndexArchiveData/,2026-07-17T15:24:01,BSE_PRICE_INDEX
BSE_SMALLCAP,BSE SmallCap,2015-01-28,11369.11,,BSE_INDIA_OFFICIAL,https://www.bseindia.com/indices/IndexArchiveData/,2026-07-17T15:24:01,BSE_PRICE_INDEX
BSE_SMALLCAP,BSE SmallCap,2015-01-29,11378.75,,BSE_INDIA_OFFICIAL,https://www.bseindia.com/indices/IndexArchiveData/,2026-07-17T15:24:01,BSE_PRICE_INDEX
BSE_SMALLCAP,BSE SmallCap,2015-01-30,11329.26,,BSE_INDIA_OFFICIAL,https://www.bseindia.com/indices/IndexArchiveData/,2026-07-17T15:24:01,BSE_PRICE_INDEX
BSE_SMALLCAP,BSE SmallCap,2015-02-02,11456.84,,BSE_INDIA_OFFICIAL,https://www.bseindia.com/indices/IndexArchiveData/,2026-07-17T15:24:01,BSE_PRICE_INDEX
BSE_SMALLCAP,BSE SmallCap,2015-02-03,11426.78,,BSE_INDIA_OFFICIAL,https://www.bseindia.com/indices/IndexArchiveData/,2026-07-17T15:24:01,BSE_PRICE_INDEX
BSE_SMALLCAP,BSE SmallCap,2015-02-04,11432.40,,BSE_INDIA_OFFICIAL,https://www.bseindia.com/indices/IndexArchiveData/,2026-07-17T15:24:01,BSE_PRICE_INDEX
BSE_SMALLCAP,BSE SmallCap,2015-02-05,11283.14,,BSE_INDIA_OFFICIAL,https://www.bseindia.com/indices/IndexArchiveData/,2026-07-17T15:24:01,BSE_PRICE_INDEX
BSE_SMALLCAP,BSE SmallCap,2015-02-06,11077.34,,BSE_INDIA_OFFICIAL,https://www.bseindia.com/indices/IndexArchiveData/,2026-07-17T15:24:01,BSE_PRICE_INDEX
BSE_SMALLCAP,BSE SmallCap,2015-02-09,10911.54,,BSE_INDIA_OFFICIAL,https://www.bseindia.com/indices/IndexArchiveData/,2026-07-17T15:24:01,BSE_PRICE_INDEX
BSE_SMALLCAP,BSE SmallCap,2015-02-10,10899.01,,BSE_INDIA_OFFICIAL,https://www.bseindia.com/indices/IndexArchiveData/,2026-07-17T15:24:01,BSE_PRICE_INDEX
BSE_SMALLCAP,BSE SmallCap,2015-02-11,11059.39,,BSE_INDIA_OFFICIAL,https://www.bseindia.com/indices/IndexArchiveData/,2026-07-17T15:24:01,BSE_PRICE_INDEX
BSE_SMALLCAP,BSE SmallCap,2015-02-12,11200.15,,BSE_INDIA_OFFICIAL,https://www.bseindia.com/indices/IndexArchiveData/,2026-07-17T15:24:01,BSE_PRICE_INDEX
BSE_SMALLCAP,BSE SmallCap,2015-02-13,11239.28,,BSE_INDIA_OFFICIAL,https://www.bseindia.com/indices/IndexArchiveData/,2026-07-17T15:24:01,BSE_PRICE_INDEX
BSE_SMALLCAP,BSE SmallCap,2015-02-16,11246.45,,BSE_INDIA_OFFICIAL,https://www.bseindia.com/indices/IndexArchiveData/,2026-07-17T15:24:01,BSE_PRICE_INDEX
BSE_SMALLCAP,BSE SmallCap,2015-02-18,11363.92,,BSE_INDIA_OFFICIAL,https://www.bseindia.com/indices/IndexArchiveData/,2026-07-17T15:24:01,BSE_PRICE_INDEX
BSE_SMALLCAP,BSE SmallCap,2015-02-19,11374.76,,BSE_INDIA_OFFICIAL,https://www.bseindia.com/indices/IndexArchiveData/,2026-07-17T15:24:01,BSE_PRICE_INDEX
BSE_SMALLCAP,BSE SmallCap,2015-02-20,11426.24,,BSE_INDIA_OFFICIAL,https://www.bseindia.com/indices/IndexArchiveData/,2026-07-17T15:24:01,BSE_PRICE_INDEX
BSE_SMALLCAP,BSE SmallCap,2015-02-23,11389.48,,BSE_INDIA_OFFICIAL,https://www.bseindia.com/indices/IndexArchiveData/,2026-07-17T15:24:01,BSE_PRICE_INDEX
BSE_SMALLCAP,BSE SmallCap,2015-02-24,11300.11,,BSE_INDIA_OFFICIAL,https://www.bseindia.com/indices/IndexArchiveData/,2026-07-17T15:24:01,BSE_PRICE_INDEX
BSE_SMALLCAP,BSE SmallCap,2015-02-25,11254.82,,BSE_INDIA_OFFICIAL,https://www.bseindia.com/indices/IndexArchiveData/,2026-07-17T15:24:01,BSE_PRICE_INDEX
BSE_SMALLCAP,BSE SmallCap,2015-02-26,11163.76,,BSE_INDIA_OFFICIAL,https://www.bseindia.com/indices/IndexArchiveData/,2026-07-17T15:24:01,BSE_PRICE_INDEX
BSE_SMALLCAP,BSE SmallCap,2015-02-27,11319.56,,BSE_INDIA_OFFICIAL,https://www.bseindia.com/indices/IndexArchiveData/,2026-07-17T15:24:01,BSE_PRICE_INDEX
BSE_SMALLCAP,BSE SmallCap,2015-02-28,11266.44,,BSE_INDIA_OFFICIAL,https://www.bseindia.com/indices/IndexArchiveData/,2026-07-17T15:24:01,BSE_PRICE_INDEX
BSE_SMALLCAP,BSE SmallCap,2015-03-02,11370.80,,BSE_INDIA_OFFICIAL,https://www.bseindia.com/indices/IndexArchiveData/,2026-07-17T15:24:01,BSE_PRICE_INDEX
BSE_SMALLCAP,BSE SmallCap,2015-03-03,11528.89,,BSE_INDIA_OFFICIAL,https://www.bseindia.com/indices/IndexArchiveData/,2026-07-17T15:24:01,BSE_PRICE_INDEX
BSE_SMALLCAP,BSE SmallCap,2015-03-04,11381.65,,BSE_INDIA_OFFICIAL,https://www.bseindia.com/indices/IndexArchiveData/,2026-07-17T15:24:01,BSE_PRICE_INDEX
BSE_SMALLCAP,BSE SmallCap,2015-03-05,11456.85,,BSE_INDIA_OFFICIAL,https://www.bseindia.com/indices/IndexArchiveData/,2026-07-17T15:24:01,BSE_PRICE_INDEX
BSE_SMALLCAP,BSE SmallCap,2015-03-09,11351.94,,BSE_INDIA_OFFICIAL,https://www.bseindia.com/indices/IndexArchiveData/,2026-07-17T15:24:01,BSE_PRICE_INDEX
BSE_SMALLCAP,BSE SmallCap,2015-03-10,11319.62,,BSE_INDIA_OFFICIAL,https://www.bseindia.com/indices/IndexArchiveData/,2026-07-17T15:24:01,BSE_PRICE_INDEX
BSE_SMALLCAP,BSE SmallCap,2015-03-11,11283.78,,BSE_INDIA_OFFICIAL,https://www.bseindia.com/indices/IndexArchiveData/,2026-07-17T15:24:01,BSE_PRICE_INDEX
BSE_SMALLCAP,BSE SmallCap,2015-03-12,11385.31,,BSE_INDIA_OFFICIAL,https://www.bseindia.com/indices/IndexArchiveData/,2026-07-17T15:24:01,BSE_PRICE_INDEX
BSE_SMALLCAP,BSE SmallCap,2015-03-13,11209.56,,BSE_INDIA_OFFICIAL,https://www.bseindia.com/indices/IndexArchiveData/,2026-07-17T15:24:01,BSE_PRICE_INDEX
BSE_SMALLCAP,BSE SmallCap,2015-03-16,11111.82,,BSE_INDIA_OFFICIAL,https://www.bseindia.com/indices/IndexArchiveData/,2026-07-17T15:24:01,BSE_PRICE_INDEX
BSE_SMALLCAP,BSE SmallCap,2015-03-17,11134.41,,BSE_INDIA_OFFICIAL,https://www.bseindia.com/indices/IndexArchiveData/,2026-07-17T15:24:01,BSE_PRICE_INDEX
BSE_SMALLCAP,BSE SmallCap,2015-03-18,11162.17,,BSE_INDIA_OFFICIAL,https://www.bseindia.com/indices/IndexArchiveData/,2026-07-17T15:24:01,BSE_PRICE_INDEX
BSE_SMALLCAP,BSE SmallCap,2015-03-19,11097.78,,BSE_INDIA_OFFICIAL,https://www.bseindia.com/indices/IndexArchiveData/,2026-07-17T15:24:01,BSE_PRICE_INDEX
BSE_SMALLCAP,BSE SmallCap,2015-03-20,10859.75,,BSE_INDIA_OFFICIAL,https://www.bseindia.com/indices/IndexArchiveData/,2026-07-17T15:24:01,BSE_PRICE_INDEX
BSE_SMALLCAP,BSE SmallCap,2015-03-23,10720.03,,BSE_INDIA_OFFICIAL,https://www.bseindia.com/indices/IndexArchiveData/,2026-07-17T15:24:01,BSE_PRICE_INDEX
BSE_SMALLCAP,BSE SmallCap,2015-03-24,10650.93,,BSE_INDIA_OFFICIAL,https://www.bseindia.com/indices/IndexArchiveData/,2026-07-17T15:24:01,BSE_PRICE_INDEX
BSE_SMALLCAP,BSE SmallCap,2015-03-25,10579.96,,BSE_INDIA_OFFICIAL,https://www.bseindia.com/indices/IndexArchiveData/,2026-07-17T15:24:01,BSE_PRICE_INDEX
BSE_SMALLCAP,BSE SmallCap,2015-03-26,10474.56,,BSE_INDIA_OFFICIAL,https://www.bseindia.com/indices/IndexArchiveData/,2026-07-17T15:24:01,BSE_PRICE_INDEX
BSE_SMALLCAP,BSE SmallCap,2015-03-27,10440.69,,BSE_INDIA_OFFICIAL,https://www.bseindia.com/indices/IndexArchiveData/,2026-07-17T15:24:01,BSE_PRICE_INDEX
BSE_SMALLCAP,BSE SmallCap,2015-03-30,10795.40,,BSE_INDIA_OFFICIAL,https://www.bseindia.com/indices/IndexArchiveData/,2026-07-17T15:24:01,BSE_PRICE_INDEX
BSE_SMALLCAP,BSE SmallCap,2015-03-31,10890.45,,BSE_INDIA_OFFICIAL,https://www.bseindia.com/indices/IndexArchiveData/,2026-07-17T15:24:01,BSE_PRICE_INDEX
BSE_SMALLCAP,BSE SmallCap,2015-04-01,11146.72,,BSE_INDIA_OFFICIAL,https://www.bseindia.com/indices/IndexArchiveData/,2026-07-17T15:24:01,BSE_PRICE_INDEX
BSE_SMALLCAP,BSE SmallCap,2015-04-06,11299.30,,BSE_INDIA_OFFICIAL,https://www.bseindia.com/indices/IndexArchiveData/,2026-07-17T15:24:01,BSE_PRICE_INDEX
BSE_SMALLCAP,BSE SmallCap,2015-04-07,11431.08,,BSE_INDIA_OFFICIAL,https://www.bseindia.com/indices/IndexArchiveData/,2026-07-17T15:24:01,BSE_PRICE_INDEX
BSE_SMALLCAP,BSE SmallCap,2015-04-08,11635.38,,BSE_INDIA_OFFICIAL,https://www.bseindia.com/indices/IndexArchiveData/,2026-07-17T15:24:01,BSE_PRICE_INDEX
BSE_SMALLCAP,BSE SmallCap,2015-04-09,11717.48,,BSE_INDIA_OFFICIAL,https://www.bseindia.com/indices/IndexArchiveData/,2026-07-17T15:24:01,BSE_PRICE_INDEX
BSE_SMALLCAP,BSE SmallCap,2015-04-10,11846.33,,BSE_INDIA_OFFICIAL,https://www.bseindia.com/indices/IndexArchiveData/,2026-07-17T15:24:01,BSE_PRICE_INDEX
BSE_SMALLCAP,BSE SmallCap,2015-04-13,11942.03,,BSE_INDIA_OFFICIAL,https://www.bseindia.com/indices/IndexArchiveData/,2026-07-17T15:24:01,BSE_PRICE_INDEX
BSE_SMALLCAP,BSE SmallCap,2015-04-15,11901.39,,BSE_INDIA_OFFICIAL,https://www.bseindia.com/indices/IndexArchiveData/,2026-07-17T15:24:01,BSE_PRICE_INDEX
BSE_SMALLCAP,BSE SmallCap,2015-04-16,11792.74,,BSE_INDIA_OFFICIAL,https://www.bseindia.com/indices/IndexArchiveData/,2026-07-17T15:24:01,BSE_PRICE_INDEX
BSE_SMALLCAP,BSE SmallCap,2015-04-17,11622.23,,BSE_INDIA_OFFICIAL,https://www.bseindia.com/indices/IndexArchiveData/,2026-07-17T15:24:01,BSE_PRICE_INDEX
BSE_SMALLCAP,BSE SmallCap,2015-04-20,11369.59,,BSE_INDIA_OFFICIAL,https://www.bseindia.com/indices/IndexArchiveData/,2026-07-17T15:24:01,BSE_PRICE_INDEX
BSE_SMALLCAP,BSE SmallCap,2015-04-21,11332.89,,BSE_INDIA_OFFICIAL,https://www.bseindia.com/indices/IndexArchiveData/,2026-07-17T15:24:01,BSE_PRICE_INDEX
BSE_SMALLCAP,BSE SmallCap,2015-04-22,11328.51,,BSE_INDIA_OFFICIAL,https://www.bseindia.com/indices/IndexArchiveData/,2026-07-17T15:24:01,BSE_PRICE_INDEX
BSE_SMALLCAP,BSE SmallCap,2015-04-23,11309.90,,BSE_INDIA_OFFICIAL,https://www.bseindia.com/indices/IndexArchiveData/,2026-07-17T15:24:01,BSE_PRICE_INDEX
BSE_SMALLCAP,BSE SmallCap,2015-04-24,11008.62,,BSE_INDIA_OFFICIAL,https://www.bseindia.com/indices/IndexArchiveData/,2026-07-17T15:24:01,BSE_PRICE_INDEX
BSE_SMALLCAP,BSE SmallCap,2015-04-27,10694.81,,BSE_INDIA_OFFICIAL,https://www.bseindia.com/indices/IndexArchiveData/,2026-07-17T15:24:01,BSE_PRICE_INDEX
BSE_SMALLCAP,BSE SmallCap,2015-04-28,10840.87,,BSE_INDIA_OFFICIAL,https://www.bseindia.com/indices/IndexArchiveData/,2026-07-17T15:24:01,BSE_PRICE_INDEX
BSE_SMALLCAP,BSE SmallCap,2015-04-29,10960.52,,BSE_INDIA_OFFICIAL,https://www.bseindia.com/indices/IndexArchiveData/,2026-07-17T15:24:01,BSE_PRICE_INDEX
BSE_SMALLCAP,BSE SmallCap,2015-04-30,10944.03,,BSE_INDIA_OFFICIAL,https://www.bseindia.com/indices/IndexArchiveData/,2026-07-17T15:24:01,BSE_PRICE_INDEX
BSE_SMALLCAP,BSE SmallCap,2015-05-04,11169.65,,BSE_INDIA_OFFICIAL,https://www.bseindia.com/indices/IndexArchiveData/,2026-07-17T15:24:01,BSE_PRICE_INDEX
BSE_SMALLCAP,BSE SmallCap,2015-05-05,11178.17,,BSE_INDIA_OFFICIAL,https://www.bseindia.com/indices/IndexArchiveData/,2026-07-17T15:24:01,BSE_PRICE_INDEX
BSE_SMALLCAP,BSE SmallCap,2015-05-06,10829.79,,BSE_INDIA_OFFICIAL,https://www.bseindia.com/indices/IndexArchiveData/,2026-07-17T15:24:01,BSE_PRICE_INDEX
BSE_SMALLCAP,BSE SmallCap,2015-05-07,10647.99,,BSE_INDIA_OFFICIAL,https://www.bseindia.com/indices/IndexArchiveData/,2026-07-17T15:24:01,BSE_PRICE_INDEX
BSE_SMALLCAP,BSE SmallCap,2015-05-08,10829.06,,BSE_INDIA_OFFICIAL,https://www.bseindia.com/indices/IndexArchiveData/,2026-07-17T15:24:01,BSE_PRICE_INDEX
BSE_SMALLCAP,BSE SmallCap,2015-05-11,10967.62,,BSE_INDIA_OFFICIAL,https://www.bseindia.com/indices/IndexArchiveData/,2026-07-17T15:24:01,BSE_PRICE_INDEX
BSE_SMALLCAP,BSE SmallCap,2015-05-12,10778.70,,BSE_INDIA_OFFICIAL,https://www.bseindia.com/indices/IndexArchiveData/,2026-07-17T15:24:01,BSE_PRICE_INDEX
BSE_SMALLCAP,BSE SmallCap,2015-05-13,10872.85,,BSE_INDIA_OFFICIAL,https://www.bseindia.com/indices/IndexArchiveData/,2026-07-17T15:24:01,BSE_PRICE_INDEX
BSE_SMALLCAP,BSE SmallCap,2015-05-14,10972.34,,BSE_INDIA_OFFICIAL,https://www.bseindia.com/indices/IndexArchiveData/,2026-07-17T15:24:01,BSE_PRICE_INDEX
BSE_SMALLCAP,BSE SmallCap,2015-05-15,11040.79,,BSE_INDIA_OFFICIAL,https://www.bseindia.com/indices/IndexArchiveData/,2026-07-17T15:24:01,BSE_PRICE_INDEX
BSE_SMALLCAP,BSE SmallCap,2015-05-18,11147.92,,BSE_INDIA_OFFICIAL,https://www.bseindia.com/indices/IndexArchiveData/,2026-07-17T15:24:01,BSE_PRICE_INDEX
BSE_SMALLCAP,BSE SmallCap,2015-05-19,11187.73,,BSE_INDIA_OFFICIAL,https://www.bseindia.com/indices/IndexArchiveData/,2026-07-17T15:24:01,BSE_PRICE_INDEX
BSE_SMALLCAP,BSE SmallCap,2015-05-20,11206.85,,BSE_INDIA_OFFICIAL,https://www.bseindia.com/indices/IndexArchiveData/,2026-07-17T15:24:01,BSE_PRICE_INDEX
BSE_SMALLCAP,BSE SmallCap,2015-05-21,11200.86,,BSE_INDIA_OFFICIAL,https://www.bseindia.com/indices/IndexArchiveData/,2026-07-17T15:24:01,BSE_PRICE_INDEX
BSE_SMALLCAP,BSE SmallCap,2015-05-22,11207.66,,BSE_INDIA_OFFICIAL,https://www.bseindia.com/indices/IndexArchiveData/,2026-07-17T15:24:01,BSE_PRICE_INDEX
BSE_SMALLCAP,BSE SmallCap,2015-05-25,11183.38,,BSE_INDIA_OFFICIAL,https://www.bseindia.com/indices/IndexArchiveData/,2026-07-17T15:24:01,BSE_PRICE_INDEX
BSE_SMALLCAP,BSE SmallCap,2015-05-26,11165.65,,BSE_INDIA_OFFICIAL,https://www.bseindia.com/indices/IndexArchiveData/,2026-07-17T15:24:01,BSE_PRICE_INDEX
BSE_SMALLCAP,BSE SmallCap,2015-05-27,11162.41,,BSE_INDIA_OFFICIAL,https://www.bseindia.com/indices/IndexArchiveData/,2026-07-17T15:24:01,BSE_PRICE_INDEX
BSE_SMALLCAP,BSE SmallCap,2015-05-28,11145.04,,BSE_INDIA_OFFICIAL,https://www.bseindia.com/indices/IndexArchiveData/,2026-07-17T15:24:01,BSE_PRICE_INDEX
BSE_SMALLCAP,BSE SmallCap,2015-05-29,11280.57,,BSE_INDIA_OFFICIAL,https://www.bseindia.com/indices/IndexArchiveData/,2026-07-17T15:24:01,BSE_PRICE_INDEX
BSE_SMALLCAP,BSE SmallCap,2015-06-01,11279.78,,BSE_INDIA_OFFICIAL,https://www.bseindia.com/indices/IndexArchiveData/,2026-07-17T15:24:01,BSE_PRICE_INDEX
BSE_SMALLCAP,BSE SmallCap,2015-06-02,11047.18,,BSE_INDIA_OFFICIAL,https://www.bseindia.com/indices/IndexArchiveData/,2026-07-17T15:24:01,BSE_PRICE_INDEX
BSE_SMALLCAP,BSE SmallCap,2015-06-03,10828.18,,BSE_INDIA_OFFICIAL,https://www.bseindia.com/indices/IndexArchiveData/,2026-07-17T15:24:01,BSE_PRICE_INDEX
BSE_SMALLCAP,BSE SmallCap,2015-06-04,10823.73,,BSE_INDIA_OFFICIAL,https://www.bseindia.com/indices/IndexArchiveData/,2026-07-17T15:24:01,BSE_PRICE_INDEX
BSE_SMALLCAP,BSE SmallCap,2015-06-05,10851.50,,BSE_INDIA_OFFICIAL,https://www.bseindia.com/indices/IndexArchiveData/,2026-07-17T15:24:01,BSE_PRICE_INDEX
BSE_SMALLCAP,BSE SmallCap,2015-06-08,10697.56,,BSE_INDIA_OFFICIAL,https://www.bseindia.com/indices/IndexArchiveData/,2026-07-17T15:24:01,BSE_PRICE_INDEX
BSE_SMALLCAP,BSE SmallCap,2015-06-09,10661.85,,BSE_INDIA_OFFICIAL,https://www.bseindia.com/indices/IndexArchiveData/,2026-07-17T15:24:01,BSE_PRICE_INDEX
BSE_SMALLCAP,BSE SmallCap,2015-06-10,10779.75,,BSE_INDIA_OFFICIAL,https://www.bseindia.com/indices/IndexArchiveData/,2026-07-17T15:24:01,BSE_PRICE_INDEX
BSE_SMALLCAP,BSE SmallCap,2015-06-11,10612.18,,BSE_INDIA_OFFICIAL,https://www.bseindia.com/indices/IndexArchiveData/,2026-07-17T15:24:01,BSE_PRICE_INDEX
BSE_SMALLCAP,BSE SmallCap,2015-06-12,10573.78,,BSE_INDIA_OFFICIAL,https://www.bseindia.com/indices/IndexArchiveData/,2026-07-17T15:24:01,BSE_PRICE_INDEX
BSE_SMALLCAP,BSE SmallCap,2015-06-15,10618.40,,BSE_INDIA_OFFICIAL,https://www.bseindia.com/indices/IndexArchiveData/,2026-07-17T15:24:01,BSE_PRICE_INDEX
BSE_SMALLCAP,BSE SmallCap,2015-06-16,10654.90,,BSE_INDIA_OFFICIAL,https://www.bseindia.com/indices/IndexArchiveData/,2026-07-17T15:24:01,BSE_PRICE_INDEX
BSE_SMALLCAP,BSE SmallCap,2015-06-17,10796.55,,BSE_INDIA_OFFICIAL,https://www.bseindia.com/indices/IndexArchiveData/,2026-07-17T15:24:01,BSE_PRICE_INDEX
BSE_SMALLCAP,BSE SmallCap,2015-06-18,10911.70,,BSE_INDIA_OFFICIAL,https://www.bseindia.com/indices/IndexArchiveData/,2026-07-17T15:24:01,BSE_PRICE_INDEX
BSE_SMALLCAP,BSE SmallCap,2015-06-19,10942.79,,BSE_INDIA_OFFICIAL,https://www.bseindia.com/indices/IndexArchiveData/,2026-07-17T15:24:01,BSE_PRICE_INDEX
BSE_SMALLCAP,BSE SmallCap,2015-06-22,11095.50,,BSE_INDIA_OFFICIAL,https://www.bseindia.com/indices/IndexArchiveData/,2026-07-17T15:24:01,BSE_PRICE_INDEX
BSE_SMALLCAP,BSE SmallCap,2015-06-23,11144.97,,BSE_INDIA_OFFICIAL,https://www.bseindia.com/indices/IndexArchiveData/,2026-07-17T15:24:01,BSE_PRICE_INDEX
BSE_SMALLCAP,BSE SmallCap,2015-06-24,11083.65,,BSE_INDIA_OFFICIAL,https://www.bseindia.com/indices/IndexArchiveData/,2026-07-17T15:24:01,BSE_PRICE_INDEX
BSE_SMALLCAP,BSE SmallCap,2015-06-25,11109.30,,BSE_INDIA_OFFICIAL,https://www.bseindia.com/indices/IndexArchiveData/,2026-07-17T15:24:01,BSE_PRICE_INDEX
BSE_SMALLCAP,BSE SmallCap,2015-06-26,11124.49,,BSE_INDIA_OFFICIAL,https://www.bseindia.com/indices/IndexArchiveData/,2026-07-17T15:24:01,BSE_PRICE_INDEX
BSE_SMALLCAP,BSE SmallCap,2015-06-29,10958.56,,BSE_INDIA_OFFICIAL,https://www.bseindia.com/indices/IndexArchiveData/,2026-07-17T15:24:01,BSE_PRICE_INDEX
BSE_SMALLCAP,BSE SmallCap,2015-06-30,11075.35,,BSE_INDIA_OFFICIAL,https://www.bseindia.com/indices/IndexArchiveData/,2026-07-17T15:24:01,BSE_PRICE_INDEX
BSE_SMALLCAP,BSE SmallCap,2015-07-01,11235.68,,BSE_INDIA_OFFICIAL,https://www.bseindia.com/indices/IndexArchiveData/,2026-07-17T15:24:01,BSE_PRICE_INDEX
BSE_SMALLCAP,BSE SmallCap,2015-07-02,11299.99,,BSE_INDIA_OFFICIAL,https://www.bseindia.com/indices/IndexArchiveData/,2026-07-17T15:24:01,BSE_PRICE_INDEX
BSE_SMALLCAP,BSE SmallCap,2015-07-03,11303.58,,BSE_INDIA_OFFICIAL,https://www.bseindia.com/indices/IndexArchiveData/,2026-07-17T15:24:01,BSE_PRICE_INDEX
BSE_SMALLCAP,BSE SmallCap,2015-07-06,11426.99,,BSE_INDIA_OFFICIAL,https://www.bseindia.com/indices/IndexArchiveData/,2026-07-17T15:24:01,BSE_PRICE_INDEX
BSE_SMALLCAP,BSE SmallCap,2015-07-07,11498.32,,BSE_INDIA_OFFICIAL,https://www.bseindia.com/indices/IndexArchiveData/,2026-07-17T15:24:01,BSE_PRICE_INDEX
BSE_SMALLCAP,BSE SmallCap,2015-07-08,11351.27,,BSE_INDIA_OFFICIAL,https://www.bseindia.com/indices/IndexArchiveData/,2026-07-17T15:24:01,BSE_PRICE_INDEX
BSE_SMALLCAP,BSE SmallCap,2015-07-09,11313.98,,BSE_INDIA_OFFICIAL,https://www.bseindia.com/indices/IndexArchiveData/,2026-07-17T15:24:01,BSE_PRICE_INDEX
BSE_SMALLCAP,BSE SmallCap,2015-07-10,11335.94,,BSE_INDIA_OFFICIAL,https://www.bseindia.com/indices/IndexArchiveData/,2026-07-17T15:24:01,BSE_PRICE_INDEX
BSE_SMALLCAP,BSE SmallCap,2015-07-13,11480.12,,BSE_INDIA_OFFICIAL,https://www.bseindia.com/indices/IndexArchiveData/,2026-07-17T15:24:01,BSE_PRICE_INDEX
BSE_SMALLCAP,BSE SmallCap,2015-07-14,11521.92,,BSE_INDIA_OFFICIAL,https://www.bseindia.com/indices/IndexArchiveData/,2026-07-17T15:24:01,BSE_PRICE_INDEX
BSE_SMALLCAP,BSE SmallCap,2015-07-15,11578.69,,BSE_INDIA_OFFICIAL,https://www.bseindia.com/indices/IndexArchiveData/,2026-07-17T15:24:01,BSE_PRICE_INDEX
BSE_SMALLCAP,BSE SmallCap,2015-07-16,11665.43,,BSE_INDIA_OFFICIAL,https://www.bseindia.com/indices/IndexArchiveData/,2026-07-17T15:24:01,BSE_PRICE_INDEX
BSE_SMALLCAP,BSE SmallCap,2015-07-17,11716.37,,BSE_INDIA_OFFICIAL,https://www.bseindia.com/indices/IndexArchiveData/,2026-07-17T15:24:01,BSE_PRICE_INDEX
BSE_SMALLCAP,BSE SmallCap,2015-07-20,11763.34,,BSE_INDIA_OFFICIAL,https://www.bseindia.com/indices/IndexArchiveData/,2026-07-17T15:24:01,BSE_PRICE_INDEX
BSE_SMALLCAP,BSE SmallCap,2015-07-21,11576.82,,BSE_INDIA_OFFICIAL,https://www.bseindia.com/indices/IndexArchiveData/,2026-07-17T15:24:01,BSE_PRICE_INDEX
BSE_SMALLCAP,BSE SmallCap,2015-07-22,11676.16,,BSE_INDIA_OFFICIAL,https://www.bseindia.com/indices/IndexArchiveData/,2026-07-17T15:24:01,BSE_PRICE_INDEX
BSE_SMALLCAP,BSE SmallCap,2015-07-23,11736.13,,BSE_INDIA_OFFICIAL,https://www.bseindia.com/indices/IndexArchiveData/,2026-07-17T15:24:01,BSE_PRICE_INDEX
BSE_SMALLCAP,BSE SmallCap,2015-07-24,11668.12,,BSE_INDIA_OFFICIAL,https://www.bseindia.com/indices/IndexArchiveData/,2026-07-17T15:24:01,BSE_PRICE_INDEX
BSE_SMALLCAP,BSE SmallCap,2015-07-27,11543.11,,BSE_INDIA_OFFICIAL,https://www.bseindia.com/indices/IndexArchiveData/,2026-07-17T15:24:01,BSE_PRICE_INDEX
BSE_SMALLCAP,BSE SmallCap,2015-07-28,11522.93,,BSE_INDIA_OFFICIAL,https://www.bseindia.com/indices/IndexArchiveData/,2026-07-17T15:24:01,BSE_PRICE_INDEX
BSE_SMALLCAP,BSE SmallCap,2015-07-29,11619.02,,BSE_INDIA_OFFICIAL,https://www.bseindia.com/indices/IndexArchiveData/,2026-07-17T15:24:01,BSE_PRICE_INDEX
BSE_SMALLCAP,BSE SmallCap,2015-07-30,11723.88,,BSE_INDIA_OFFICIAL,https://www.bseindia.com/indices/IndexArchiveData/,2026-07-17T15:24:01,BSE_PRICE_INDEX
BSE_SMALLCAP,BSE SmallCap,2015-07-31,11830.80,,BSE_INDIA_OFFICIAL,https://www.bseindia.com/indices/IndexArchiveData/,2026-07-17T15:24:01,BSE_PRICE_INDEX
BSE_SMALLCAP,BSE SmallCap,2015-08-03,11941.20,,BSE_INDIA_OFFICIAL,https://www.bseindia.com/indices/IndexArchiveData/,2026-07-17T15:24:01,BSE_PRICE_INDEX
BSE_SMALLCAP,BSE SmallCap,2015-08-04,12021.14,,BSE_INDIA_OFFICIAL,https://www.bseindia.com/indices/IndexArchiveData/,2026-07-17T15:24:01,BSE_PRICE_INDEX
BSE_SMALLCAP,BSE SmallCap,2015-08-05,12136.01,,BSE_INDIA_OFFICIAL,https://www.bseindia.com/indices/IndexArchiveData/,2026-07-17T15:24:01,BSE_PRICE_INDEX
BSE_SMALLCAP,BSE SmallCap,2015-08-06,12121.68,,BSE_INDIA_OFFICIAL,https://www.bseindia.com/indices/IndexArchiveData/,2026-07-17T15:24:01,BSE_PRICE_INDEX
BSE_SMALLCAP,BSE SmallCap,2015-08-07,12104.47,,BSE_INDIA_OFFICIAL,https://www.bseindia.com/indices/IndexArchiveData/,2026-07-17T15:24:01,BSE_PRICE_INDEX
BSE_SMALLCAP,BSE SmallCap,2015-08-10,12054.99,,BSE_INDIA_OFFICIAL,https://www.bseindia.com/indices/IndexArchiveData/,2026-07-17T15:24:01,BSE_PRICE_INDEX
BSE_SMALLCAP,BSE SmallCap,2015-08-11,11919.04,,BSE_INDIA_OFFICIAL,https://www.bseindia.com/indices/IndexArchiveData/,2026-07-17T15:24:01,BSE_PRICE_INDEX
BSE_SMALLCAP,BSE SmallCap,2015-08-12,11664.73,,BSE_INDIA_OFFICIAL,https://www.bseindia.com/indices/IndexArchiveData/,2026-07-17T15:24:01,BSE_PRICE_INDEX
BSE_SMALLCAP,BSE SmallCap,2015-08-13,11567.64,,BSE_INDIA_OFFICIAL,https://www.bseindia.com/indices/IndexArchiveData/,2026-07-17T15:24:01,BSE_PRICE_INDEX
BSE_SMALLCAP,BSE SmallCap,2015-08-14,11766.78,,BSE_INDIA_OFFICIAL,https://www.bseindia.com/indices/IndexArchiveData/,2026-07-17T15:24:01,BSE_PRICE_INDEX
BSE_SMALLCAP,BSE SmallCap,2015-08-17,11791.61,,BSE_INDIA_OFFICIAL,https://www.bseindia.com/indices/IndexArchiveData/,2026-07-17T15:24:01,BSE_PRICE_INDEX
BSE_SMALLCAP,BSE SmallCap,2015-08-18,11891.91,,BSE_INDIA_OFFICIAL,https://www.bseindia.com/indices/IndexArchiveData/,2026-07-17T15:24:01,BSE_PRICE_INDEX
BSE_SMALLCAP,BSE SmallCap,2015-08-19,11920.69,,BSE_INDIA_OFFICIAL,https://www.bseindia.com/indices/IndexArchiveData/,2026-07-17T15:24:01,BSE_PRICE_INDEX
BSE_SMALLCAP,BSE SmallCap,2015-08-20,11680.81,,BSE_INDIA_OFFICIAL,https://www.bseindia.com/indices/IndexArchiveData/,2026-07-17T15:24:01,BSE_PRICE_INDEX
BSE_SMALLCAP,BSE SmallCap,2015-08-21,11610.44,,BSE_INDIA_OFFICIAL,https://www.bseindia.com/indices/IndexArchiveData/,2026-07-17T15:24:01,BSE_PRICE_INDEX
BSE_SMALLCAP,BSE SmallCap,2015-08-24,10587.90,,BSE_INDIA_OFFICIAL,https://www.bseindia.com/indices/IndexArchiveData/,2026-07-17T15:24:01,BSE_PRICE_INDEX
BSE_SMALLCAP,BSE SmallCap,2015-08-25,10694.67,,BSE_INDIA_OFFICIAL,https://www.bseindia.com/indices/IndexArchiveData/,2026-07-17T15:24:01,BSE_PRICE_INDEX
BSE_SMALLCAP,BSE SmallCap,2015-08-26,10711.73,,BSE_INDIA_OFFICIAL,https://www.bseindia.com/indices/IndexArchiveData/,2026-07-17T15:24:01,BSE_PRICE_INDEX
BSE_SMALLCAP,BSE SmallCap,2015-08-27,10985.54,,BSE_INDIA_OFFICIAL,https://www.bseindia.com/indices/IndexArchiveData/,2026-07-17T15:24:01,BSE_PRICE_INDEX
BSE_SMALLCAP,BSE SmallCap,2015-08-28,10992.82,,BSE_INDIA_OFFICIAL,https://www.bseindia.com/indices/IndexArchiveData/,2026-07-17T15:24:01,BSE_PRICE_INDEX
BSE_SMALLCAP,BSE SmallCap,2015-08-31,10971.27,,BSE_INDIA_OFFICIAL,https://www.bseindia.com/indices/IndexArchiveData/,2026-07-17T15:24:01,BSE_PRICE_INDEX
BSE_SMALLCAP,BSE SmallCap,2015-09-01,10733.38,,BSE_INDIA_OFFICIAL,https://www.bseindia.com/indices/IndexArchiveData/,2026-07-17T15:24:01,BSE_PRICE_INDEX
BSE_SMALLCAP,BSE SmallCap,2015-09-02,10749.63,,BSE_INDIA_OFFICIAL,https://www.bseindia.com/indices/IndexArchiveData/,2026-07-17T15:24:01,BSE_PRICE_INDEX
BSE_SMALLCAP,BSE SmallCap,2015-09-03,10873.55,,BSE_INDIA_OFFICIAL,https://www.bseindia.com/indices/IndexArchiveData/,2026-07-17T15:24:01,BSE_PRICE_INDEX
BSE_SMALLCAP,BSE SmallCap,2015-09-04,10605.24,,BSE_INDIA_OFFICIAL,https://www.bseindia.com/indices/IndexArchiveData/,2026-07-17T15:24:01,BSE_PRICE_INDEX
BSE_SMALLCAP,BSE SmallCap,2015-09-07,10418.63,,BSE_INDIA_OFFICIAL,https://www.bseindia.com/indices/IndexArchiveData/,2026-07-17T15:24:01,BSE_PRICE_INDEX
BSE_SMALLCAP,BSE SmallCap,2015-09-08,10481.66,,BSE_INDIA_OFFICIAL,https://www.bseindia.com/indices/IndexArchiveData/,2026-07-17T15:24:01,BSE_PRICE_INDEX
BSE_SMALLCAP,BSE SmallCap,2015-09-09,10674.77,,BSE_INDIA_OFFICIAL,https://www.bseindia.com/indices/IndexArchiveData/,2026-07-17T15:24:01,BSE_PRICE_INDEX
BSE_SMALLCAP,BSE SmallCap,2015-09-10,10631.62,,BSE_INDIA_OFFICIAL,https://www.bseindia.com/indices/IndexArchiveData/,2026-07-17T15:24:01,BSE_PRICE_INDEX
BSE_SMALLCAP,BSE SmallCap,2015-09-11,10698.61,,BSE_INDIA_OFFICIAL,https://www.bseindia.com/indices/IndexArchiveData/,2026-07-17T15:24:01,BSE_PRICE_INDEX
BSE_SMALLCAP,BSE SmallCap,2015-09-14,10792.91,,BSE_INDIA_OFFICIAL,https://www.bseindia.com/indices/IndexArchiveData/,2026-07-17T15:24:01,BSE_PRICE_INDEX
BSE_SMALLCAP,BSE SmallCap,2015-09-15,10733.14,,BSE_INDIA_OFFICIAL,https://www.bseindia.com/indices/IndexArchiveData/,2026-07-17T15:24:01,BSE_PRICE_INDEX
BSE_SMALLCAP,BSE SmallCap,2015-09-16,10685.60,,BSE_INDIA_OFFICIAL,https://www.bseindia.com/indices/IndexArchiveData/,2026-07-17T15:24:01,BSE_PRICE_INDEX
BSE_SMALLCAP,BSE SmallCap,2015-09-18,10804.06,,BSE_INDIA_OFFICIAL,https://www.bseindia.com/indices/IndexArchiveData/,2026-07-17T15:24:01,BSE_PRICE_INDEX
BSE_SMALLCAP,BSE SmallCap,2015-09-21,10935.30,,BSE_INDIA_OFFICIAL,https://www.bseindia.com/indices/IndexArchiveData/,2026-07-17T15:24:01,BSE_PRICE_INDEX
BSE_SMALLCAP,BSE SmallCap,2015-09-22,10802.87,,BSE_INDIA_OFFICIAL,https://www.bseindia.com/indices/IndexArchiveData/,2026-07-17T15:24:01,BSE_PRICE_INDEX
BSE_SMALLCAP,BSE SmallCap,2015-09-23,10879.56,,BSE_INDIA_OFFICIAL,https://www.bseindia.com/indices/IndexArchiveData/,2026-07-17T15:24:01,BSE_PRICE_INDEX
BSE_SMALLCAP,BSE SmallCap,2015-09-24,10942.14,,BSE_INDIA_OFFICIAL,https://www.bseindia.com/indices/IndexArchiveData/,2026-07-17T15:24:01,BSE_PRICE_INDEX
BSE_SMALLCAP,BSE SmallCap,2015-09-28,10916.07,,BSE_INDIA_OFFICIAL,https://www.bseindia.com/indices/IndexArchiveData/,2026-07-17T15:24:01,BSE_PRICE_INDEX
BSE_SMALLCAP,BSE SmallCap,2015-09-29,10903.71,,BSE_INDIA_OFFICIAL,https://www.bseindia.com/indices/IndexArchiveData/,2026-07-17T15:24:01,BSE_PRICE_INDEX
BSE_SMALLCAP,BSE SmallCap,2015-09-30,11020.83,,BSE_INDIA_OFFICIAL,https://www.bseindia.com/indices/IndexArchiveData/,2026-07-17T15:24:01,BSE_PRICE_INDEX
BSE_SMALLCAP,BSE SmallCap,2015-10-01,11042.60,,BSE_INDIA_OFFICIAL,https://www.bseindia.com/indices/IndexArchiveData/,2026-07-17T15:24:01,BSE_PRICE_INDEX
BSE_SMALLCAP,BSE SmallCap,2015-10-05,11221.53,,BSE_INDIA_OFFICIAL,https://www.bseindia.com/indices/IndexArchiveData/,2026-07-17T15:24:01,BSE_PRICE_INDEX
BSE_SMALLCAP,BSE SmallCap,2015-10-06,11298.73,,BSE_INDIA_OFFICIAL,https://www.bseindia.com/indices/IndexArchiveData/,2026-07-17T15:24:01,BSE_PRICE_INDEX
BSE_SMALLCAP,BSE SmallCap,2015-10-07,11344.11,,BSE_INDIA_OFFICIAL,https://www.bseindia.com/indices/IndexArchiveData/,2026-07-17T15:24:01,BSE_PRICE_INDEX
BSE_SMALLCAP,BSE SmallCap,2015-10-08,11327.17,,BSE_INDIA_OFFICIAL,https://www.bseindia.com/indices/IndexArchiveData/,2026-07-17T15:24:01,BSE_PRICE_INDEX
BSE_SMALLCAP,BSE SmallCap,2015-10-09,11348.58,,BSE_INDIA_OFFICIAL,https://www.bseindia.com/indices/IndexArchiveData/,2026-07-17T15:24:01,BSE_PRICE_INDEX
BSE_SMALLCAP,BSE SmallCap,2015-10-12,11349.57,,BSE_INDIA_OFFICIAL,https://www.bseindia.com/indices/IndexArchiveData/,2026-07-17T15:24:01,BSE_PRICE_INDEX
BSE_SMALLCAP,BSE SmallCap,2015-10-13,11395.89,,BSE_INDIA_OFFICIAL,https://www.bseindia.com/indices/IndexArchiveData/,2026-07-17T15:24:01,BSE_PRICE_INDEX
BSE_SMALLCAP,BSE SmallCap,2015-10-14,11435.88,,BSE_INDIA_OFFICIAL,https://www.bseindia.com/indices/IndexArchiveData/,2026-07-17T15:24:01,BSE_PRICE_INDEX
BSE_SMALLCAP,BSE SmallCap,2015-10-15,11490.44,,BSE_INDIA_OFFICIAL,https://www.bseindia.com/indices/IndexArchiveData/,2026-07-17T15:24:01,BSE_PRICE_INDEX
BSE_SMALLCAP,BSE SmallCap,2015-10-16,11495.70,,BSE_INDIA_OFFICIAL,https://www.bseindia.com/indices/IndexArchiveData/,2026-07-17T15:24:01,BSE_PRICE_INDEX
BSE_SMALLCAP,BSE SmallCap,2015-10-19,11584.73,,BSE_INDIA_OFFICIAL,https://www.bseindia.com/indices/IndexArchiveData/,2026-07-17T15:24:01,BSE_PRICE_INDEX
BSE_SMALLCAP,BSE SmallCap,2015-10-20,11605.88,,BSE_INDIA_OFFICIAL,https://www.bseindia.com/indices/IndexArchiveData/,2026-07-17T15:24:01,BSE_PRICE_INDEX
BSE_SMALLCAP,BSE SmallCap,2015-10-21,11562.43,,BSE_INDIA_OFFICIAL,https://www.bseindia.com/indices/IndexArchiveData/,2026-07-17T15:24:01,BSE_PRICE_INDEX
BSE_SMALLCAP,BSE SmallCap,2015-10-23,11519.28,,BSE_INDIA_OFFICIAL,https://www.bseindia.com/indices/IndexArchiveData/,2026-07-17T15:24:01,BSE_PRICE_INDEX
BSE_SMALLCAP,BSE SmallCap,2015-10-26,11436.88,,BSE_INDIA_OFFICIAL,https://www.bseindia.com/indices/IndexArchiveData/,2026-07-17T15:24:01,BSE_PRICE_INDEX
BSE_SMALLCAP,BSE SmallCap,2015-10-27,11453.88,,BSE_INDIA_OFFICIAL,https://www.bseindia.com/indices/IndexArchiveData/,2026-07-17T15:24:01,BSE_PRICE_INDEX
BSE_SMALLCAP,BSE SmallCap,2015-10-28,11452.57,,BSE_INDIA_OFFICIAL,https://www.bseindia.com/indices/IndexArchiveData/,2026-07-17T15:24:01,BSE_PRICE_INDEX
BSE_SMALLCAP,BSE SmallCap,2015-10-29,11403.93,,BSE_INDIA_OFFICIAL,https://www.bseindia.com/indices/IndexArchiveData/,2026-07-17T15:24:01,BSE_PRICE_INDEX
BSE_SMALLCAP,BSE SmallCap,2015-10-30,11315.39,,BSE_INDIA_OFFICIAL,https://www.bseindia.com/indices/IndexArchiveData/,2026-07-17T15:24:01,BSE_PRICE_INDEX
BSE_SMALLCAP,BSE SmallCap,2015-11-02,11292.20,,BSE_INDIA_OFFICIAL,https://www.bseindia.com/indices/IndexArchiveData/,2026-07-17T15:24:01,BSE_PRICE_INDEX
BSE_SMALLCAP,BSE SmallCap,2015-11-03,11336.29,,BSE_INDIA_OFFICIAL,https://www.bseindia.com/indices/IndexArchiveData/,2026-07-17T15:24:01,BSE_PRICE_INDEX
BSE_SMALLCAP,BSE SmallCap,2015-11-04,11298.88,,BSE_INDIA_OFFICIAL,https://www.bseindia.com/indices/IndexArchiveData/,2026-07-17T15:24:01,BSE_PRICE_INDEX
BSE_SMALLCAP,BSE SmallCap,2015-11-05,11119.36,,BSE_INDIA_OFFICIAL,https://www.bseindia.com/indices/IndexArchiveData/,2026-07-17T15:24:01,BSE_PRICE_INDEX
BSE_SMALLCAP,BSE SmallCap,2015-11-06,11052.33,,BSE_INDIA_OFFICIAL,https://www.bseindia.com/indices/IndexArchiveData/,2026-07-17T15:24:01,BSE_PRICE_INDEX
BSE_SMALLCAP,BSE SmallCap,2015-11-09,11138.36,,BSE_INDIA_OFFICIAL,https://www.bseindia.com/indices/IndexArchiveData/,2026-07-17T15:24:01,BSE_PRICE_INDEX
BSE_SMALLCAP,BSE SmallCap,2015-11-10,11047.71,,BSE_INDIA_OFFICIAL,https://www.bseindia.com/indices/IndexArchiveData/,2026-07-17T15:24:01,BSE_PRICE_INDEX
BSE_SMALLCAP,BSE SmallCap,2015-11-11,11211.18,,BSE_INDIA_OFFICIAL,https://www.bseindia.com/indices/IndexArchiveData/,2026-07-17T15:24:01,BSE_PRICE_INDEX
BSE_SMALLCAP,BSE SmallCap,2015-11-13,11125.44,,BSE_INDIA_OFFICIAL,https://www.bseindia.com/indices/IndexArchiveData/,2026-07-17T15:24:01,BSE_PRICE_INDEX
BSE_SMALLCAP,BSE SmallCap,2015-11-16,11181.44,,BSE_INDIA_OFFICIAL,https://www.bseindia.com/indices/IndexArchiveData/,2026-07-17T15:24:01,BSE_PRICE_INDEX
BSE_SMALLCAP,BSE SmallCap,2015-11-17,11233.45,,BSE_INDIA_OFFICIAL,https://www.bseindia.com/indices/IndexArchiveData/,2026-07-17T15:24:01,BSE_PRICE_INDEX
BSE_SMALLCAP,BSE SmallCap,2015-11-18,11153.95,,BSE_INDIA_OFFICIAL,https://www.bseindia.com/indices/IndexArchiveData/,2026-07-17T15:24:01,BSE_PRICE_INDEX
BSE_SMALLCAP,BSE SmallCap,2015-11-19,11299.34,,BSE_INDIA_OFFICIAL,https://www.bseindia.com/indices/IndexArchiveData/,2026-07-17T15:24:01,BSE_PRICE_INDEX
BSE_SMALLCAP,BSE SmallCap,2015-11-20,11367.71,,BSE_INDIA_OFFICIAL,https://www.bseindia.com/indices/IndexArchiveData/,2026-07-17T15:24:01,BSE_PRICE_INDEX
BSE_SMALLCAP,BSE SmallCap,2015-11-23,11419.59,,BSE_INDIA_OFFICIAL,https://www.bseindia.com/indices/IndexArchiveData/,2026-07-17T15:24:01,BSE_PRICE_INDEX
BSE_SMALLCAP,BSE SmallCap,2015-11-24,11457.54,,BSE_INDIA_OFFICIAL,https://www.bseindia.com/indices/IndexArchiveData/,2026-07-17T15:24:01,BSE_PRICE_INDEX
BSE_SMALLCAP,BSE SmallCap,2015-11-26,11508.83,,BSE_INDIA_OFFICIAL,https://www.bseindia.com/indices/IndexArchiveData/,2026-07-17T15:24:01,BSE_PRICE_INDEX
BSE_SMALLCAP,BSE SmallCap,2015-11-27,11545.84,,BSE_INDIA_OFFICIAL,https://www.bseindia.com/indices/IndexArchiveData/,2026-07-17T15:24:01,BSE_PRICE_INDEX
BSE_SMALLCAP,BSE SmallCap,2015-11-30,11636.49,,BSE_INDIA_OFFICIAL,https://www.bseindia.com/indices/IndexArchiveData/,2026-07-17T15:24:01,BSE_PRICE_INDEX
BSE_SMALLCAP,BSE SmallCap,2015-12-01,11689.46,,BSE_INDIA_OFFICIAL,https://www.bseindia.com/indices/IndexArchiveData/,2026-07-17T15:24:01,BSE_PRICE_INDEX
BSE_SMALLCAP,BSE SmallCap,2015-12-02,11690.45,,BSE_INDIA_OFFICIAL,https://www.bseindia.com/indices/IndexArchiveData/,2026-07-17T15:24:01,BSE_PRICE_INDEX
BSE_SMALLCAP,BSE SmallCap,2015-12-03,11632.43,,BSE_INDIA_OFFICIAL,https://www.bseindia.com/indices/IndexArchiveData/,2026-07-17T15:24:01,BSE_PRICE_INDEX
BSE_SMALLCAP,BSE SmallCap,2015-12-04,11557.52,,BSE_INDIA_OFFICIAL,https://www.bseindia.com/indices/IndexArchiveData/,2026-07-17T15:24:01,BSE_PRICE_INDEX
BSE_SMALLCAP,BSE SmallCap,2015-12-07,11575.66,,BSE_INDIA_OFFICIAL,https://www.bseindia.com/indices/IndexArchiveData/,2026-07-17T15:24:01,BSE_PRICE_INDEX
BSE_SMALLCAP,BSE SmallCap,2015-12-08,11421.65,,BSE_INDIA_OFFICIAL,https://www.bseindia.com/indices/IndexArchiveData/,2026-07-17T15:24:01,BSE_PRICE_INDEX
BSE_SMALLCAP,BSE SmallCap,2015-12-09,11166.12,,BSE_INDIA_OFFICIAL,https://www.bseindia.com/indices/IndexArchiveData/,2026-07-17T15:24:01,BSE_PRICE_INDEX
BSE_SMALLCAP,BSE SmallCap,2015-12-10,11304.26,,BSE_INDIA_OFFICIAL,https://www.bseindia.com/indices/IndexArchiveData/,2026-07-17T15:24:01,BSE_PRICE_INDEX
BSE_SMALLCAP,BSE SmallCap,2015-12-11,11213.18,,BSE_INDIA_OFFICIAL,https://www.bseindia.com/indices/IndexArchiveData/,2026-07-17T15:24:01,BSE_PRICE_INDEX
BSE_SMALLCAP,BSE SmallCap,2015-12-14,11257.80,,BSE_INDIA_OFFICIAL,https://www.bseindia.com/indices/IndexArchiveData/,2026-07-17T15:24:01,BSE_PRICE_INDEX
BSE_SMALLCAP,BSE SmallCap,2015-12-15,11335.84,,BSE_INDIA_OFFICIAL,https://www.bseindia.com/indices/IndexArchiveData/,2026-07-17T15:24:01,BSE_PRICE_INDEX
BSE_SMALLCAP,BSE SmallCap,2015-12-16,11363.40,,BSE_INDIA_OFFICIAL,https://www.bseindia.com/indices/IndexArchiveData/,2026-07-17T15:24:01,BSE_PRICE_INDEX
BSE_SMALLCAP,BSE SmallCap,2015-12-17,11559.19,,BSE_INDIA_OFFICIAL,https://www.bseindia.com/indices/IndexArchiveData/,2026-07-17T15:24:01,BSE_PRICE_INDEX
BSE_SMALLCAP,BSE SmallCap,2015-12-18,11531.86,,BSE_INDIA_OFFICIAL,https://www.bseindia.com/indices/IndexArchiveData/,2026-07-17T15:24:01,BSE_PRICE_INDEX
BSE_SMALLCAP,BSE SmallCap,2015-12-21,11625.95,,BSE_INDIA_OFFICIAL,https://www.bseindia.com/indices/IndexArchiveData/,2026-07-17T15:24:01,BSE_PRICE_INDEX
BSE_SMALLCAP,BSE SmallCap,2015-12-22,11623.30,,BSE_INDIA_OFFICIAL,https://www.bseindia.com/indices/IndexArchiveData/,2026-07-17T15:24:01,BSE_PRICE_INDEX
BSE_SMALLCAP,BSE SmallCap,2015-12-23,11673.27,,BSE_INDIA_OFFICIAL,https://www.bseindia.com/indices/IndexArchiveData/,2026-07-17T15:24:01,BSE_PRICE_INDEX
BSE_SMALLCAP,BSE SmallCap,2015-12-24,11730.59,,BSE_INDIA_OFFICIAL,https://www.bseindia.com/indices/IndexArchiveData/,2026-07-17T15:24:01,BSE_PRICE_INDEX
BSE_SMALLCAP,BSE SmallCap,2015-12-28,11785.42,,BSE_INDIA_OFFICIAL,https://www.bseindia.com/indices/IndexArchiveData/,2026-07-17T15:24:01,BSE_PRICE_INDEX
BSE_SMALLCAP,BSE SmallCap,2015-12-29,11769.97,,BSE_INDIA_OFFICIAL,https://www.bseindia.com/indices/IndexArchiveData/,2026-07-17T15:24:01,BSE_PRICE_INDEX
BSE_SMALLCAP,BSE SmallCap,2015-12-30,11778.54,,BSE_INDIA_OFFICIAL,https://www.bseindia.com/indices/IndexArchiveData/,2026-07-17T15:24:01,BSE_PRICE_INDEX
BSE_SMALLCAP,BSE SmallCap,2015-12-31,11836.71,,BSE_INDIA_OFFICIAL,https://www.bseindia.com/indices/IndexArchiveData/,2026-07-17T15:24:01,BSE_PRICE_INDEX
BSE_SMALLCAP,BSE SmallCap,2016-01-01,11940.75,,BSE_INDIA_OFFICIAL,https://www.bseindia.com/indices/IndexArchiveData/,2026-07-17T15:24:01,BSE_PRICE_INDEX
BSE_SMALLCAP,BSE SmallCap,2016-01-04,11807.82,,BSE_INDIA_OFFICIAL,https://www.bseindia.com/indices/IndexArchiveData/,2026-07-17T15:24:01,BSE_PRICE_INDEX
BSE_SMALLCAP,BSE SmallCap,2016-01-05,11900.79,,BSE_INDIA_OFFICIAL,https://www.bseindia.com/indices/IndexArchiveData/,2026-07-17T15:24:01,BSE_PRICE_INDEX
BSE_SMALLCAP,BSE SmallCap,2016-01-06,11850.34,,BSE_INDIA_OFFICIAL,https://www.bseindia.com/indices/IndexArchiveData/,2026-07-17T15:24:01,BSE_PRICE_INDEX
BSE_SMALLCAP,BSE SmallCap,2016-01-07,11509.68,,BSE_INDIA_OFFICIAL,https://www.bseindia.com/indices/IndexArchiveData/,2026-07-17T15:24:01,BSE_PRICE_INDEX
BSE_SMALLCAP,BSE SmallCap,2016-01-08,11651.97,,BSE_INDIA_OFFICIAL,https://www.bseindia.com/indices/IndexArchiveData/,2026-07-17T15:24:01,BSE_PRICE_INDEX
BSE_SMALLCAP,BSE SmallCap,2016-01-11,11596.84,,BSE_INDIA_OFFICIAL,https://www.bseindia.com/indices/IndexArchiveData/,2026-07-17T15:24:01,BSE_PRICE_INDEX
BSE_SMALLCAP,BSE SmallCap,2016-01-12,11476.93,,BSE_INDIA_OFFICIAL,https://www.bseindia.com/indices/IndexArchiveData/,2026-07-17T15:24:01,BSE_PRICE_INDEX
BSE_SMALLCAP,BSE SmallCap,2016-01-13,11274.59,,BSE_INDIA_OFFICIAL,https://www.bseindia.com/indices/IndexArchiveData/,2026-07-17T15:24:01,BSE_PRICE_INDEX
BSE_SMALLCAP,BSE SmallCap,2016-01-14,11131.38,,BSE_INDIA_OFFICIAL,https://www.bseindia.com/indices/IndexArchiveData/,2026-07-17T15:24:01,BSE_PRICE_INDEX
BSE_SMALLCAP,BSE SmallCap,2016-01-15,10782.88,,BSE_INDIA_OFFICIAL,https://www.bseindia.com/indices/IndexArchiveData/,2026-07-17T15:24:01,BSE_PRICE_INDEX
BSE_SMALLCAP,BSE SmallCap,2016-01-18,10345.81,,BSE_INDIA_OFFICIAL,https://www.bseindia.com/indices/IndexArchiveData/,2026-07-17T15:24:01,BSE_PRICE_INDEX
BSE_SMALLCAP,BSE SmallCap,2016-01-19,10525.92,,BSE_INDIA_OFFICIAL,https://www.bseindia.com/indices/IndexArchiveData/,2026-07-17T15:24:01,BSE_PRICE_INDEX
BSE_SMALLCAP,BSE SmallCap,2016-01-20,10311.17,,BSE_INDIA_OFFICIAL,https://www.bseindia.com/indices/IndexArchiveData/,2026-07-17T15:24:01,BSE_PRICE_INDEX
BSE_SMALLCAP,BSE SmallCap,2016-01-21,10365.52,,BSE_INDIA_OFFICIAL,https://www.bseindia.com/indices/IndexArchiveData/,2026-07-17T15:24:01,BSE_PRICE_INDEX
BSE_SMALLCAP,BSE SmallCap,2016-01-22,10598.38,,BSE_INDIA_OFFICIAL,https://www.bseindia.com/indices/IndexArchiveData/,2026-07-17T15:24:01,BSE_PRICE_INDEX
BSE_SMALLCAP,BSE SmallCap,2016-01-25,10697.91,,BSE_INDIA_OFFICIAL,https://www.bseindia.com/indices/IndexArchiveData/,2026-07-17T15:24:01,BSE_PRICE_INDEX
BSE_SMALLCAP,BSE SmallCap,2016-01-27,10758.95,,BSE_INDIA_OFFICIAL,https://www.bseindia.com/indices/IndexArchiveData/,2026-07-17T15:24:01,BSE_PRICE_INDEX
BSE_SMALLCAP,BSE SmallCap,2016-01-28,10754.52,,BSE_INDIA_OFFICIAL,https://www.bseindia.com/indices/IndexArchiveData/,2026-07-17T15:24:01,BSE_PRICE_INDEX
BSE_SMALLCAP,BSE SmallCap,2016-01-29,10869.84,,BSE_INDIA_OFFICIAL,https://www.bseindia.com/indices/IndexArchiveData/,2026-07-17T15:24:01,BSE_PRICE_INDEX
BSE_SMALLCAP,BSE SmallCap,2016-02-01,10901.41,,BSE_INDIA_OFFICIAL,https://www.bseindia.com/indices/IndexArchiveData/,2026-07-17T15:24:01,BSE_PRICE_INDEX
BSE_SMALLCAP,BSE SmallCap,2016-02-02,10764.74,,BSE_INDIA_OFFICIAL,https://www.bseindia.com/indices/IndexArchiveData/,2026-07-17T15:24:01,BSE_PRICE_INDEX
BSE_SMALLCAP,BSE SmallCap,2016-02-03,10522.01,,BSE_INDIA_OFFICIAL,https://www.bseindia.com/indices/IndexArchiveData/,2026-07-17T15:24:01,BSE_PRICE_INDEX
BSE_SMALLCAP,BSE SmallCap,2016-02-04,10442.69,,BSE_INDIA_OFFICIAL,https://www.bseindia.com/indices/IndexArchiveData/,2026-07-17T15:24:01,BSE_PRICE_INDEX
BSE_SMALLCAP,BSE SmallCap,2016-02-05,10569.53,,BSE_INDIA_OFFICIAL,https://www.bseindia.com/indices/IndexArchiveData/,2026-07-17T15:24:01,BSE_PRICE_INDEX
BSE_SMALLCAP,BSE SmallCap,2016-02-08,10567.14,,BSE_INDIA_OFFICIAL,https://www.bseindia.com/indices/IndexArchiveData/,2026-07-17T15:24:01,BSE_PRICE_INDEX
BSE_SMALLCAP,BSE SmallCap,2016-02-09,10425.69,,BSE_INDIA_OFFICIAL,https://www.bseindia.com/indices/IndexArchiveData/,2026-07-17T15:24:01,BSE_PRICE_INDEX
BSE_SMALLCAP,BSE SmallCap,2016-02-10,10277.71,,BSE_INDIA_OFFICIAL,https://www.bseindia.com/indices/IndexArchiveData/,2026-07-17T15:24:01,BSE_PRICE_INDEX
BSE_SMALLCAP,BSE SmallCap,2016-02-11,9801.26,,BSE_INDIA_OFFICIAL,https://www.bseindia.com/indices/IndexArchiveData/,2026-07-17T15:24:01,BSE_PRICE_INDEX
BSE_SMALLCAP,BSE SmallCap,2016-02-12,9682.55,,BSE_INDIA_OFFICIAL,https://www.bseindia.com/indices/IndexArchiveData/,2026-07-17T15:24:01,BSE_PRICE_INDEX
BSE_SMALLCAP,BSE SmallCap,2016-02-15,10006.99,,BSE_INDIA_OFFICIAL,https://www.bseindia.com/indices/IndexArchiveData/,2026-07-17T15:24:01,BSE_PRICE_INDEX
BSE_SMALLCAP,BSE SmallCap,2016-02-16,9782.18,,BSE_INDIA_OFFICIAL,https://www.bseindia.com/indices/IndexArchiveData/,2026-07-17T15:24:01,BSE_PRICE_INDEX
BSE_SMALLCAP,BSE SmallCap,2016-02-17,9803.14,,BSE_INDIA_OFFICIAL,https://www.bseindia.com/indices/IndexArchiveData/,2026-07-17T15:24:01,BSE_PRICE_INDEX
BSE_SMALLCAP,BSE SmallCap,2016-02-18,9860.79,,BSE_INDIA_OFFICIAL,https://www.bseindia.com/indices/IndexArchiveData/,2026-07-17T15:24:01,BSE_PRICE_INDEX
BSE_SMALLCAP,BSE SmallCap,2016-02-19,9876.53,,BSE_INDIA_OFFICIAL,https://www.bseindia.com/indices/IndexArchiveData/,2026-07-17T15:24:01,BSE_PRICE_INDEX
BSE_SMALLCAP,BSE SmallCap,2016-02-22,9921.69,,BSE_INDIA_OFFICIAL,https://www.bseindia.com/indices/IndexArchiveData/,2026-07-17T15:24:01,BSE_PRICE_INDEX
BSE_SMALLCAP,BSE SmallCap,2016-02-23,9798.14,,BSE_INDIA_OFFICIAL,https://www.bseindia.com/indices/IndexArchiveData/,2026-07-17T15:24:01,BSE_PRICE_INDEX
BSE_SMALLCAP,BSE SmallCap,2016-02-24,9685.86,,BSE_INDIA_OFFICIAL,https://www.bseindia.com/indices/IndexArchiveData/,2026-07-17T15:24:01,BSE_PRICE_INDEX
BSE_SMALLCAP,BSE SmallCap,2016-02-25,9598.11,,BSE_INDIA_OFFICIAL,https://www.bseindia.com/indices/IndexArchiveData/,2026-07-17T15:24:01,BSE_PRICE_INDEX
BSE_SMALLCAP,BSE SmallCap,2016-02-26,9555.23,,BSE_INDIA_OFFICIAL,https://www.bseindia.com/indices/IndexArchiveData/,2026-07-17T15:24:01,BSE_PRICE_INDEX
BSE_SMALLCAP,BSE SmallCap,2016-02-29,9548.33,,BSE_INDIA_OFFICIAL,https://www.bseindia.com/indices/IndexArchiveData/,2026-07-17T15:24:01,BSE_PRICE_INDEX
BSE_SMALLCAP,BSE SmallCap,2016-03-01,9856.56,,BSE_INDIA_OFFICIAL,https://www.bseindia.com/indices/IndexArchiveData/,2026-07-17T15:24:01,BSE_PRICE_INDEX
BSE_SMALLCAP,BSE SmallCap,2016-03-02,10073.97,,BSE_INDIA_OFFICIAL,https://www.bseindia.com/indices/IndexArchiveData/,2026-07-17T15:24:01,BSE_PRICE_INDEX
BSE_SMALLCAP,BSE SmallCap,2016-03-03,10209.66,,BSE_INDIA_OFFICIAL,https://www.bseindia.com/indices/IndexArchiveData/,2026-07-17T15:24:01,BSE_PRICE_INDEX
BSE_SMALLCAP,BSE SmallCap,2016-03-04,10285.75,,BSE_INDIA_OFFICIAL,https://www.bseindia.com/indices/IndexArchiveData/,2026-07-17T15:24:01,BSE_PRICE_INDEX
BSE_SMALLCAP,BSE SmallCap,2016-03-08,10309.98,,BSE_INDIA_OFFICIAL,https://www.bseindia.com/indices/IndexArchiveData/,2026-07-17T15:24:01,BSE_PRICE_INDEX
BSE_SMALLCAP,BSE SmallCap,2016-03-09,10314.04,,BSE_INDIA_OFFICIAL,https://www.bseindia.com/indices/IndexArchiveData/,2026-07-17T15:24:01,BSE_PRICE_INDEX
BSE_SMALLCAP,BSE SmallCap,2016-03-10,10294.96,,BSE_INDIA_OFFICIAL,https://www.bseindia.com/indices/IndexArchiveData/,2026-07-17T15:24:01,BSE_PRICE_INDEX
BSE_SMALLCAP,BSE SmallCap,2016-03-11,10277.99,,BSE_INDIA_OFFICIAL,https://www.bseindia.com/indices/IndexArchiveData/,2026-07-17T15:24:01,BSE_PRICE_INDEX
BSE_SMALLCAP,BSE SmallCap,2016-03-14,10320.56,,BSE_INDIA_OFFICIAL,https://www.bseindia.com/indices/IndexArchiveData/,2026-07-17T15:24:01,BSE_PRICE_INDEX
BSE_SMALLCAP,BSE SmallCap,2016-03-15,10256.50,,BSE_INDIA_OFFICIAL,https://www.bseindia.com/indices/IndexArchiveData/,2026-07-17T15:24:01,BSE_PRICE_INDEX
BSE_SMALLCAP,BSE SmallCap,2016-03-16,10239.25,,BSE_INDIA_OFFICIAL,https://www.bseindia.com/indices/IndexArchiveData/,2026-07-17T15:24:01,BSE_PRICE_INDEX
BSE_SMALLCAP,BSE SmallCap,2016-03-17,10245.98,,BSE_INDIA_OFFICIAL,https://www.bseindia.com/indices/IndexArchiveData/,2026-07-17T15:24:01,BSE_PRICE_INDEX
BSE_SMALLCAP,BSE SmallCap,2016-03-18,10308.76,,BSE_INDIA_OFFICIAL,https://www.bseindia.com/indices/IndexArchiveData/,2026-07-17T15:24:01,BSE_PRICE_INDEX
BSE_SMALLCAP,BSE SmallCap,2016-03-21,10448.48,,BSE_INDIA_OFFICIAL,https://www.bseindia.com/indices/IndexArchiveData/,2026-07-17T15:24:01,BSE_PRICE_INDEX
BSE_SMALLCAP,BSE SmallCap,2016-03-22,10477.04,,BSE_INDIA_OFFICIAL,https://www.bseindia.com/indices/IndexArchiveData/,2026-07-17T15:24:01,BSE_PRICE_INDEX
BSE_SMALLCAP,BSE SmallCap,2016-03-23,10501.80,,BSE_INDIA_OFFICIAL,https://www.bseindia.com/indices/IndexArchiveData/,2026-07-17T15:24:01,BSE_PRICE_INDEX
BSE_SMALLCAP,BSE SmallCap,2016-03-28,10328.46,,BSE_INDIA_OFFICIAL,https://www.bseindia.com/indices/IndexArchiveData/,2026-07-17T15:24:01,BSE_PRICE_INDEX
BSE_SMALLCAP,BSE SmallCap,2016-03-29,10300.92,,BSE_INDIA_OFFICIAL,https://www.bseindia.com/indices/IndexArchiveData/,2026-07-17T15:24:01,BSE_PRICE_INDEX
BSE_SMALLCAP,BSE SmallCap,2016-03-30,10493.25,,BSE_INDIA_OFFICIAL,https://www.bseindia.com/indices/IndexArchiveData/,2026-07-17T15:24:01,BSE_PRICE_INDEX
BSE_SMALLCAP,BSE SmallCap,2016-03-31,10541.68,,BSE_INDIA_OFFICIAL,https://www.bseindia.com/indices/IndexArchiveData/,2026-07-17T15:24:01,BSE_PRICE_INDEX
BSE_SMALLCAP,BSE SmallCap,2016-04-01,10639.84,,BSE_INDIA_OFFICIAL,https://www.bseindia.com/indices/IndexArchiveData/,2026-07-17T15:24:01,BSE_PRICE_INDEX
BSE_SMALLCAP,BSE SmallCap,2016-04-04,10695.30,,BSE_INDIA_OFFICIAL,https://www.bseindia.com/indices/IndexArchiveData/,2026-07-17T15:24:01,BSE_PRICE_INDEX
BSE_SMALLCAP,BSE SmallCap,2016-04-05,10545.67,,BSE_INDIA_OFFICIAL,https://www.bseindia.com/indices/IndexArchiveData/,2026-07-17T15:24:01,BSE_PRICE_INDEX
BSE_SMALLCAP,BSE SmallCap,2016-04-06,10641.71,,BSE_INDIA_OFFICIAL,https://www.bseindia.com/indices/IndexArchiveData/,2026-07-17T15:24:01,BSE_PRICE_INDEX
BSE_SMALLCAP,BSE SmallCap,2016-04-07,10597.42,,BSE_INDIA_OFFICIAL,https://www.bseindia.com/indices/IndexArchiveData/,2026-07-17T15:24:01,BSE_PRICE_INDEX
BSE_SMALLCAP,BSE SmallCap,2016-04-08,10664.46,,BSE_INDIA_OFFICIAL,https://www.bseindia.com/indices/IndexArchiveData/,2026-07-17T15:24:01,BSE_PRICE_INDEX
BSE_SMALLCAP,BSE SmallCap,2016-04-11,10731.95,,BSE_INDIA_OFFICIAL,https://www.bseindia.com/indices/IndexArchiveData/,2026-07-17T15:24:01,BSE_PRICE_INDEX
BSE_SMALLCAP,BSE SmallCap,2016-04-12,10828.24,,BSE_INDIA_OFFICIAL,https://www.bseindia.com/indices/IndexArchiveData/,2026-07-17T15:24:01,BSE_PRICE_INDEX
BSE_SMALLCAP,BSE SmallCap,2016-04-13,10943.02,,BSE_INDIA_OFFICIAL,https://www.bseindia.com/indices/IndexArchiveData/,2026-07-17T15:24:01,BSE_PRICE_INDEX
BSE_SMALLCAP,BSE SmallCap,2016-04-18,11064.19,,BSE_INDIA_OFFICIAL,https://www.bseindia.com/indices/IndexArchiveData/,2026-07-17T15:24:01,BSE_PRICE_INDEX
BSE_SMALLCAP,BSE SmallCap,2016-04-20,11134.48,,BSE_INDIA_OFFICIAL,https://www.bseindia.com/indices/IndexArchiveData/,2026-07-17T15:24:01,BSE_PRICE_INDEX
BSE_SMALLCAP,BSE SmallCap,2016-04-21,11076.85,,BSE_INDIA_OFFICIAL,https://www.bseindia.com/indices/IndexArchiveData/,2026-07-17T15:24:01,BSE_PRICE_INDEX
BSE_SMALLCAP,BSE SmallCap,2016-04-22,11078.84,,BSE_INDIA_OFFICIAL,https://www.bseindia.com/indices/IndexArchiveData/,2026-07-17T15:24:01,BSE_PRICE_INDEX
BSE_SMALLCAP,BSE SmallCap,2016-04-25,11035.60,,BSE_INDIA_OFFICIAL,https://www.bseindia.com/indices/IndexArchiveData/,2026-07-17T15:24:01,BSE_PRICE_INDEX
BSE_SMALLCAP,BSE SmallCap,2016-04-26,11111.11,,BSE_INDIA_OFFICIAL,https://www.bseindia.com/indices/IndexArchiveData/,2026-07-17T15:24:01,BSE_PRICE_INDEX
BSE_SMALLCAP,BSE SmallCap,2016-04-27,11142.41,,BSE_INDIA_OFFICIAL,https://www.bseindia.com/indices/IndexArchiveData/,2026-07-17T15:24:01,BSE_PRICE_INDEX
BSE_SMALLCAP,BSE SmallCap,2016-04-28,11025.93,,BSE_INDIA_OFFICIAL,https://www.bseindia.com/indices/IndexArchiveData/,2026-07-17T15:24:01,BSE_PRICE_INDEX
BSE_SMALLCAP,BSE SmallCap,2016-04-29,11020.59,,BSE_INDIA_OFFICIAL,https://www.bseindia.com/indices/IndexArchiveData/,2026-07-17T15:24:01,BSE_PRICE_INDEX
BSE_SMALLCAP,BSE SmallCap,2016-05-02,11063.86,,BSE_INDIA_OFFICIAL,https://www.bseindia.com/indices/IndexArchiveData/,2026-07-17T15:24:01,BSE_PRICE_INDEX
BSE_SMALLCAP,BSE SmallCap,2016-05-03,11032.53,,BSE_INDIA_OFFICIAL,https://www.bseindia.com/indices/IndexArchiveData/,2026-07-17T15:24:01,BSE_PRICE_INDEX
BSE_SMALLCAP,BSE SmallCap,2016-05-04,10924.46,,BSE_INDIA_OFFICIAL,https://www.bseindia.com/indices/IndexArchiveData/,2026-07-17T15:24:01,BSE_PRICE_INDEX
BSE_SMALLCAP,BSE SmallCap,2016-05-05,10920.66,,BSE_INDIA_OFFICIAL,https://www.bseindia.com/indices/IndexArchiveData/,2026-07-17T15:24:01,BSE_PRICE_INDEX
BSE_SMALLCAP,BSE SmallCap,2016-05-06,10899.31,,BSE_INDIA_OFFICIAL,https://www.bseindia.com/indices/IndexArchiveData/,2026-07-17T15:24:01,BSE_PRICE_INDEX
BSE_SMALLCAP,BSE SmallCap,2016-05-09,11030.13,,BSE_INDIA_OFFICIAL,https://www.bseindia.com/indices/IndexArchiveData/,2026-07-17T15:24:01,BSE_PRICE_INDEX
BSE_SMALLCAP,BSE SmallCap,2016-05-10,11042.02,,BSE_INDIA_OFFICIAL,https://www.bseindia.com/indices/IndexArchiveData/,2026-07-17T15:24:01,BSE_PRICE_INDEX
BSE_SMALLCAP,BSE SmallCap,2016-05-11,11038.37,,BSE_INDIA_OFFICIAL,https://www.bseindia.com/indices/IndexArchiveData/,2026-07-17T15:24:01,BSE_PRICE_INDEX
BSE_SMALLCAP,BSE SmallCap,2016-05-12,11140.70,,BSE_INDIA_OFFICIAL,https://www.bseindia.com/indices/IndexArchiveData/,2026-07-17T15:24:01,BSE_PRICE_INDEX
BSE_SMALLCAP,BSE SmallCap,2016-05-13,11113.30,,BSE_INDIA_OFFICIAL,https://www.bseindia.com/indices/IndexArchiveData/,2026-07-17T15:24:01,BSE_PRICE_INDEX
BSE_SMALLCAP,BSE SmallCap,2016-05-16,11123.58,,BSE_INDIA_OFFICIAL,https://www.bseindia.com/indices/IndexArchiveData/,2026-07-17T15:24:01,BSE_PRICE_INDEX
BSE_SMALLCAP,BSE SmallCap,2016-05-17,11144.56,,BSE_INDIA_OFFICIAL,https://www.bseindia.com/indices/IndexArchiveData/,2026-07-17T15:24:01,BSE_PRICE_INDEX
BSE_SMALLCAP,BSE SmallCap,2016-05-18,11168.80,,BSE_INDIA_OFFICIAL,https://www.bseindia.com/indices/IndexArchiveData/,2026-07-17T15:24:01,BSE_PRICE_INDEX
BSE_SMALLCAP,BSE SmallCap,2016-05-19,11055.81,,BSE_INDIA_OFFICIAL,https://www.bseindia.com/indices/IndexArchiveData/,2026-07-17T15:24:01,BSE_PRICE_INDEX
BSE_SMALLCAP,BSE SmallCap,2016-05-20,10964.26,,BSE_INDIA_OFFICIAL,https://www.bseindia.com/indices/IndexArchiveData/,2026-07-17T15:24:01,BSE_PRICE_INDEX
BSE_SMALLCAP,BSE SmallCap,2016-05-23,10922.41,,BSE_INDIA_OFFICIAL,https://www.bseindia.com/indices/IndexArchiveData/,2026-07-17T15:24:01,BSE_PRICE_INDEX
BSE_SMALLCAP,BSE SmallCap,2016-05-24,10851.66,,BSE_INDIA_OFFICIAL,https://www.bseindia.com/indices/IndexArchiveData/,2026-07-17T15:24:01,BSE_PRICE_INDEX
BSE_SMALLCAP,BSE SmallCap,2016-05-25,10953.83,,BSE_INDIA_OFFICIAL,https://www.bseindia.com/indices/IndexArchiveData/,2026-07-17T15:24:01,BSE_PRICE_INDEX
BSE_SMALLCAP,BSE SmallCap,2016-05-26,11048.11,,BSE_INDIA_OFFICIAL,https://www.bseindia.com/indices/IndexArchiveData/,2026-07-17T15:24:01,BSE_PRICE_INDEX
BSE_SMALLCAP,BSE SmallCap,2016-05-27,11110.96,,BSE_INDIA_OFFICIAL,https://www.bseindia.com/indices/IndexArchiveData/,2026-07-17T15:24:01,BSE_PRICE_INDEX
BSE_SMALLCAP,BSE SmallCap,2016-05-30,11157.59,,BSE_INDIA_OFFICIAL,https://www.bseindia.com/indices/IndexArchiveData/,2026-07-17T15:24:01,BSE_PRICE_INDEX
BSE_SMALLCAP,BSE SmallCap,2016-05-31,11142.42,,BSE_INDIA_OFFICIAL,https://www.bseindia.com/indices/IndexArchiveData/,2026-07-17T15:24:01,BSE_PRICE_INDEX
BSE_SMALLCAP,BSE SmallCap,2016-06-01,11162.99,,BSE_INDIA_OFFICIAL,https://www.bseindia.com/indices/IndexArchiveData/,2026-07-17T15:24:01,BSE_PRICE_INDEX
BSE_SMALLCAP,BSE SmallCap,2016-06-02,11195.66,,BSE_INDIA_OFFICIAL,https://www.bseindia.com/indices/IndexArchiveData/,2026-07-17T15:24:01,BSE_PRICE_INDEX
BSE_SMALLCAP,BSE SmallCap,2016-06-03,11148.71,,BSE_INDIA_OFFICIAL,https://www.bseindia.com/indices/IndexArchiveData/,2026-07-17T15:24:01,BSE_PRICE_INDEX
BSE_SMALLCAP,BSE SmallCap,2016-06-06,11172.92,,BSE_INDIA_OFFICIAL,https://www.bseindia.com/indices/IndexArchiveData/,2026-07-17T15:24:01,BSE_PRICE_INDEX
BSE_SMALLCAP,BSE SmallCap,2016-06-07,11280.67,,BSE_INDIA_OFFICIAL,https://www.bseindia.com/indices/IndexArchiveData/,2026-07-17T15:24:01,BSE_PRICE_INDEX
BSE_SMALLCAP,BSE SmallCap,2016-06-08,11381.03,,BSE_INDIA_OFFICIAL,https://www.bseindia.com/indices/IndexArchiveData/,2026-07-17T15:24:01,BSE_PRICE_INDEX
BSE_SMALLCAP,BSE SmallCap,2016-06-09,11385.07,,BSE_INDIA_OFFICIAL,https://www.bseindia.com/indices/IndexArchiveData/,2026-07-17T15:24:01,BSE_PRICE_INDEX
BSE_SMALLCAP,BSE SmallCap,2016-06-10,11362.72,,BSE_INDIA_OFFICIAL,https://www.bseindia.com/indices/IndexArchiveData/,2026-07-17T15:24:01,BSE_PRICE_INDEX
BSE_SMALLCAP,BSE SmallCap,2016-06-13,11311.76,,BSE_INDIA_OFFICIAL,https://www.bseindia.com/indices/IndexArchiveData/,2026-07-17T15:24:01,BSE_PRICE_INDEX
BSE_SMALLCAP,BSE SmallCap,2016-06-14,11372.61,,BSE_INDIA_OFFICIAL,https://www.bseindia.com/indices/IndexArchiveData/,2026-07-17T15:24:01,BSE_PRICE_INDEX
BSE_SMALLCAP,BSE SmallCap,2016-06-15,11464.13,,BSE_INDIA_OFFICIAL,https://www.bseindia.com/indices/IndexArchiveData/,2026-07-17T15:24:01,BSE_PRICE_INDEX
BSE_SMALLCAP,BSE SmallCap,2016-06-16,11401.64,,BSE_INDIA_OFFICIAL,https://www.bseindia.com/indices/IndexArchiveData/,2026-07-17T15:24:01,BSE_PRICE_INDEX
BSE_SMALLCAP,BSE SmallCap,2016-06-17,11435.16,,BSE_INDIA_OFFICIAL,https://www.bseindia.com/indices/IndexArchiveData/,2026-07-17T15:24:01,BSE_PRICE_INDEX
BSE_SMALLCAP,BSE SmallCap,2016-06-20,11477.85,,BSE_INDIA_OFFICIAL,https://www.bseindia.com/indices/IndexArchiveData/,2026-07-17T15:24:01,BSE_PRICE_INDEX
BSE_SMALLCAP,BSE SmallCap,2016-06-21,11519.53,,BSE_INDIA_OFFICIAL,https://www.bseindia.com/indices/IndexArchiveData/,2026-07-17T15:24:01,BSE_PRICE_INDEX
BSE_SMALLCAP,BSE SmallCap,2016-06-22,11450.59,,BSE_INDIA_OFFICIAL,https://www.bseindia.com/indices/IndexArchiveData/,2026-07-17T15:24:01,BSE_PRICE_INDEX
BSE_SMALLCAP,BSE SmallCap,2016-06-23,11446.26,,BSE_INDIA_OFFICIAL,https://www.bseindia.com/indices/IndexArchiveData/,2026-07-17T15:24:01,BSE_PRICE_INDEX
BSE_SMALLCAP,BSE SmallCap,2016-06-24,11278.63,,BSE_INDIA_OFFICIAL,https://www.bseindia.com/indices/IndexArchiveData/,2026-07-17T15:24:01,BSE_PRICE_INDEX
BSE_SMALLCAP,BSE SmallCap,2016-06-27,11449.75,,BSE_INDIA_OFFICIAL,https://www.bseindia.com/indices/IndexArchiveData/,2026-07-17T15:24:01,BSE_PRICE_INDEX
BSE_SMALLCAP,BSE SmallCap,2016-06-28,11540.15,,BSE_INDIA_OFFICIAL,https://www.bseindia.com/indices/IndexArchiveData/,2026-07-17T15:24:01,BSE_PRICE_INDEX
BSE_SMALLCAP,BSE SmallCap,2016-06-29,11691.57,,BSE_INDIA_OFFICIAL,https://www.bseindia.com/indices/IndexArchiveData/,2026-07-17T15:24:01,BSE_PRICE_INDEX
BSE_SMALLCAP,BSE SmallCap,2016-06-30,11801.32,,BSE_INDIA_OFFICIAL,https://www.bseindia.com/indices/IndexArchiveData/,2026-07-17T15:24:01,BSE_PRICE_INDEX
BSE_SMALLCAP,BSE SmallCap,2016-07-01,11885.43,,BSE_INDIA_OFFICIAL,https://www.bseindia.com/indices/IndexArchiveData/,2026-07-17T15:24:01,BSE_PRICE_INDEX
BSE_SMALLCAP,BSE SmallCap,2016-07-04,12005.84,,BSE_INDIA_OFFICIAL,https://www.bseindia.com/indices/IndexArchiveData/,2026-07-17T15:24:01,BSE_PRICE_INDEX
BSE_SMALLCAP,BSE SmallCap,2016-07-05,11992.51,,BSE_INDIA_OFFICIAL,https://www.bseindia.com/indices/IndexArchiveData/,2026-07-17T15:24:01,BSE_PRICE_INDEX
BSE_SMALLCAP,BSE SmallCap,2016-07-07,11997.28,,BSE_INDIA_OFFICIAL,https://www.bseindia.com/indices/IndexArchiveData/,2026-07-17T15:24:01,BSE_PRICE_INDEX
BSE_SMALLCAP,BSE SmallCap,2016-07-08,11976.74,,BSE_INDIA_OFFICIAL,https://www.bseindia.com/indices/IndexArchiveData/,2026-07-17T15:24:01,BSE_PRICE_INDEX
BSE_SMALLCAP,BSE SmallCap,2016-07-11,12071.35,,BSE_INDIA_OFFICIAL,https://www.bseindia.com/indices/IndexArchiveData/,2026-07-17T15:24:01,BSE_PRICE_INDEX
BSE_SMALLCAP,BSE SmallCap,2016-07-12,12080.86,,BSE_INDIA_OFFICIAL,https://www.bseindia.com/indices/IndexArchiveData/,2026-07-17T15:24:01,BSE_PRICE_INDEX
BSE_SMALLCAP,BSE SmallCap,2016-07-13,11981.30,,BSE_INDIA_OFFICIAL,https://www.bseindia.com/indices/IndexArchiveData/,2026-07-17T15:24:01,BSE_PRICE_INDEX
BSE_SMALLCAP,BSE SmallCap,2016-07-14,12068.57,,BSE_INDIA_OFFICIAL,https://www.bseindia.com/indices/IndexArchiveData/,2026-07-17T15:24:01,BSE_PRICE_INDEX
BSE_SMALLCAP,BSE SmallCap,2016-07-15,11979.69,,BSE_INDIA_OFFICIAL,https://www.bseindia.com/indices/IndexArchiveData/,2026-07-17T15:24:01,BSE_PRICE_INDEX
BSE_SMALLCAP,BSE SmallCap,2016-07-18,11922.35,,BSE_INDIA_OFFICIAL,https://www.bseindia.com/indices/IndexArchiveData/,2026-07-17T15:24:01,BSE_PRICE_INDEX
BSE_SMALLCAP,BSE SmallCap,2016-07-19,11909.59,,BSE_INDIA_OFFICIAL,https://www.bseindia.com/indices/IndexArchiveData/,2026-07-17T15:24:01,BSE_PRICE_INDEX
BSE_SMALLCAP,BSE SmallCap,2016-07-20,12027.46,,BSE_INDIA_OFFICIAL,https://www.bseindia.com/indices/IndexArchiveData/,2026-07-17T15:24:01,BSE_PRICE_INDEX
BSE_SMALLCAP,BSE SmallCap,2016-07-21,12010.36,,BSE_INDIA_OFFICIAL,https://www.bseindia.com/indices/IndexArchiveData/,2026-07-17T15:24:01,BSE_PRICE_INDEX
BSE_SMALLCAP,BSE SmallCap,2016-07-22,12107.31,,BSE_INDIA_OFFICIAL,https://www.bseindia.com/indices/IndexArchiveData/,2026-07-17T15:24:01,BSE_PRICE_INDEX
BSE_SMALLCAP,BSE SmallCap,2016-07-25,12234.49,,BSE_INDIA_OFFICIAL,https://www.bseindia.com/indices/IndexArchiveData/,2026-07-17T15:24:01,BSE_PRICE_INDEX
BSE_SMALLCAP,BSE SmallCap,2016-07-26,12149.74,,BSE_INDIA_OFFICIAL,https://www.bseindia.com/indices/IndexArchiveData/,2026-07-17T15:24:01,BSE_PRICE_INDEX
BSE_SMALLCAP,BSE SmallCap,2016-07-27,12208.80,,BSE_INDIA_OFFICIAL,https://www.bseindia.com/indices/IndexArchiveData/,2026-07-17T15:24:01,BSE_PRICE_INDEX
BSE_SMALLCAP,BSE SmallCap,2016-07-28,12281.68,,BSE_INDIA_OFFICIAL,https://www.bseindia.com/indices/IndexArchiveData/,2026-07-17T15:24:01,BSE_PRICE_INDEX
BSE_SMALLCAP,BSE SmallCap,2016-07-29,12309.95,,BSE_INDIA_OFFICIAL,https://www.bseindia.com/indices/IndexArchiveData/,2026-07-17T15:24:01,BSE_PRICE_INDEX
BSE_SMALLCAP,BSE SmallCap,2016-08-01,12321.74,,BSE_INDIA_OFFICIAL,https://www.bseindia.com/indices/IndexArchiveData/,2026-07-17T15:24:01,BSE_PRICE_INDEX
BSE_SMALLCAP,BSE SmallCap,2016-08-02,12219.79,,BSE_INDIA_OFFICIAL,https://www.bseindia.com/indices/IndexArchiveData/,2026-07-17T15:24:01,BSE_PRICE_INDEX
BSE_SMALLCAP,BSE SmallCap,2016-08-03,12080.49,,BSE_INDIA_OFFICIAL,https://www.bseindia.com/indices/IndexArchiveData/,2026-07-17T15:24:01,BSE_PRICE_INDEX
BSE_SMALLCAP,BSE SmallCap,2016-08-04,12127.78,,BSE_INDIA_OFFICIAL,https://www.bseindia.com/indices/IndexArchiveData/,2026-07-17T15:24:01,BSE_PRICE_INDEX
BSE_SMALLCAP,BSE SmallCap,2016-08-05,12306.59,,BSE_INDIA_OFFICIAL,https://www.bseindia.com/indices/IndexArchiveData/,2026-07-17T15:24:01,BSE_PRICE_INDEX
BSE_SMALLCAP,BSE SmallCap,2016-08-08,12393.81,,BSE_INDIA_OFFICIAL,https://www.bseindia.com/indices/IndexArchiveData/,2026-07-17T15:24:01,BSE_PRICE_INDEX
BSE_SMALLCAP,BSE SmallCap,2016-08-09,12338.22,,BSE_INDIA_OFFICIAL,https://www.bseindia.com/indices/IndexArchiveData/,2026-07-17T15:24:01,BSE_PRICE_INDEX
BSE_SMALLCAP,BSE SmallCap,2016-08-10,12192.06,,BSE_INDIA_OFFICIAL,https://www.bseindia.com/indices/IndexArchiveData/,2026-07-17T15:24:01,BSE_PRICE_INDEX
BSE_SMALLCAP,BSE SmallCap,2016-08-11,12189.23,,BSE_INDIA_OFFICIAL,https://www.bseindia.com/indices/IndexArchiveData/,2026-07-17T15:24:01,BSE_PRICE_INDEX
BSE_SMALLCAP,BSE SmallCap,2016-08-12,12214.23,,BSE_INDIA_OFFICIAL,https://www.bseindia.com/indices/IndexArchiveData/,2026-07-17T15:24:01,BSE_PRICE_INDEX
BSE_SMALLCAP,BSE SmallCap,2016-08-16,12212.88,,BSE_INDIA_OFFICIAL,https://www.bseindia.com/indices/IndexArchiveData/,2026-07-17T15:24:01,BSE_PRICE_INDEX
BSE_SMALLCAP,BSE SmallCap,2016-08-17,12280.20,,BSE_INDIA_OFFICIAL,https://www.bseindia.com/indices/IndexArchiveData/,2026-07-17T15:24:01,BSE_PRICE_INDEX
BSE_SMALLCAP,BSE SmallCap,2016-08-18,12403.69,,BSE_INDIA_OFFICIAL,https://www.bseindia.com/indices/IndexArchiveData/,2026-07-17T15:24:01,BSE_PRICE_INDEX
BSE_SMALLCAP,BSE SmallCap,2016-08-19,12459.46,,BSE_INDIA_OFFICIAL,https://www.bseindia.com/indices/IndexArchiveData/,2026-07-17T15:24:01,BSE_PRICE_INDEX
BSE_SMALLCAP,BSE SmallCap,2016-08-22,12442.47,,BSE_INDIA_OFFICIAL,https://www.bseindia.com/indices/IndexArchiveData/,2026-07-17T15:24:01,BSE_PRICE_INDEX
BSE_SMALLCAP,BSE SmallCap,2016-08-23,12433.78,,BSE_INDIA_OFFICIAL,https://www.bseindia.com/indices/IndexArchiveData/,2026-07-17T15:24:01,BSE_PRICE_INDEX
BSE_SMALLCAP,BSE SmallCap,2016-08-24,12515.13,,BSE_INDIA_OFFICIAL,https://www.bseindia.com/indices/IndexArchiveData/,2026-07-17T15:24:01,BSE_PRICE_INDEX
BSE_SMALLCAP,BSE SmallCap,2016-08-25,12501.70,,BSE_INDIA_OFFICIAL,https://www.bseindia.com/indices/IndexArchiveData/,2026-07-17T15:24:01,BSE_PRICE_INDEX
BSE_SMALLCAP,BSE SmallCap,2016-08-26,12487.12,,BSE_INDIA_OFFICIAL,https://www.bseindia.com/indices/IndexArchiveData/,2026-07-17T15:24:01,BSE_PRICE_INDEX
BSE_SMALLCAP,BSE SmallCap,2016-08-29,12498.81,,BSE_INDIA_OFFICIAL,https://www.bseindia.com/indices/IndexArchiveData/,2026-07-17T15:24:01,BSE_PRICE_INDEX
BSE_SMALLCAP,BSE SmallCap,2016-08-30,12626.09,,BSE_INDIA_OFFICIAL,https://www.bseindia.com/indices/IndexArchiveData/,2026-07-17T15:24:01,BSE_PRICE_INDEX
BSE_SMALLCAP,BSE SmallCap,2016-08-31,12648.79,,BSE_INDIA_OFFICIAL,https://www.bseindia.com/indices/IndexArchiveData/,2026-07-17T15:24:01,BSE_PRICE_INDEX
BSE_SMALLCAP,BSE SmallCap,2016-09-01,12598.98,,BSE_INDIA_OFFICIAL,https://www.bseindia.com/indices/IndexArchiveData/,2026-07-17T15:24:01,BSE_PRICE_INDEX
BSE_SMALLCAP,BSE SmallCap,2016-09-02,12644.06,,BSE_INDIA_OFFICIAL,https://www.bseindia.com/indices/IndexArchiveData/,2026-07-17T15:24:01,BSE_PRICE_INDEX
BSE_SMALLCAP,BSE SmallCap,2016-09-06,12764.34,,BSE_INDIA_OFFICIAL,https://www.bseindia.com/indices/IndexArchiveData/,2026-07-17T15:24:01,BSE_PRICE_INDEX
BSE_SMALLCAP,BSE SmallCap,2016-09-07,12816.46,,BSE_INDIA_OFFICIAL,https://www.bseindia.com/indices/IndexArchiveData/,2026-07-17T15:24:01,BSE_PRICE_INDEX
BSE_SMALLCAP,BSE SmallCap,2016-09-08,12922.41,,BSE_INDIA_OFFICIAL,https://www.bseindia.com/indices/IndexArchiveData/,2026-07-17T15:24:01,BSE_PRICE_INDEX
BSE_SMALLCAP,BSE SmallCap,2016-09-09,12861.39,,BSE_INDIA_OFFICIAL,https://www.bseindia.com/indices/IndexArchiveData/,2026-07-17T15:24:01,BSE_PRICE_INDEX
BSE_SMALLCAP,BSE SmallCap,2016-09-12,12559.70,,BSE_INDIA_OFFICIAL,https://www.bseindia.com/indices/IndexArchiveData/,2026-07-17T15:24:01,BSE_PRICE_INDEX
BSE_SMALLCAP,BSE SmallCap,2016-09-14,12711.56,,BSE_INDIA_OFFICIAL,https://www.bseindia.com/indices/IndexArchiveData/,2026-07-17T15:24:01,BSE_PRICE_INDEX
BSE_SMALLCAP,BSE SmallCap,2016-09-15,12745.83,,BSE_INDIA_OFFICIAL,https://www.bseindia.com/indices/IndexArchiveData/,2026-07-17T15:24:01,BSE_PRICE_INDEX
BSE_SMALLCAP,BSE SmallCap,2016-09-16,12764.87,,BSE_INDIA_OFFICIAL,https://www.bseindia.com/indices/IndexArchiveData/,2026-07-17T15:24:01,BSE_PRICE_INDEX
BSE_SMALLCAP,BSE SmallCap,2016-09-19,12831.06,,BSE_INDIA_OFFICIAL,https://www.bseindia.com/indices/IndexArchiveData/,2026-07-17T15:24:01,BSE_PRICE_INDEX
BSE_SMALLCAP,BSE SmallCap,2016-09-20,12797.66,,BSE_INDIA_OFFICIAL,https://www.bseindia.com/indices/IndexArchiveData/,2026-07-17T15:24:01,BSE_PRICE_INDEX
BSE_SMALLCAP,BSE SmallCap,2016-09-21,12821.36,,BSE_INDIA_OFFICIAL,https://www.bseindia.com/indices/IndexArchiveData/,2026-07-17T15:24:01,BSE_PRICE_INDEX
BSE_SMALLCAP,BSE SmallCap,2016-09-22,12948.98,,BSE_INDIA_OFFICIAL,https://www.bseindia.com/indices/IndexArchiveData/,2026-07-17T15:24:01,BSE_PRICE_INDEX
BSE_SMALLCAP,BSE SmallCap,2016-09-23,12958.90,,BSE_INDIA_OFFICIAL,https://www.bseindia.com/indices/IndexArchiveData/,2026-07-17T15:24:01,BSE_PRICE_INDEX
BSE_SMALLCAP,BSE SmallCap,2016-09-26,12887.38,,BSE_INDIA_OFFICIAL,https://www.bseindia.com/indices/IndexArchiveData/,2026-07-17T15:24:01,BSE_PRICE_INDEX
BSE_SMALLCAP,BSE SmallCap,2016-09-27,12904.32,,BSE_INDIA_OFFICIAL,https://www.bseindia.com/indices/IndexArchiveData/,2026-07-17T15:24:01,BSE_PRICE_INDEX
BSE_SMALLCAP,BSE SmallCap,2016-09-28,13039.04,,BSE_INDIA_OFFICIAL,https://www.bseindia.com/indices/IndexArchiveData/,2026-07-17T15:24:01,BSE_PRICE_INDEX
BSE_SMALLCAP,BSE SmallCap,2016-09-29,12514.50,,BSE_INDIA_OFFICIAL,https://www.bseindia.com/indices/IndexArchiveData/,2026-07-17T15:24:01,BSE_PRICE_INDEX
BSE_SMALLCAP,BSE SmallCap,2016-09-30,12780.80,,BSE_INDIA_OFFICIAL,https://www.bseindia.com/indices/IndexArchiveData/,2026-07-17T15:24:01,BSE_PRICE_INDEX
BSE_SMALLCAP,BSE SmallCap,2016-10-03,13122.21,,BSE_INDIA_OFFICIAL,https://www.bseindia.com/indices/IndexArchiveData/,2026-07-17T15:24:01,BSE_PRICE_INDEX
BSE_SMALLCAP,BSE SmallCap,2016-10-04,13208.73,,BSE_INDIA_OFFICIAL,https://www.bseindia.com/indices/IndexArchiveData/,2026-07-17T15:24:01,BSE_PRICE_INDEX
BSE_SMALLCAP,BSE SmallCap,2016-10-05,13290.03,,BSE_INDIA_OFFICIAL,https://www.bseindia.com/indices/IndexArchiveData/,2026-07-17T15:24:01,BSE_PRICE_INDEX
BSE_SMALLCAP,BSE SmallCap,2016-10-06,13225.58,,BSE_INDIA_OFFICIAL,https://www.bseindia.com/indices/IndexArchiveData/,2026-07-17T15:24:01,BSE_PRICE_INDEX
BSE_SMALLCAP,BSE SmallCap,2016-10-07,13222.40,,BSE_INDIA_OFFICIAL,https://www.bseindia.com/indices/IndexArchiveData/,2026-07-17T15:24:01,BSE_PRICE_INDEX
BSE_SMALLCAP,BSE SmallCap,2016-10-10,13255.93,,BSE_INDIA_OFFICIAL,https://www.bseindia.com/indices/IndexArchiveData/,2026-07-17T15:24:01,BSE_PRICE_INDEX
BSE_SMALLCAP,BSE SmallCap,2016-10-13,13068.37,,BSE_INDIA_OFFICIAL,https://www.bseindia.com/indices/IndexArchiveData/,2026-07-17T15:24:01,BSE_PRICE_INDEX
BSE_SMALLCAP,BSE SmallCap,2016-10-14,13176.76,,BSE_INDIA_OFFICIAL,https://www.bseindia.com/indices/IndexArchiveData/,2026-07-17T15:24:01,BSE_PRICE_INDEX
BSE_SMALLCAP,BSE SmallCap,2016-10-17,13107.91,,BSE_INDIA_OFFICIAL,https://www.bseindia.com/indices/IndexArchiveData/,2026-07-17T15:24:01,BSE_PRICE_INDEX
BSE_SMALLCAP,BSE SmallCap,2016-10-18,13278.83,,BSE_INDIA_OFFICIAL,https://www.bseindia.com/indices/IndexArchiveData/,2026-07-17T15:24:01,BSE_PRICE_INDEX
BSE_SMALLCAP,BSE SmallCap,2016-10-19,13351.89,,BSE_INDIA_OFFICIAL,https://www.bseindia.com/indices/IndexArchiveData/,2026-07-17T15:24:01,BSE_PRICE_INDEX
BSE_SMALLCAP,BSE SmallCap,2016-10-20,13418.93,,BSE_INDIA_OFFICIAL,https://www.bseindia.com/indices/IndexArchiveData/,2026-07-17T15:24:01,BSE_PRICE_INDEX
BSE_SMALLCAP,BSE SmallCap,2016-10-21,13432.21,,BSE_INDIA_OFFICIAL,https://www.bseindia.com/indices/IndexArchiveData/,2026-07-17T15:24:01,BSE_PRICE_INDEX
BSE_SMALLCAP,BSE SmallCap,2016-10-24,13501.46,,BSE_INDIA_OFFICIAL,https://www.bseindia.com/indices/IndexArchiveData/,2026-07-17T15:24:01,BSE_PRICE_INDEX
BSE_SMALLCAP,BSE SmallCap,2016-10-25,13518.83,,BSE_INDIA_OFFICIAL,https://www.bseindia.com/indices/IndexArchiveData/,2026-07-17T15:24:01,BSE_PRICE_INDEX
BSE_SMALLCAP,BSE SmallCap,2016-10-26,13428.98,,BSE_INDIA_OFFICIAL,https://www.bseindia.com/indices/IndexArchiveData/,2026-07-17T15:24:01,BSE_PRICE_INDEX
BSE_SMALLCAP,BSE SmallCap,2016-10-27,13325.57,,BSE_INDIA_OFFICIAL,https://www.bseindia.com/indices/IndexArchiveData/,2026-07-17T15:24:01,BSE_PRICE_INDEX
BSE_SMALLCAP,BSE SmallCap,2016-10-28,13454.03,,BSE_INDIA_OFFICIAL,https://www.bseindia.com/indices/IndexArchiveData/,2026-07-17T15:24:01,BSE_PRICE_INDEX
BSE_SMALLCAP,BSE SmallCap,2016-10-30,13583.14,,BSE_INDIA_OFFICIAL,https://www.bseindia.com/indices/IndexArchiveData/,2026-07-17T15:24:01,BSE_PRICE_INDEX
BSE_SMALLCAP,BSE SmallCap,2016-11-01,13556.89,,BSE_INDIA_OFFICIAL,https://www.bseindia.com/indices/IndexArchiveData/,2026-07-17T15:24:01,BSE_PRICE_INDEX
BSE_SMALLCAP,BSE SmallCap,2016-11-02,13307.38,,BSE_INDIA_OFFICIAL,https://www.bseindia.com/indices/IndexArchiveData/,2026-07-17T15:24:01,BSE_PRICE_INDEX
BSE_SMALLCAP,BSE SmallCap,2016-11-03,13167.23,,BSE_INDIA_OFFICIAL,https://www.bseindia.com/indices/IndexArchiveData/,2026-07-17T15:24:01,BSE_PRICE_INDEX
BSE_SMALLCAP,BSE SmallCap,2016-11-04,12877.48,,BSE_INDIA_OFFICIAL,https://www.bseindia.com/indices/IndexArchiveData/,2026-07-17T15:24:01,BSE_PRICE_INDEX
BSE_SMALLCAP,BSE SmallCap,2016-11-07,13030.48,,BSE_INDIA_OFFICIAL,https://www.bseindia.com/indices/IndexArchiveData/,2026-07-17T15:24:01,BSE_PRICE_INDEX
BSE_SMALLCAP,BSE SmallCap,2016-11-08,13051.76,,BSE_INDIA_OFFICIAL,https://www.bseindia.com/indices/IndexArchiveData/,2026-07-17T15:24:01,BSE_PRICE_INDEX
BSE_SMALLCAP,BSE SmallCap,2016-11-09,12704.10,,BSE_INDIA_OFFICIAL,https://www.bseindia.com/indices/IndexArchiveData/,2026-07-17T15:24:01,BSE_PRICE_INDEX
BSE_SMALLCAP,BSE SmallCap,2016-11-10,12926.78,,BSE_INDIA_OFFICIAL,https://www.bseindia.com/indices/IndexArchiveData/,2026-07-17T15:24:01,BSE_PRICE_INDEX
BSE_SMALLCAP,BSE SmallCap,2016-11-11,12485.07,,BSE_INDIA_OFFICIAL,https://www.bseindia.com/indices/IndexArchiveData/,2026-07-17T15:24:01,BSE_PRICE_INDEX
BSE_SMALLCAP,BSE SmallCap,2016-11-15,11902.01,,BSE_INDIA_OFFICIAL,https://www.bseindia.com/indices/IndexArchiveData/,2026-07-17T15:24:01,BSE_PRICE_INDEX
BSE_SMALLCAP,BSE SmallCap,2016-11-16,11908.11,,BSE_INDIA_OFFICIAL,https://www.bseindia.com/indices/IndexArchiveData/,2026-07-17T15:24:01,BSE_PRICE_INDEX
BSE_SMALLCAP,BSE SmallCap,2016-11-17,11839.79,,BSE_INDIA_OFFICIAL,https://www.bseindia.com/indices/IndexArchiveData/,2026-07-17T15:24:01,BSE_PRICE_INDEX
BSE_SMALLCAP,BSE SmallCap,2016-11-18,11868.94,,BSE_INDIA_OFFICIAL,https://www.bseindia.com/indices/IndexArchiveData/,2026-07-17T15:24:01,BSE_PRICE_INDEX
BSE_SMALLCAP,BSE SmallCap,2016-11-21,11493.81,,BSE_INDIA_OFFICIAL,https://www.bseindia.com/indices/IndexArchiveData/,2026-07-17T15:24:01,BSE_PRICE_INDEX
BSE_SMALLCAP,BSE SmallCap,2016-11-22,11626.80,,BSE_INDIA_OFFICIAL,https://www.bseindia.com/indices/IndexArchiveData/,2026-07-17T15:24:01,BSE_PRICE_INDEX
BSE_SMALLCAP,BSE SmallCap,2016-11-23,11805.55,,BSE_INDIA_OFFICIAL,https://www.bseindia.com/indices/IndexArchiveData/,2026-07-17T15:24:01,BSE_PRICE_INDEX
BSE_SMALLCAP,BSE SmallCap,2016-11-24,11792.28,,BSE_INDIA_OFFICIAL,https://www.bseindia.com/indices/IndexArchiveData/,2026-07-17T15:24:01,BSE_PRICE_INDEX
BSE_SMALLCAP,BSE SmallCap,2016-11-25,12027.70,,BSE_INDIA_OFFICIAL,https://www.bseindia.com/indices/IndexArchiveData/,2026-07-17T15:24:01,BSE_PRICE_INDEX
BSE_SMALLCAP,BSE SmallCap,2016-11-28,12106.77,,BSE_INDIA_OFFICIAL,https://www.bseindia.com/indices/IndexArchiveData/,2026-07-17T15:24:01,BSE_PRICE_INDEX
BSE_SMALLCAP,BSE SmallCap,2016-11-29,12173.66,,BSE_INDIA_OFFICIAL,https://www.bseindia.com/indices/IndexArchiveData/,2026-07-17T15:24:01,BSE_PRICE_INDEX
BSE_SMALLCAP,BSE SmallCap,2016-11-30,12329.65,,BSE_INDIA_OFFICIAL,https://www.bseindia.com/indices/IndexArchiveData/,2026-07-17T15:24:01,BSE_PRICE_INDEX
BSE_SMALLCAP,BSE SmallCap,2016-12-01,12250.42,,BSE_INDIA_OFFICIAL,https://www.bseindia.com/indices/IndexArchiveData/,2026-07-17T15:24:01,BSE_PRICE_INDEX
BSE_SMALLCAP,BSE SmallCap,2016-12-02,12083.20,,BSE_INDIA_OFFICIAL,https://www.bseindia.com/indices/IndexArchiveData/,2026-07-17T15:24:01,BSE_PRICE_INDEX
BSE_SMALLCAP,BSE SmallCap,2016-12-05,12114.72,,BSE_INDIA_OFFICIAL,https://www.bseindia.com/indices/IndexArchiveData/,2026-07-17T15:24:01,BSE_PRICE_INDEX
BSE_SMALLCAP,BSE SmallCap,2016-12-06,12164.11,,BSE_INDIA_OFFICIAL,https://www.bseindia.com/indices/IndexArchiveData/,2026-07-17T15:24:01,BSE_PRICE_INDEX
BSE_SMALLCAP,BSE SmallCap,2016-12-07,12101.77,,BSE_INDIA_OFFICIAL,https://www.bseindia.com/indices/IndexArchiveData/,2026-07-17T15:24:01,BSE_PRICE_INDEX
BSE_SMALLCAP,BSE SmallCap,2016-12-08,12256.25,,BSE_INDIA_OFFICIAL,https://www.bseindia.com/indices/IndexArchiveData/,2026-07-17T15:24:01,BSE_PRICE_INDEX
BSE_SMALLCAP,BSE SmallCap,2016-12-09,12320.08,,BSE_INDIA_OFFICIAL,https://www.bseindia.com/indices/IndexArchiveData/,2026-07-17T15:24:01,BSE_PRICE_INDEX
BSE_SMALLCAP,BSE SmallCap,2016-12-12,12230.63,,BSE_INDIA_OFFICIAL,https://www.bseindia.com/indices/IndexArchiveData/,2026-07-17T15:24:01,BSE_PRICE_INDEX
BSE_SMALLCAP,BSE SmallCap,2016-12-13,12222.52,,BSE_INDIA_OFFICIAL,https://www.bseindia.com/indices/IndexArchiveData/,2026-07-17T15:24:01,BSE_PRICE_INDEX
BSE_SMALLCAP,BSE SmallCap,2016-12-14,12118.38,,BSE_INDIA_OFFICIAL,https://www.bseindia.com/indices/IndexArchiveData/,2026-07-17T15:24:01,BSE_PRICE_INDEX
BSE_SMALLCAP,BSE SmallCap,2016-12-15,12143.41,,BSE_INDIA_OFFICIAL,https://www.bseindia.com/indices/IndexArchiveData/,2026-07-17T15:24:01,BSE_PRICE_INDEX
BSE_SMALLCAP,BSE SmallCap,2016-12-16,12113.52,,BSE_INDIA_OFFICIAL,https://www.bseindia.com/indices/IndexArchiveData/,2026-07-17T15:24:01,BSE_PRICE_INDEX
BSE_SMALLCAP,BSE SmallCap,2016-12-19,12057.69,,BSE_INDIA_OFFICIAL,https://www.bseindia.com/indices/IndexArchiveData/,2026-07-17T15:24:01,BSE_PRICE_INDEX
BSE_SMALLCAP,BSE SmallCap,2016-12-20,11947.14,,BSE_INDIA_OFFICIAL,https://www.bseindia.com/indices/IndexArchiveData/,2026-07-17T15:24:01,BSE_PRICE_INDEX
BSE_SMALLCAP,BSE SmallCap,2016-12-21,11950.88,,BSE_INDIA_OFFICIAL,https://www.bseindia.com/indices/IndexArchiveData/,2026-07-17T15:24:01,BSE_PRICE_INDEX
BSE_SMALLCAP,BSE SmallCap,2016-12-22,11801.82,,BSE_INDIA_OFFICIAL,https://www.bseindia.com/indices/IndexArchiveData/,2026-07-17T15:24:01,BSE_PRICE_INDEX
BSE_SMALLCAP,BSE SmallCap,2016-12-23,11796.94,,BSE_INDIA_OFFICIAL,https://www.bseindia.com/indices/IndexArchiveData/,2026-07-17T15:24:01,BSE_PRICE_INDEX
BSE_SMALLCAP,BSE SmallCap,2016-12-26,11548.74,,BSE_INDIA_OFFICIAL,https://www.bseindia.com/indices/IndexArchiveData/,2026-07-17T15:24:01,BSE_PRICE_INDEX
BSE_SMALLCAP,BSE SmallCap,2016-12-27,11720.83,,BSE_INDIA_OFFICIAL,https://www.bseindia.com/indices/IndexArchiveData/,2026-07-17T15:24:01,BSE_PRICE_INDEX
BSE_SMALLCAP,BSE SmallCap,2016-12-28,11823.11,,BSE_INDIA_OFFICIAL,https://www.bseindia.com/indices/IndexArchiveData/,2026-07-17T15:24:01,BSE_PRICE_INDEX
BSE_SMALLCAP,BSE SmallCap,2016-12-29,11954.52,,BSE_INDIA_OFFICIAL,https://www.bseindia.com/indices/IndexArchiveData/,2026-07-17T15:24:01,BSE_PRICE_INDEX
BSE_SMALLCAP,BSE SmallCap,2016-12-30,12046.13,,BSE_INDIA_OFFICIAL,https://www.bseindia.com/indices/IndexArchiveData/,2026-07-17T15:24:01,BSE_PRICE_INDEX
BSE_SMALLCAP,BSE SmallCap,2017-01-02,12190.15,,BSE_INDIA_OFFICIAL,https://www.bseindia.com/indices/IndexArchiveData/,2026-07-17T15:24:01,BSE_PRICE_INDEX
BSE_SMALLCAP,BSE SmallCap,2017-01-03,12315.16,,BSE_INDIA_OFFICIAL,https://www.bseindia.com/indices/IndexArchiveData/,2026-07-17T15:24:01,BSE_PRICE_INDEX
BSE_SMALLCAP,BSE SmallCap,2017-01-04,12372.70,,BSE_INDIA_OFFICIAL,https://www.bseindia.com/indices/IndexArchiveData/,2026-07-17T15:24:01,BSE_PRICE_INDEX
BSE_SMALLCAP,BSE SmallCap,2017-01-05,12493.47,,BSE_INDIA_OFFICIAL,https://www.bseindia.com/indices/IndexArchiveData/,2026-07-17T15:24:01,BSE_PRICE_INDEX
BSE_SMALLCAP,BSE SmallCap,2017-01-06,12440.33,,BSE_INDIA_OFFICIAL,https://www.bseindia.com/indices/IndexArchiveData/,2026-07-17T15:24:01,BSE_PRICE_INDEX
BSE_SMALLCAP,BSE SmallCap,2017-01-09,12495.71,,BSE_INDIA_OFFICIAL,https://www.bseindia.com/indices/IndexArchiveData/,2026-07-17T15:24:01,BSE_PRICE_INDEX
BSE_SMALLCAP,BSE SmallCap,2017-01-10,12583.35,,BSE_INDIA_OFFICIAL,https://www.bseindia.com/indices/IndexArchiveData/,2026-07-17T15:24:01,BSE_PRICE_INDEX
BSE_SMALLCAP,BSE SmallCap,2017-01-11,12706.75,,BSE_INDIA_OFFICIAL,https://www.bseindia.com/indices/IndexArchiveData/,2026-07-17T15:24:01,BSE_PRICE_INDEX
BSE_SMALLCAP,BSE SmallCap,2017-01-12,12686.59,,BSE_INDIA_OFFICIAL,https://www.bseindia.com/indices/IndexArchiveData/,2026-07-17T15:24:01,BSE_PRICE_INDEX
BSE_SMALLCAP,BSE SmallCap,2017-01-13,12689.85,,BSE_INDIA_OFFICIAL,https://www.bseindia.com/indices/IndexArchiveData/,2026-07-17T15:24:01,BSE_PRICE_INDEX
BSE_SMALLCAP,BSE SmallCap,2017-01-16,12762.09,,BSE_INDIA_OFFICIAL,https://www.bseindia.com/indices/IndexArchiveData/,2026-07-17T15:24:01,BSE_PRICE_INDEX
BSE_SMALLCAP,BSE SmallCap,2017-01-17,12804.76,,BSE_INDIA_OFFICIAL,https://www.bseindia.com/indices/IndexArchiveData/,2026-07-17T15:24:01,BSE_PRICE_INDEX
BSE_SMALLCAP,BSE SmallCap,2017-01-18,12883.38,,BSE_INDIA_OFFICIAL,https://www.bseindia.com/indices/IndexArchiveData/,2026-07-17T15:24:01,BSE_PRICE_INDEX
BSE_SMALLCAP,BSE SmallCap,2017-01-19,12925.58,,BSE_INDIA_OFFICIAL,https://www.bseindia.com/indices/IndexArchiveData/,2026-07-17T15:24:01,BSE_PRICE_INDEX
BSE_SMALLCAP,BSE SmallCap,2017-01-20,12761.01,,BSE_INDIA_OFFICIAL,https://www.bseindia.com/indices/IndexArchiveData/,2026-07-17T15:24:01,BSE_PRICE_INDEX
BSE_SMALLCAP,BSE SmallCap,2017-01-23,12821.07,,BSE_INDIA_OFFICIAL,https://www.bseindia.com/indices/IndexArchiveData/,2026-07-17T15:24:01,BSE_PRICE_INDEX
BSE_SMALLCAP,BSE SmallCap,2017-01-24,12930.37,,BSE_INDIA_OFFICIAL,https://www.bseindia.com/indices/IndexArchiveData/,2026-07-17T15:24:01,BSE_PRICE_INDEX
BSE_SMALLCAP,BSE SmallCap,2017-01-25,13042.86,,BSE_INDIA_OFFICIAL,https://www.bseindia.com/indices/IndexArchiveData/,2026-07-17T15:24:01,BSE_PRICE_INDEX
BSE_SMALLCAP,BSE SmallCap,2017-01-27,13112.12,,BSE_INDIA_OFFICIAL,https://www.bseindia.com/indices/IndexArchiveData/,2026-07-17T15:24:01,BSE_PRICE_INDEX
BSE_SMALLCAP,BSE SmallCap,2017-01-30,13069.85,,BSE_INDIA_OFFICIAL,https://www.bseindia.com/indices/IndexArchiveData/,2026-07-17T15:24:01,BSE_PRICE_INDEX
BSE_SMALLCAP,BSE SmallCap,2017-01-31,12935.66,,BSE_INDIA_OFFICIAL,https://www.bseindia.com/indices/IndexArchiveData/,2026-07-17T15:24:01,BSE_PRICE_INDEX
BSE_SMALLCAP,BSE SmallCap,2017-02-01,13153.14,,BSE_INDIA_OFFICIAL,https://www.bseindia.com/indices/IndexArchiveData/,2026-07-17T15:24:01,BSE_PRICE_INDEX
BSE_SMALLCAP,BSE SmallCap,2017-02-02,13278.62,,BSE_INDIA_OFFICIAL,https://www.bseindia.com/indices/IndexArchiveData/,2026-07-17T15:24:01,BSE_PRICE_INDEX
BSE_SMALLCAP,BSE SmallCap,2017-02-03,13422.10,,BSE_INDIA_OFFICIAL,https://www.bseindia.com/indices/IndexArchiveData/,2026-07-17T15:24:01,BSE_PRICE_INDEX
BSE_SMALLCAP,BSE SmallCap,2017-02-06,13539.72,,BSE_INDIA_OFFICIAL,https://www.bseindia.com/indices/IndexArchiveData/,2026-07-17T15:24:01,BSE_PRICE_INDEX
BSE_SMALLCAP,BSE SmallCap,2017-02-07,13528.05,,BSE_INDIA_OFFICIAL,https://www.bseindia.com/indices/IndexArchiveData/,2026-07-17T15:24:01,BSE_PRICE_INDEX
BSE_SMALLCAP,BSE SmallCap,2017-02-08,13557.60,,BSE_INDIA_OFFICIAL,https://www.bseindia.com/indices/IndexArchiveData/,2026-07-17T15:24:01,BSE_PRICE_INDEX
BSE_SMALLCAP,BSE SmallCap,2017-02-09,13582.89,,BSE_INDIA_OFFICIAL,https://www.bseindia.com/indices/IndexArchiveData/,2026-07-17T15:24:01,BSE_PRICE_INDEX
BSE_SMALLCAP,BSE SmallCap,2017-02-10,13601.31,,BSE_INDIA_OFFICIAL,https://www.bseindia.com/indices/IndexArchiveData/,2026-07-17T15:24:01,BSE_PRICE_INDEX
BSE_SMALLCAP,BSE SmallCap,2017-02-13,13523.65,,BSE_INDIA_OFFICIAL,https://www.bseindia.com/indices/IndexArchiveData/,2026-07-17T15:24:01,BSE_PRICE_INDEX
BSE_SMALLCAP,BSE SmallCap,2017-02-14,13438.83,,BSE_INDIA_OFFICIAL,https://www.bseindia.com/indices/IndexArchiveData/,2026-07-17T15:24:01,BSE_PRICE_INDEX
BSE_SMALLCAP,BSE SmallCap,2017-02-15,13234.82,,BSE_INDIA_OFFICIAL,https://www.bseindia.com/indices/IndexArchiveData/,2026-07-17T15:24:01,BSE_PRICE_INDEX
BSE_SMALLCAP,BSE SmallCap,2017-02-16,13413.95,,BSE_INDIA_OFFICIAL,https://www.bseindia.com/indices/IndexArchiveData/,2026-07-17T15:24:01,BSE_PRICE_INDEX
BSE_SMALLCAP,BSE SmallCap,2017-02-17,13467.64,,BSE_INDIA_OFFICIAL,https://www.bseindia.com/indices/IndexArchiveData/,2026-07-17T15:24:01,BSE_PRICE_INDEX
BSE_SMALLCAP,BSE SmallCap,2017-02-20,13589.63,,BSE_INDIA_OFFICIAL,https://www.bseindia.com/indices/IndexArchiveData/,2026-07-17T15:24:01,BSE_PRICE_INDEX
BSE_SMALLCAP,BSE SmallCap,2017-02-21,13651.91,,BSE_INDIA_OFFICIAL,https://www.bseindia.com/indices/IndexArchiveData/,2026-07-17T15:24:01,BSE_PRICE_INDEX
BSE_SMALLCAP,BSE SmallCap,2017-02-22,13573.03,,BSE_INDIA_OFFICIAL,https://www.bseindia.com/indices/IndexArchiveData/,2026-07-17T15:24:01,BSE_PRICE_INDEX
BSE_SMALLCAP,BSE SmallCap,2017-02-23,13587.78,,BSE_INDIA_OFFICIAL,https://www.bseindia.com/indices/IndexArchiveData/,2026-07-17T15:24:01,BSE_PRICE_INDEX
BSE_SMALLCAP,BSE SmallCap,2017-02-27,13609.88,,BSE_INDIA_OFFICIAL,https://www.bseindia.com/indices/IndexArchiveData/,2026-07-17T15:24:01,BSE_PRICE_INDEX
BSE_SMALLCAP,BSE SmallCap,2017-02-28,13690.81,,BSE_INDIA_OFFICIAL,https://www.bseindia.com/indices/IndexArchiveData/,2026-07-17T15:24:01,BSE_PRICE_INDEX
BSE_SMALLCAP,BSE SmallCap,2017-03-01,13752.82,,BSE_INDIA_OFFICIAL,https://www.bseindia.com/indices/IndexArchiveData/,2026-07-17T15:24:01,BSE_PRICE_INDEX
BSE_SMALLCAP,BSE SmallCap,2017-03-02,13574.48,,BSE_INDIA_OFFICIAL,https://www.bseindia.com/indices/IndexArchiveData/,2026-07-17T15:24:01,BSE_PRICE_INDEX
BSE_SMALLCAP,BSE SmallCap,2017-03-03,13620.17,,BSE_INDIA_OFFICIAL,https://www.bseindia.com/indices/IndexArchiveData/,2026-07-17T15:24:01,BSE_PRICE_INDEX
BSE_SMALLCAP,BSE SmallCap,2017-03-06,13670.73,,BSE_INDIA_OFFICIAL,https://www.bseindia.com/indices/IndexArchiveData/,2026-07-17T15:24:01,BSE_PRICE_INDEX
BSE_SMALLCAP,BSE SmallCap,2017-03-07,13675.18,,BSE_INDIA_OFFICIAL,https://www.bseindia.com/indices/IndexArchiveData/,2026-07-17T15:24:01,BSE_PRICE_INDEX
BSE_SMALLCAP,BSE SmallCap,2017-03-08,13632.90,,BSE_INDIA_OFFICIAL,https://www.bseindia.com/indices/IndexArchiveData/,2026-07-17T15:24:01,BSE_PRICE_INDEX
BSE_SMALLCAP,BSE SmallCap,2017-03-09,13620.79,,BSE_INDIA_OFFICIAL,https://www.bseindia.com/indices/IndexArchiveData/,2026-07-17T15:24:01,BSE_PRICE_INDEX
BSE_SMALLCAP,BSE SmallCap,2017-03-10,13604.96,,BSE_INDIA_OFFICIAL,https://www.bseindia.com/indices/IndexArchiveData/,2026-07-17T15:24:01,BSE_PRICE_INDEX
BSE_SMALLCAP,BSE SmallCap,2017-03-14,13767.48,,BSE_INDIA_OFFICIAL,https://www.bseindia.com/indices/IndexArchiveData/,2026-07-17T15:24:01,BSE_PRICE_INDEX
BSE_SMALLCAP,BSE SmallCap,2017-03-15,13858.52,,BSE_INDIA_OFFICIAL,https://www.bseindia.com/indices/IndexArchiveData/,2026-07-17T15:24:01,BSE_PRICE_INDEX
BSE_SMALLCAP,BSE SmallCap,2017-03-16,14006.40,,BSE_INDIA_OFFICIAL,https://www.bseindia.com/indices/IndexArchiveData/,2026-07-17T15:24:01,BSE_PRICE_INDEX
BSE_SMALLCAP,BSE SmallCap,2017-03-17,14012.63,,BSE_INDIA_OFFICIAL,https://www.bseindia.com/indices/IndexArchiveData/,2026-07-17T15:24:01,BSE_PRICE_INDEX
BSE_SMALLCAP,BSE SmallCap,2017-03-20,14054.99,,BSE_INDIA_OFFICIAL,https://www.bseindia.com/indices/IndexArchiveData/,2026-07-17T15:24:01,BSE_PRICE_INDEX
BSE_SMALLCAP,BSE SmallCap,2017-03-21,14027.93,,BSE_INDIA_OFFICIAL,https://www.bseindia.com/indices/IndexArchiveData/,2026-07-17T15:24:01,BSE_PRICE_INDEX
BSE_SMALLCAP,BSE SmallCap,2017-03-22,13901.92,,BSE_INDIA_OFFICIAL,https://www.bseindia.com/indices/IndexArchiveData/,2026-07-17T15:24:01,BSE_PRICE_INDEX
BSE_SMALLCAP,BSE SmallCap,2017-03-23,14027.94,,BSE_INDIA_OFFICIAL,https://www.bseindia.com/indices/IndexArchiveData/,2026-07-17T15:24:01,BSE_PRICE_INDEX
BSE_SMALLCAP,BSE SmallCap,2017-03-24,14077.61,,BSE_INDIA_OFFICIAL,https://www.bseindia.com/indices/IndexArchiveData/,2026-07-17T15:24:01,BSE_PRICE_INDEX
BSE_SMALLCAP,BSE SmallCap,2017-03-27,14071.28,,BSE_INDIA_OFFICIAL,https://www.bseindia.com/indices/IndexArchiveData/,2026-07-17T15:24:01,BSE_PRICE_INDEX
BSE_SMALLCAP,BSE SmallCap,2017-03-28,14153.37,,BSE_INDIA_OFFICIAL,https://www.bseindia.com/indices/IndexArchiveData/,2026-07-17T15:24:01,BSE_PRICE_INDEX
BSE_SMALLCAP,BSE SmallCap,2017-03-29,14196.72,,BSE_INDIA_OFFICIAL,https://www.bseindia.com/indices/IndexArchiveData/,2026-07-17T15:24:01,BSE_PRICE_INDEX
BSE_SMALLCAP,BSE SmallCap,2017-03-30,14331.25,,BSE_INDIA_OFFICIAL,https://www.bseindia.com/indices/IndexArchiveData/,2026-07-17T15:24:01,BSE_PRICE_INDEX
BSE_SMALLCAP,BSE SmallCap,2017-03-31,14433.86,,BSE_INDIA_OFFICIAL,https://www.bseindia.com/indices/IndexArchiveData/,2026-07-17T15:24:01,BSE_PRICE_INDEX
BSE_SMALLCAP,BSE SmallCap,2017-04-03,14620.23,,BSE_INDIA_OFFICIAL,https://www.bseindia.com/indices/IndexArchiveData/,2026-07-17T15:24:01,BSE_PRICE_INDEX
BSE_SMALLCAP,BSE SmallCap,2017-04-05,14784.68,,BSE_INDIA_OFFICIAL,https://www.bseindia.com/indices/IndexArchiveData/,2026-07-17T15:24:01,BSE_PRICE_INDEX
BSE_SMALLCAP,BSE SmallCap,2017-04-06,14750.97,,BSE_INDIA_OFFICIAL,https://www.bseindia.com/indices/IndexArchiveData/,2026-07-17T15:24:01,BSE_PRICE_INDEX
BSE_SMALLCAP,BSE SmallCap,2017-04-07,14681.42,,BSE_INDIA_OFFICIAL,https://www.bseindia.com/indices/IndexArchiveData/,2026-07-17T15:24:01,BSE_PRICE_INDEX
BSE_SMALLCAP,BSE SmallCap,2017-04-10,14776.03,,BSE_INDIA_OFFICIAL,https://www.bseindia.com/indices/IndexArchiveData/,2026-07-17T15:24:01,BSE_PRICE_INDEX
BSE_SMALLCAP,BSE SmallCap,2017-04-11,14924.87,,BSE_INDIA_OFFICIAL,https://www.bseindia.com/indices/IndexArchiveData/,2026-07-17T15:24:01,BSE_PRICE_INDEX
BSE_SMALLCAP,BSE SmallCap,2017-04-12,14852.27,,BSE_INDIA_OFFICIAL,https://www.bseindia.com/indices/IndexArchiveData/,2026-07-17T15:24:01,BSE_PRICE_INDEX
BSE_SMALLCAP,BSE SmallCap,2017-04-13,14881.16,,BSE_INDIA_OFFICIAL,https://www.bseindia.com/indices/IndexArchiveData/,2026-07-17T15:24:01,BSE_PRICE_INDEX
BSE_SMALLCAP,BSE SmallCap,2017-04-17,14954.16,,BSE_INDIA_OFFICIAL,https://www.bseindia.com/indices/IndexArchiveData/,2026-07-17T15:24:01,BSE_PRICE_INDEX
BSE_SMALLCAP,BSE SmallCap,2017-04-18,14844.11,,BSE_INDIA_OFFICIAL,https://www.bseindia.com/indices/IndexArchiveData/,2026-07-17T15:24:01,BSE_PRICE_INDEX
BSE_SMALLCAP,BSE SmallCap,2017-04-19,14957.30,,BSE_INDIA_OFFICIAL,https://www.bseindia.com/indices/IndexArchiveData/,2026-07-17T15:24:01,BSE_PRICE_INDEX
BSE_SMALLCAP,BSE SmallCap,2017-04-20,15128.08,,BSE_INDIA_OFFICIAL,https://www.bseindia.com/indices/IndexArchiveData/,2026-07-17T15:24:01,BSE_PRICE_INDEX
BSE_SMALLCAP,BSE SmallCap,2017-04-21,15166.31,,BSE_INDIA_OFFICIAL,https://www.bseindia.com/indices/IndexArchiveData/,2026-07-17T15:24:01,BSE_PRICE_INDEX
BSE_SMALLCAP,BSE SmallCap,2017-04-24,15291.26,,BSE_INDIA_OFFICIAL,https://www.bseindia.com/indices/IndexArchiveData/,2026-07-17T15:24:01,BSE_PRICE_INDEX
BSE_SMALLCAP,BSE SmallCap,2017-04-25,15379.89,,BSE_INDIA_OFFICIAL,https://www.bseindia.com/indices/IndexArchiveData/,2026-07-17T15:24:01,BSE_PRICE_INDEX
BSE_SMALLCAP,BSE SmallCap,2017-04-26,15282.66,,BSE_INDIA_OFFICIAL,https://www.bseindia.com/indices/IndexArchiveData/,2026-07-17T15:24:01,BSE_PRICE_INDEX
BSE_SMALLCAP,BSE SmallCap,2017-04-27,15279.49,,BSE_INDIA_OFFICIAL,https://www.bseindia.com/indices/IndexArchiveData/,2026-07-17T15:24:01,BSE_PRICE_INDEX
BSE_SMALLCAP,BSE SmallCap,2017-04-28,15372.51,,BSE_INDIA_OFFICIAL,https://www.bseindia.com/indices/IndexArchiveData/,2026-07-17T15:24:01,BSE_PRICE_INDEX
BSE_SMALLCAP,BSE SmallCap,2017-05-02,15420.80,,BSE_INDIA_OFFICIAL,https://www.bseindia.com/indices/IndexArchiveData/,2026-07-17T15:24:01,BSE_PRICE_INDEX
BSE_SMALLCAP,BSE SmallCap,2017-05-03,15430.96,,BSE_INDIA_OFFICIAL,https://www.bseindia.com/indices/IndexArchiveData/,2026-07-17T15:24:01,BSE_PRICE_INDEX
BSE_SMALLCAP,BSE SmallCap,2017-05-04,15485.75,,BSE_INDIA_OFFICIAL,https://www.bseindia.com/indices/IndexArchiveData/,2026-07-17T15:24:01,BSE_PRICE_INDEX
BSE_SMALLCAP,BSE SmallCap,2017-05-05,15355.84,,BSE_INDIA_OFFICIAL,https://www.bseindia.com/indices/IndexArchiveData/,2026-07-17T15:24:01,BSE_PRICE_INDEX
BSE_SMALLCAP,BSE SmallCap,2017-05-08,15462.58,,BSE_INDIA_OFFICIAL,https://www.bseindia.com/indices/IndexArchiveData/,2026-07-17T15:24:01,BSE_PRICE_INDEX
BSE_SMALLCAP,BSE SmallCap,2017-05-09,15544.63,,BSE_INDIA_OFFICIAL,https://www.bseindia.com/indices/IndexArchiveData/,2026-07-17T15:24:01,BSE_PRICE_INDEX
BSE_SMALLCAP,BSE SmallCap,2017-05-10,15661.65,,BSE_INDIA_OFFICIAL,https://www.bseindia.com/indices/IndexArchiveData/,2026-07-17T15:24:01,BSE_PRICE_INDEX
BSE_SMALLCAP,BSE SmallCap,2017-05-11,15653.40,,BSE_INDIA_OFFICIAL,https://www.bseindia.com/indices/IndexArchiveData/,2026-07-17T15:24:01,BSE_PRICE_INDEX
BSE_SMALLCAP,BSE SmallCap,2017-05-12,15528.83,,BSE_INDIA_OFFICIAL,https://www.bseindia.com/indices/IndexArchiveData/,2026-07-17T15:24:01,BSE_PRICE_INDEX
BSE_SMALLCAP,BSE SmallCap,2017-05-15,15650.37,,BSE_INDIA_OFFICIAL,https://www.bseindia.com/indices/IndexArchiveData/,2026-07-17T15:24:01,BSE_PRICE_INDEX
BSE_SMALLCAP,BSE SmallCap,2017-05-16,15709.59,,BSE_INDIA_OFFICIAL,https://www.bseindia.com/indices/IndexArchiveData/,2026-07-17T15:24:01,BSE_PRICE_INDEX
BSE_SMALLCAP,BSE SmallCap,2017-05-17,15680.87,,BSE_INDIA_OFFICIAL,https://www.bseindia.com/indices/IndexArchiveData/,2026-07-17T15:24:01,BSE_PRICE_INDEX
BSE_SMALLCAP,BSE SmallCap,2017-05-18,15361.56,,BSE_INDIA_OFFICIAL,https://www.bseindia.com/indices/IndexArchiveData/,2026-07-17T15:24:01,BSE_PRICE_INDEX
BSE_SMALLCAP,BSE SmallCap,2017-05-19,15227.07,,BSE_INDIA_OFFICIAL,https://www.bseindia.com/indices/IndexArchiveData/,2026-07-17T15:24:01,BSE_PRICE_INDEX
BSE_SMALLCAP,BSE SmallCap,2017-05-22,15054.14,,BSE_INDIA_OFFICIAL,https://www.bseindia.com/indices/IndexArchiveData/,2026-07-17T15:24:01,BSE_PRICE_INDEX
BSE_SMALLCAP,BSE SmallCap,2017-05-23,14769.86,,BSE_INDIA_OFFICIAL,https://www.bseindia.com/indices/IndexArchiveData/,2026-07-17T15:24:01,BSE_PRICE_INDEX
BSE_SMALLCAP,BSE SmallCap,2017-05-24,14556.57,,BSE_INDIA_OFFICIAL,https://www.bseindia.com/indices/IndexArchiveData/,2026-07-17T15:24:01,BSE_PRICE_INDEX
BSE_SMALLCAP,BSE SmallCap,2017-05-25,14848.73,,BSE_INDIA_OFFICIAL,https://www.bseindia.com/indices/IndexArchiveData/,2026-07-17T15:24:01,BSE_PRICE_INDEX
BSE_SMALLCAP,BSE SmallCap,2017-05-26,15086.26,,BSE_INDIA_OFFICIAL,https://www.bseindia.com/indices/IndexArchiveData/,2026-07-17T15:24:01,BSE_PRICE_INDEX
BSE_SMALLCAP,BSE SmallCap,2017-05-29,14855.13,,BSE_INDIA_OFFICIAL,https://www.bseindia.com/indices/IndexArchiveData/,2026-07-17T15:24:01,BSE_PRICE_INDEX
BSE_SMALLCAP,BSE SmallCap,2017-05-30,14924.04,,BSE_INDIA_OFFICIAL,https://www.bseindia.com/indices/IndexArchiveData/,2026-07-17T15:24:01,BSE_PRICE_INDEX
BSE_SMALLCAP,BSE SmallCap,2017-05-31,15080.21,,BSE_INDIA_OFFICIAL,https://www.bseindia.com/indices/IndexArchiveData/,2026-07-17T15:24:01,BSE_PRICE_INDEX
BSE_SMALLCAP,BSE SmallCap,2017-06-01,15234.24,,BSE_INDIA_OFFICIAL,https://www.bseindia.com/indices/IndexArchiveData/,2026-07-17T15:24:01,BSE_PRICE_INDEX
BSE_SMALLCAP,BSE SmallCap,2017-06-02,15311.17,,BSE_INDIA_OFFICIAL,https://www.bseindia.com/indices/IndexArchiveData/,2026-07-17T15:24:01,BSE_PRICE_INDEX
BSE_SMALLCAP,BSE SmallCap,2017-06-05,15409.95,,BSE_INDIA_OFFICIAL,https://www.bseindia.com/indices/IndexArchiveData/,2026-07-17T15:24:01,BSE_PRICE_INDEX
BSE_SMALLCAP,BSE SmallCap,2017-06-06,15310.53,,BSE_INDIA_OFFICIAL,https://www.bseindia.com/indices/IndexArchiveData/,2026-07-17T15:24:01,BSE_PRICE_INDEX
BSE_SMALLCAP,BSE SmallCap,2017-06-07,15425.86,,BSE_INDIA_OFFICIAL,https://www.bseindia.com/indices/IndexArchiveData/,2026-07-17T15:24:01,BSE_PRICE_INDEX
BSE_SMALLCAP,BSE SmallCap,2017-06-08,15472.55,,BSE_INDIA_OFFICIAL,https://www.bseindia.com/indices/IndexArchiveData/,2026-07-17T15:24:01,BSE_PRICE_INDEX
BSE_SMALLCAP,BSE SmallCap,2017-06-09,15549.17,,BSE_INDIA_OFFICIAL,https://www.bseindia.com/indices/IndexArchiveData/,2026-07-17T15:24:01,BSE_PRICE_INDEX
BSE_SMALLCAP,BSE SmallCap,2017-06-12,15454.06,,BSE_INDIA_OFFICIAL,https://www.bseindia.com/indices/IndexArchiveData/,2026-07-17T15:24:01,BSE_PRICE_INDEX
BSE_SMALLCAP,BSE SmallCap,2017-06-13,15517.93,,BSE_INDIA_OFFICIAL,https://www.bseindia.com/indices/IndexArchiveData/,2026-07-17T15:24:01,BSE_PRICE_INDEX
BSE_SMALLCAP,BSE SmallCap,2017-06-14,15588.68,,BSE_INDIA_OFFICIAL,https://www.bseindia.com/indices/IndexArchiveData/,2026-07-17T15:24:01,BSE_PRICE_INDEX
BSE_SMALLCAP,BSE SmallCap,2017-06-15,15645.89,,BSE_INDIA_OFFICIAL,https://www.bseindia.com/indices/IndexArchiveData/,2026-07-17T15:24:01,BSE_PRICE_INDEX
BSE_SMALLCAP,BSE SmallCap,2017-06-16,15667.24,,BSE_INDIA_OFFICIAL,https://www.bseindia.com/indices/IndexArchiveData/,2026-07-17T15:24:01,BSE_PRICE_INDEX
BSE_SMALLCAP,BSE SmallCap,2017-06-19,15653.97,,BSE_INDIA_OFFICIAL,https://www.bseindia.com/indices/IndexArchiveData/,2026-07-17T15:24:01,BSE_PRICE_INDEX
BSE_SMALLCAP,BSE SmallCap,2017-06-20,15679.72,,BSE_INDIA_OFFICIAL,https://www.bseindia.com/indices/IndexArchiveData/,2026-07-17T15:24:01,BSE_PRICE_INDEX
BSE_SMALLCAP,BSE SmallCap,2017-06-21,15696.27,,BSE_INDIA_OFFICIAL,https://www.bseindia.com/indices/IndexArchiveData/,2026-07-17T15:24:01,BSE_PRICE_INDEX
BSE_SMALLCAP,BSE SmallCap,2017-06-22,15609.49,,BSE_INDIA_OFFICIAL,https://www.bseindia.com/indices/IndexArchiveData/,2026-07-17T15:24:01,BSE_PRICE_INDEX
BSE_SMALLCAP,BSE SmallCap,2017-06-23,15381.90,,BSE_INDIA_OFFICIAL,https://www.bseindia.com/indices/IndexArchiveData/,2026-07-17T15:24:01,BSE_PRICE_INDEX
BSE_SMALLCAP,BSE SmallCap,2017-06-27,15141.08,,BSE_INDIA_OFFICIAL,https://www.bseindia.com/indices/IndexArchiveData/,2026-07-17T15:24:01,BSE_PRICE_INDEX
BSE_SMALLCAP,BSE SmallCap,2017-06-28,15161.32,,BSE_INDIA_OFFICIAL,https://www.bseindia.com/indices/IndexArchiveData/,2026-07-17T15:24:01,BSE_PRICE_INDEX
BSE_SMALLCAP,BSE SmallCap,2017-06-29,15310.21,,BSE_INDIA_OFFICIAL,https://www.bseindia.com/indices/IndexArchiveData/,2026-07-17T15:24:01,BSE_PRICE_INDEX
BSE_SMALLCAP,BSE SmallCap,2017-06-30,15410.52,,BSE_INDIA_OFFICIAL,https://www.bseindia.com/indices/IndexArchiveData/,2026-07-17T15:24:01,BSE_PRICE_INDEX
BSE_SMALLCAP,BSE SmallCap,2017-07-03,15572.66,,BSE_INDIA_OFFICIAL,https://www.bseindia.com/indices/IndexArchiveData/,2026-07-17T15:24:01,BSE_PRICE_INDEX
BSE_SMALLCAP,BSE SmallCap,2017-07-04,15566.93,,BSE_INDIA_OFFICIAL,https://www.bseindia.com/indices/IndexArchiveData/,2026-07-17T15:24:01,BSE_PRICE_INDEX
BSE_SMALLCAP,BSE SmallCap,2017-07-05,15740.60,,BSE_INDIA_OFFICIAL,https://www.bseindia.com/indices/IndexArchiveData/,2026-07-17T15:24:01,BSE_PRICE_INDEX
BSE_SMALLCAP,BSE SmallCap,2017-07-06,15789.67,,BSE_INDIA_OFFICIAL,https://www.bseindia.com/indices/IndexArchiveData/,2026-07-17T15:24:01,BSE_PRICE_INDEX
BSE_SMALLCAP,BSE SmallCap,2017-07-07,15830.76,,BSE_INDIA_OFFICIAL,https://www.bseindia.com/indices/IndexArchiveData/,2026-07-17T15:24:01,BSE_PRICE_INDEX
BSE_SMALLCAP,BSE SmallCap,2017-07-10,15899.12,,BSE_INDIA_OFFICIAL,https://www.bseindia.com/indices/IndexArchiveData/,2026-07-17T15:24:01,BSE_PRICE_INDEX
BSE_SMALLCAP,BSE SmallCap,2017-07-11,15806.43,,BSE_INDIA_OFFICIAL,https://www.bseindia.com/indices/IndexArchiveData/,2026-07-17T15:24:01,BSE_PRICE_INDEX
BSE_SMALLCAP,BSE SmallCap,2017-07-12,15897.01,,BSE_INDIA_OFFICIAL,https://www.bseindia.com/indices/IndexArchiveData/,2026-07-17T15:24:01,BSE_PRICE_INDEX
BSE_SMALLCAP,BSE SmallCap,2017-07-13,15963.57,,BSE_INDIA_OFFICIAL,https://www.bseindia.com/indices/IndexArchiveData/,2026-07-17T15:24:01,BSE_PRICE_INDEX
BSE_SMALLCAP,BSE SmallCap,2017-07-14,15908.01,,BSE_INDIA_OFFICIAL,https://www.bseindia.com/indices/IndexArchiveData/,2026-07-17T15:24:01,BSE_PRICE_INDEX
BSE_SMALLCAP,BSE SmallCap,2017-07-17,15910.08,,BSE_INDIA_OFFICIAL,https://www.bseindia.com/indices/IndexArchiveData/,2026-07-17T15:24:01,BSE_PRICE_INDEX
BSE_SMALLCAP,BSE SmallCap,2017-07-18,15817.60,,BSE_INDIA_OFFICIAL,https://www.bseindia.com/indices/IndexArchiveData/,2026-07-17T15:24:01,BSE_PRICE_INDEX
BSE_SMALLCAP,BSE SmallCap,2017-07-19,15974.57,,BSE_INDIA_OFFICIAL,https://www.bseindia.com/indices/IndexArchiveData/,2026-07-17T15:24:01,BSE_PRICE_INDEX
BSE_SMALLCAP,BSE SmallCap,2017-07-20,15999.88,,BSE_INDIA_OFFICIAL,https://www.bseindia.com/indices/IndexArchiveData/,2026-07-17T15:24:01,BSE_PRICE_INDEX
BSE_SMALLCAP,BSE SmallCap,2017-07-21,15992.63,,BSE_INDIA_OFFICIAL,https://www.bseindia.com/indices/IndexArchiveData/,2026-07-17T15:24:01,BSE_PRICE_INDEX
BSE_SMALLCAP,BSE SmallCap,2017-07-24,16035.76,,BSE_INDIA_OFFICIAL,https://www.bseindia.com/indices/IndexArchiveData/,2026-07-17T15:24:01,BSE_PRICE_INDEX
BSE_SMALLCAP,BSE SmallCap,2017-07-25,16054.25,,BSE_INDIA_OFFICIAL,https://www.bseindia.com/indices/IndexArchiveData/,2026-07-17T15:24:01,BSE_PRICE_INDEX
BSE_SMALLCAP,BSE SmallCap,2017-07-26,16098.64,,BSE_INDIA_OFFICIAL,https://www.bseindia.com/indices/IndexArchiveData/,2026-07-17T15:24:01,BSE_PRICE_INDEX
BSE_SMALLCAP,BSE SmallCap,2017-07-27,16015.47,,BSE_INDIA_OFFICIAL,https://www.bseindia.com/indices/IndexArchiveData/,2026-07-17T15:24:01,BSE_PRICE_INDEX
BSE_SMALLCAP,BSE SmallCap,2017-07-28,16071.22,,BSE_INDIA_OFFICIAL,https://www.bseindia.com/indices/IndexArchiveData/,2026-07-17T15:24:01,BSE_PRICE_INDEX
BSE_SMALLCAP,BSE SmallCap,2017-07-31,16093.56,,BSE_INDIA_OFFICIAL,https://www.bseindia.com/indices/IndexArchiveData/,2026-07-17T15:24:01,BSE_PRICE_INDEX
BSE_SMALLCAP,BSE SmallCap,2017-08-01,16074.83,,BSE_INDIA_OFFICIAL,https://www.bseindia.com/indices/IndexArchiveData/,2026-07-17T15:24:01,BSE_PRICE_INDEX
BSE_SMALLCAP,BSE SmallCap,2017-08-02,16063.47,,BSE_INDIA_OFFICIAL,https://www.bseindia.com/indices/IndexArchiveData/,2026-07-17T15:24:01,BSE_PRICE_INDEX
BSE_SMALLCAP,BSE SmallCap,2017-08-03,15911.34,,BSE_INDIA_OFFICIAL,https://www.bseindia.com/indices/IndexArchiveData/,2026-07-17T15:24:01,BSE_PRICE_INDEX
BSE_SMALLCAP,BSE SmallCap,2017-08-04,15926.63,,BSE_INDIA_OFFICIAL,https://www.bseindia.com/indices/IndexArchiveData/,2026-07-17T15:24:01,BSE_PRICE_INDEX
BSE_SMALLCAP,BSE SmallCap,2017-08-07,16109.21,,BSE_INDIA_OFFICIAL,https://www.bseindia.com/indices/IndexArchiveData/,2026-07-17T15:24:01,BSE_PRICE_INDEX
BSE_SMALLCAP,BSE SmallCap,2017-08-08,15904.04,,BSE_INDIA_OFFICIAL,https://www.bseindia.com/indices/IndexArchiveData/,2026-07-17T15:24:01,BSE_PRICE_INDEX
BSE_SMALLCAP,BSE SmallCap,2017-08-09,15634.50,,BSE_INDIA_OFFICIAL,https://www.bseindia.com/indices/IndexArchiveData/,2026-07-17T15:24:01,BSE_PRICE_INDEX
BSE_SMALLCAP,BSE SmallCap,2017-08-10,15071.08,,BSE_INDIA_OFFICIAL,https://www.bseindia.com/indices/IndexArchiveData/,2026-07-17T15:24:01,BSE_PRICE_INDEX
BSE_SMALLCAP,BSE SmallCap,2017-08-11,15036.33,,BSE_INDIA_OFFICIAL,https://www.bseindia.com/indices/IndexArchiveData/,2026-07-17T15:24:01,BSE_PRICE_INDEX
BSE_SMALLCAP,BSE SmallCap,2017-08-14,15409.20,,BSE_INDIA_OFFICIAL,https://www.bseindia.com/indices/IndexArchiveData/,2026-07-17T15:24:01,BSE_PRICE_INDEX
BSE_SMALLCAP,BSE SmallCap,2017-08-16,15611.68,,BSE_INDIA_OFFICIAL,https://www.bseindia.com/indices/IndexArchiveData/,2026-07-17T15:24:01,BSE_PRICE_INDEX
BSE_SMALLCAP,BSE SmallCap,2017-08-17,15694.53,,BSE_INDIA_OFFICIAL,https://www.bseindia.com/indices/IndexArchiveData/,2026-07-17T15:24:01,BSE_PRICE_INDEX
BSE_SMALLCAP,BSE SmallCap,2017-08-18,15617.95,,BSE_INDIA_OFFICIAL,https://www.bseindia.com/indices/IndexArchiveData/,2026-07-17T15:24:01,BSE_PRICE_INDEX
BSE_SMALLCAP,BSE SmallCap,2017-08-21,15467.87,,BSE_INDIA_OFFICIAL,https://www.bseindia.com/indices/IndexArchiveData/,2026-07-17T15:24:01,BSE_PRICE_INDEX
BSE_SMALLCAP,BSE SmallCap,2017-08-22,15388.62,,BSE_INDIA_OFFICIAL,https://www.bseindia.com/indices/IndexArchiveData/,2026-07-17T15:24:01,BSE_PRICE_INDEX
BSE_SMALLCAP,BSE SmallCap,2017-08-23,15575.51,,BSE_INDIA_OFFICIAL,https://www.bseindia.com/indices/IndexArchiveData/,2026-07-17T15:24:01,BSE_PRICE_INDEX
BSE_SMALLCAP,BSE SmallCap,2017-08-24,15646.60,,BSE_INDIA_OFFICIAL,https://www.bseindia.com/indices/IndexArchiveData/,2026-07-17T15:24:01,BSE_PRICE_INDEX
BSE_SMALLCAP,BSE SmallCap,2017-08-28,15817.55,,BSE_INDIA_OFFICIAL,https://www.bseindia.com/indices/IndexArchiveData/,2026-07-17T15:24:01,BSE_PRICE_INDEX
BSE_SMALLCAP,BSE SmallCap,2017-08-29,15656.02,,BSE_INDIA_OFFICIAL,https://www.bseindia.com/indices/IndexArchiveData/,2026-07-17T15:24:01,BSE_PRICE_INDEX
BSE_SMALLCAP,BSE SmallCap,2017-08-30,15867.74,,BSE_INDIA_OFFICIAL,https://www.bseindia.com/indices/IndexArchiveData/,2026-07-17T15:24:01,BSE_PRICE_INDEX
BSE_SMALLCAP,BSE SmallCap,2017-08-31,15991.63,,BSE_INDIA_OFFICIAL,https://www.bseindia.com/indices/IndexArchiveData/,2026-07-17T15:24:01,BSE_PRICE_INDEX
BSE_SMALLCAP,BSE SmallCap,2017-09-01,16130.12,,BSE_INDIA_OFFICIAL,https://www.bseindia.com/indices/IndexArchiveData/,2026-07-17T15:24:01,BSE_PRICE_INDEX
BSE_SMALLCAP,BSE SmallCap,2017-09-04,16030.15,,BSE_INDIA_OFFICIAL,https://www.bseindia.com/indices/IndexArchiveData/,2026-07-17T15:24:01,BSE_PRICE_INDEX
BSE_SMALLCAP,BSE SmallCap,2017-09-05,16193.18,,BSE_INDIA_OFFICIAL,https://www.bseindia.com/indices/IndexArchiveData/,2026-07-17T15:24:01,BSE_PRICE_INDEX
BSE_SMALLCAP,BSE SmallCap,2017-09-06,16255.17,,BSE_INDIA_OFFICIAL,https://www.bseindia.com/indices/IndexArchiveData/,2026-07-17T15:24:01,BSE_PRICE_INDEX
BSE_SMALLCAP,BSE SmallCap,2017-09-07,16338.63,,BSE_INDIA_OFFICIAL,https://www.bseindia.com/indices/IndexArchiveData/,2026-07-17T15:24:01,BSE_PRICE_INDEX
BSE_SMALLCAP,BSE SmallCap,2017-09-08,16325.20,,BSE_INDIA_OFFICIAL,https://www.bseindia.com/indices/IndexArchiveData/,2026-07-17T15:24:01,BSE_PRICE_INDEX
BSE_SMALLCAP,BSE SmallCap,2017-09-11,16451.70,,BSE_INDIA_OFFICIAL,https://www.bseindia.com/indices/IndexArchiveData/,2026-07-17T15:24:01,BSE_PRICE_INDEX
BSE_SMALLCAP,BSE SmallCap,2017-09-12,16617.84,,BSE_INDIA_OFFICIAL,https://www.bseindia.com/indices/IndexArchiveData/,2026-07-17T15:24:01,BSE_PRICE_INDEX
BSE_SMALLCAP,BSE SmallCap,2017-09-13,16519.56,,BSE_INDIA_OFFICIAL,https://www.bseindia.com/indices/IndexArchiveData/,2026-07-17T15:24:01,BSE_PRICE_INDEX
BSE_SMALLCAP,BSE SmallCap,2017-09-14,16625.30,,BSE_INDIA_OFFICIAL,https://www.bseindia.com/indices/IndexArchiveData/,2026-07-17T15:24:01,BSE_PRICE_INDEX
BSE_SMALLCAP,BSE SmallCap,2017-09-15,16687.76,,BSE_INDIA_OFFICIAL,https://www.bseindia.com/indices/IndexArchiveData/,2026-07-17T15:24:01,BSE_PRICE_INDEX
BSE_SMALLCAP,BSE SmallCap,2017-09-18,16833.58,,BSE_INDIA_OFFICIAL,https://www.bseindia.com/indices/IndexArchiveData/,2026-07-17T15:24:01,BSE_PRICE_INDEX
BSE_SMALLCAP,BSE SmallCap,2017-09-19,16893.67,,BSE_INDIA_OFFICIAL,https://www.bseindia.com/indices/IndexArchiveData/,2026-07-17T15:24:01,BSE_PRICE_INDEX
BSE_SMALLCAP,BSE SmallCap,2017-09-20,16870.84,,BSE_INDIA_OFFICIAL,https://www.bseindia.com/indices/IndexArchiveData/,2026-07-17T15:24:01,BSE_PRICE_INDEX
BSE_SMALLCAP,BSE SmallCap,2017-09-21,16784.82,,BSE_INDIA_OFFICIAL,https://www.bseindia.com/indices/IndexArchiveData/,2026-07-17T15:24:01,BSE_PRICE_INDEX
BSE_SMALLCAP,BSE SmallCap,2017-09-22,16293.03,,BSE_INDIA_OFFICIAL,https://www.bseindia.com/indices/IndexArchiveData/,2026-07-17T15:24:01,BSE_PRICE_INDEX
BSE_SMALLCAP,BSE SmallCap,2017-09-25,15963.13,,BSE_INDIA_OFFICIAL,https://www.bseindia.com/indices/IndexArchiveData/,2026-07-17T15:24:01,BSE_PRICE_INDEX
BSE_SMALLCAP,BSE SmallCap,2017-09-26,16136.28,,BSE_INDIA_OFFICIAL,https://www.bseindia.com/indices/IndexArchiveData/,2026-07-17T15:24:01,BSE_PRICE_INDEX
BSE_SMALLCAP,BSE SmallCap,2017-09-27,15797.37,,BSE_INDIA_OFFICIAL,https://www.bseindia.com/indices/IndexArchiveData/,2026-07-17T15:24:01,BSE_PRICE_INDEX
BSE_SMALLCAP,BSE SmallCap,2017-09-28,15939.52,,BSE_INDIA_OFFICIAL,https://www.bseindia.com/indices/IndexArchiveData/,2026-07-17T15:24:01,BSE_PRICE_INDEX
BSE_SMALLCAP,BSE SmallCap,2017-09-29,16113.68,,BSE_INDIA_OFFICIAL,https://www.bseindia.com/indices/IndexArchiveData/,2026-07-17T15:24:01,BSE_PRICE_INDEX
BSE_SMALLCAP,BSE SmallCap,2017-10-03,16192.58,,BSE_INDIA_OFFICIAL,https://www.bseindia.com/indices/IndexArchiveData/,2026-07-17T15:24:01,BSE_PRICE_INDEX
BSE_SMALLCAP,BSE SmallCap,2017-10-04,16320.23,,BSE_INDIA_OFFICIAL,https://www.bseindia.com/indices/IndexArchiveData/,2026-07-17T15:24:01,BSE_PRICE_INDEX
BSE_SMALLCAP,BSE SmallCap,2017-10-05,16449.18,,BSE_INDIA_OFFICIAL,https://www.bseindia.com/indices/IndexArchiveData/,2026-07-17T15:24:01,BSE_PRICE_INDEX
BSE_SMALLCAP,BSE SmallCap,2017-10-06,16629.23,,BSE_INDIA_OFFICIAL,https://www.bseindia.com/indices/IndexArchiveData/,2026-07-17T15:24:01,BSE_PRICE_INDEX
BSE_SMALLCAP,BSE SmallCap,2017-10-09,16733.03,,BSE_INDIA_OFFICIAL,https://www.bseindia.com/indices/IndexArchiveData/,2026-07-17T15:24:01,BSE_PRICE_INDEX
BSE_SMALLCAP,BSE SmallCap,2017-10-10,16892.50,,BSE_INDIA_OFFICIAL,https://www.bseindia.com/indices/IndexArchiveData/,2026-07-17T15:24:01,BSE_PRICE_INDEX
BSE_SMALLCAP,BSE SmallCap,2017-10-11,16710.76,,BSE_INDIA_OFFICIAL,https://www.bseindia.com/indices/IndexArchiveData/,2026-07-17T15:24:01,BSE_PRICE_INDEX
BSE_SMALLCAP,BSE SmallCap,2017-10-12,16903.65,,BSE_INDIA_OFFICIAL,https://www.bseindia.com/indices/IndexArchiveData/,2026-07-17T15:24:01,BSE_PRICE_INDEX
BSE_SMALLCAP,BSE SmallCap,2017-10-13,16925.66,,BSE_INDIA_OFFICIAL,https://www.bseindia.com/indices/IndexArchiveData/,2026-07-17T15:24:01,BSE_PRICE_INDEX
BSE_SMALLCAP,BSE SmallCap,2017-10-16,16976.17,,BSE_INDIA_OFFICIAL,https://www.bseindia.com/indices/IndexArchiveData/,2026-07-17T15:24:01,BSE_PRICE_INDEX
BSE_SMALLCAP,BSE SmallCap,2017-10-17,17066.15,,BSE_INDIA_OFFICIAL,https://www.bseindia.com/indices/IndexArchiveData/,2026-07-17T15:24:01,BSE_PRICE_INDEX
BSE_SMALLCAP,BSE SmallCap,2017-10-18,17063.39,,BSE_INDIA_OFFICIAL,https://www.bseindia.com/indices/IndexArchiveData/,2026-07-17T15:24:01,BSE_PRICE_INDEX
BSE_SMALLCAP,BSE SmallCap,2017-10-19,17081.44,,BSE_INDIA_OFFICIAL,https://www.bseindia.com/indices/IndexArchiveData/,2026-07-17T15:24:01,BSE_PRICE_INDEX
BSE_SMALLCAP,BSE SmallCap,2017-10-23,17096.55,,BSE_INDIA_OFFICIAL,https://www.bseindia.com/indices/IndexArchiveData/,2026-07-17T15:24:01,BSE_PRICE_INDEX
BSE_SMALLCAP,BSE SmallCap,2017-10-24,17191.68,,BSE_INDIA_OFFICIAL,https://www.bseindia.com/indices/IndexArchiveData/,2026-07-17T15:24:01,BSE_PRICE_INDEX
BSE_SMALLCAP,BSE SmallCap,2017-10-25,17159.30,,BSE_INDIA_OFFICIAL,https://www.bseindia.com/indices/IndexArchiveData/,2026-07-17T15:24:01,BSE_PRICE_INDEX
BSE_SMALLCAP,BSE SmallCap,2017-10-26,17256.76,,BSE_INDIA_OFFICIAL,https://www.bseindia.com/indices/IndexArchiveData/,2026-07-17T15:24:01,BSE_PRICE_INDEX
BSE_SMALLCAP,BSE SmallCap,2017-10-27,17303.66,,BSE_INDIA_OFFICIAL,https://www.bseindia.com/indices/IndexArchiveData/,2026-07-17T15:24:01,BSE_PRICE_INDEX
BSE_SMALLCAP,BSE SmallCap,2017-10-30,17519.75,,BSE_INDIA_OFFICIAL,https://www.bseindia.com/indices/IndexArchiveData/,2026-07-17T15:24:01,BSE_PRICE_INDEX
BSE_SMALLCAP,BSE SmallCap,2017-10-31,17600.49,,BSE_INDIA_OFFICIAL,https://www.bseindia.com/indices/IndexArchiveData/,2026-07-17T15:24:01,BSE_PRICE_INDEX
BSE_SMALLCAP,BSE SmallCap,2017-11-01,17697.18,,BSE_INDIA_OFFICIAL,https://www.bseindia.com/indices/IndexArchiveData/,2026-07-17T15:24:01,BSE_PRICE_INDEX
BSE_SMALLCAP,BSE SmallCap,2017-11-02,17768.87,,BSE_INDIA_OFFICIAL,https://www.bseindia.com/indices/IndexArchiveData/,2026-07-17T15:24:01,BSE_PRICE_INDEX
BSE_SMALLCAP,BSE SmallCap,2017-11-03,17856.03,,BSE_INDIA_OFFICIAL,https://www.bseindia.com/indices/IndexArchiveData/,2026-07-17T15:24:01,BSE_PRICE_INDEX
BSE_SMALLCAP,BSE SmallCap,2017-11-06,17910.90,,BSE_INDIA_OFFICIAL,https://www.bseindia.com/indices/IndexArchiveData/,2026-07-17T15:24:01,BSE_PRICE_INDEX
BSE_SMALLCAP,BSE SmallCap,2017-11-07,17668.37,,BSE_INDIA_OFFICIAL,https://www.bseindia.com/indices/IndexArchiveData/,2026-07-17T15:24:01,BSE_PRICE_INDEX
BSE_SMALLCAP,BSE SmallCap,2017-11-08,17497.99,,BSE_INDIA_OFFICIAL,https://www.bseindia.com/indices/IndexArchiveData/,2026-07-17T15:24:01,BSE_PRICE_INDEX
BSE_SMALLCAP,BSE SmallCap,2017-11-09,17631.37,,BSE_INDIA_OFFICIAL,https://www.bseindia.com/indices/IndexArchiveData/,2026-07-17T15:24:01,BSE_PRICE_INDEX
BSE_SMALLCAP,BSE SmallCap,2017-11-10,17643.82,,BSE_INDIA_OFFICIAL,https://www.bseindia.com/indices/IndexArchiveData/,2026-07-17T15:24:01,BSE_PRICE_INDEX
BSE_SMALLCAP,BSE SmallCap,2017-11-13,17570.77,,BSE_INDIA_OFFICIAL,https://www.bseindia.com/indices/IndexArchiveData/,2026-07-17T15:24:01,BSE_PRICE_INDEX
BSE_SMALLCAP,BSE SmallCap,2017-11-14,17539.60,,BSE_INDIA_OFFICIAL,https://www.bseindia.com/indices/IndexArchiveData/,2026-07-17T15:24:01,BSE_PRICE_INDEX
BSE_SMALLCAP,BSE SmallCap,2017-11-15,17273.40,,BSE_INDIA_OFFICIAL,https://www.bseindia.com/indices/IndexArchiveData/,2026-07-17T15:24:01,BSE_PRICE_INDEX
BSE_SMALLCAP,BSE SmallCap,2017-11-16,17462.86,,BSE_INDIA_OFFICIAL,https://www.bseindia.com/indices/IndexArchiveData/,2026-07-17T15:24:01,BSE_PRICE_INDEX
BSE_SMALLCAP,BSE SmallCap,2017-11-17,17605.13,,BSE_INDIA_OFFICIAL,https://www.bseindia.com/indices/IndexArchiveData/,2026-07-17T15:24:01,BSE_PRICE_INDEX
BSE_SMALLCAP,BSE SmallCap,2017-11-20,17747.21,,BSE_INDIA_OFFICIAL,https://www.bseindia.com/indices/IndexArchiveData/,2026-07-17T15:24:01,BSE_PRICE_INDEX
BSE_SMALLCAP,BSE SmallCap,2017-11-21,17813.07,,BSE_INDIA_OFFICIAL,https://www.bseindia.com/indices/IndexArchiveData/,2026-07-17T15:24:01,BSE_PRICE_INDEX
BSE_SMALLCAP,BSE SmallCap,2017-11-22,17853.48,,BSE_INDIA_OFFICIAL,https://www.bseindia.com/indices/IndexArchiveData/,2026-07-17T15:24:01,BSE_PRICE_INDEX
BSE_SMALLCAP,BSE SmallCap,2017-11-23,17943.86,,BSE_INDIA_OFFICIAL,https://www.bseindia.com/indices/IndexArchiveData/,2026-07-17T15:24:01,BSE_PRICE_INDEX
BSE_SMALLCAP,BSE SmallCap,2017-11-24,18024.55,,BSE_INDIA_OFFICIAL,https://www.bseindia.com/indices/IndexArchiveData/,2026-07-17T15:24:01,BSE_PRICE_INDEX
BSE_SMALLCAP,BSE SmallCap,2017-11-27,18163.92,,BSE_INDIA_OFFICIAL,https://www.bseindia.com/indices/IndexArchiveData/,2026-07-17T15:24:01,BSE_PRICE_INDEX
BSE_SMALLCAP,BSE SmallCap,2017-11-28,18213.65,,BSE_INDIA_OFFICIAL,https://www.bseindia.com/indices/IndexArchiveData/,2026-07-17T15:24:01,BSE_PRICE_INDEX
BSE_SMALLCAP,BSE SmallCap,2017-11-29,18211.07,,BSE_INDIA_OFFICIAL,https://www.bseindia.com/indices/IndexArchiveData/,2026-07-17T15:24:01,BSE_PRICE_INDEX
BSE_SMALLCAP,BSE SmallCap,2017-11-30,18228.87,,BSE_INDIA_OFFICIAL,https://www.bseindia.com/indices/IndexArchiveData/,2026-07-17T15:24:01,BSE_PRICE_INDEX
BSE_SMALLCAP,BSE SmallCap,2017-12-01,18017.48,,BSE_INDIA_OFFICIAL,https://www.bseindia.com/indices/IndexArchiveData/,2026-07-17T15:24:01,BSE_PRICE_INDEX
BSE_SMALLCAP,BSE SmallCap,2017-12-04,17924.37,,BSE_INDIA_OFFICIAL,https://www.bseindia.com/indices/IndexArchiveData/,2026-07-17T15:24:01,BSE_PRICE_INDEX
BSE_SMALLCAP,BSE SmallCap,2017-12-05,17918.71,,BSE_INDIA_OFFICIAL,https://www.bseindia.com/indices/IndexArchiveData/,2026-07-17T15:24:01,BSE_PRICE_INDEX
BSE_SMALLCAP,BSE SmallCap,2017-12-06,17800.83,,BSE_INDIA_OFFICIAL,https://www.bseindia.com/indices/IndexArchiveData/,2026-07-17T15:24:01,BSE_PRICE_INDEX
BSE_SMALLCAP,BSE SmallCap,2017-12-07,18031.24,,BSE_INDIA_OFFICIAL,https://www.bseindia.com/indices/IndexArchiveData/,2026-07-17T15:24:01,BSE_PRICE_INDEX
BSE_SMALLCAP,BSE SmallCap,2017-12-08,18211.88,,BSE_INDIA_OFFICIAL,https://www.bseindia.com/indices/IndexArchiveData/,2026-07-17T15:24:01,BSE_PRICE_INDEX
BSE_SMALLCAP,BSE SmallCap,2017-12-11,18251.77,,BSE_INDIA_OFFICIAL,https://www.bseindia.com/indices/IndexArchiveData/,2026-07-17T15:24:01,BSE_PRICE_INDEX
BSE_SMALLCAP,BSE SmallCap,2017-12-12,18127.92,,BSE_INDIA_OFFICIAL,https://www.bseindia.com/indices/IndexArchiveData/,2026-07-17T15:24:01,BSE_PRICE_INDEX
BSE_SMALLCAP,BSE SmallCap,2017-12-13,17981.85,,BSE_INDIA_OFFICIAL,https://www.bseindia.com/indices/IndexArchiveData/,2026-07-17T15:24:01,BSE_PRICE_INDEX
BSE_SMALLCAP,BSE SmallCap,2017-12-14,17923.45,,BSE_INDIA_OFFICIAL,https://www.bseindia.com/indices/IndexArchiveData/,2026-07-17T15:24:01,BSE_PRICE_INDEX
BSE_SMALLCAP,BSE SmallCap,2017-12-15,18170.65,,BSE_INDIA_OFFICIAL,https://www.bseindia.com/indices/IndexArchiveData/,2026-07-17T15:24:01,BSE_PRICE_INDEX
BSE_SMALLCAP,BSE SmallCap,2017-12-18,18252.68,,BSE_INDIA_OFFICIAL,https://www.bseindia.com/indices/IndexArchiveData/,2026-07-17T15:24:01,BSE_PRICE_INDEX
BSE_SMALLCAP,BSE SmallCap,2017-12-19,18527.85,,BSE_INDIA_OFFICIAL,https://www.bseindia.com/indices/IndexArchiveData/,2026-07-17T15:24:01,BSE_PRICE_INDEX
BSE_SMALLCAP,BSE SmallCap,2017-12-20,18674.53,,BSE_INDIA_OFFICIAL,https://www.bseindia.com/indices/IndexArchiveData/,2026-07-17T15:24:01,BSE_PRICE_INDEX
BSE_SMALLCAP,BSE SmallCap,2017-12-21,18881.04,,BSE_INDIA_OFFICIAL,https://www.bseindia.com/indices/IndexArchiveData/,2026-07-17T15:24:01,BSE_PRICE_INDEX
BSE_SMALLCAP,BSE SmallCap,2017-12-22,18991.20,,BSE_INDIA_OFFICIAL,https://www.bseindia.com/indices/IndexArchiveData/,2026-07-17T15:24:01,BSE_PRICE_INDEX
BSE_SMALLCAP,BSE SmallCap,2017-12-26,19111.80,,BSE_INDIA_OFFICIAL,https://www.bseindia.com/indices/IndexArchiveData/,2026-07-17T15:24:01,BSE_PRICE_INDEX
BSE_SMALLCAP,BSE SmallCap,2017-12-27,19048.28,,BSE_INDIA_OFFICIAL,https://www.bseindia.com/indices/IndexArchiveData/,2026-07-17T15:24:01,BSE_PRICE_INDEX
BSE_SMALLCAP,BSE SmallCap,2017-12-28,19109.23,,BSE_INDIA_OFFICIAL,https://www.bseindia.com/indices/IndexArchiveData/,2026-07-17T15:24:01,BSE_PRICE_INDEX
BSE_SMALLCAP,BSE SmallCap,2017-12-29,19230.72,,BSE_INDIA_OFFICIAL,https://www.bseindia.com/indices/IndexArchiveData/,2026-07-17T15:24:01,BSE_PRICE_INDEX
BSE_SMALLCAP,BSE SmallCap,2018-01-01,19279.96,,BSE_INDIA_OFFICIAL,https://www.bseindia.com/indices/IndexArchiveData/,2026-07-17T15:24:01,BSE_PRICE_INDEX
BSE_SMALLCAP,BSE SmallCap,2018-01-02,19158.24,,BSE_INDIA_OFFICIAL,https://www.bseindia.com/indices/IndexArchiveData/,2026-07-17T15:24:01,BSE_PRICE_INDEX
BSE_SMALLCAP,BSE SmallCap,2018-01-03,19345.46,,BSE_INDIA_OFFICIAL,https://www.bseindia.com/indices/IndexArchiveData/,2026-07-17T15:24:01,BSE_PRICE_INDEX
BSE_SMALLCAP,BSE SmallCap,2018-01-04,19515.64,,BSE_INDIA_OFFICIAL,https://www.bseindia.com/indices/IndexArchiveData/,2026-07-17T15:24:01,BSE_PRICE_INDEX
BSE_SMALLCAP,BSE SmallCap,2018-01-05,19704.92,,BSE_INDIA_OFFICIAL,https://www.bseindia.com/indices/IndexArchiveData/,2026-07-17T15:24:01,BSE_PRICE_INDEX
BSE_SMALLCAP,BSE SmallCap,2018-01-08,19895.77,,BSE_INDIA_OFFICIAL,https://www.bseindia.com/indices/IndexArchiveData/,2026-07-17T15:24:01,BSE_PRICE_INDEX
BSE_SMALLCAP,BSE SmallCap,2018-01-09,19911.17,,BSE_INDIA_OFFICIAL,https://www.bseindia.com/indices/IndexArchiveData/,2026-07-17T15:24:01,BSE_PRICE_INDEX
BSE_SMALLCAP,BSE SmallCap,2018-01-10,19903.31,,BSE_INDIA_OFFICIAL,https://www.bseindia.com/indices/IndexArchiveData/,2026-07-17T15:24:01,BSE_PRICE_INDEX
BSE_SMALLCAP,BSE SmallCap,2018-01-11,19983.93,,BSE_INDIA_OFFICIAL,https://www.bseindia.com/indices/IndexArchiveData/,2026-07-17T15:24:01,BSE_PRICE_INDEX
BSE_SMALLCAP,BSE SmallCap,2018-01-12,19993.19,,BSE_INDIA_OFFICIAL,https://www.bseindia.com/indices/IndexArchiveData/,2026-07-17T15:24:01,BSE_PRICE_INDEX
BSE_SMALLCAP,BSE SmallCap,2018-01-15,20046.90,,BSE_INDIA_OFFICIAL,https://www.bseindia.com/indices/IndexArchiveData/,2026-07-17T15:24:01,BSE_PRICE_INDEX
BSE_SMALLCAP,BSE SmallCap,2018-01-16,19602.95,,BSE_INDIA_OFFICIAL,https://www.bseindia.com/indices/IndexArchiveData/,2026-07-17T15:24:01,BSE_PRICE_INDEX
BSE_SMALLCAP,BSE SmallCap,2018-01-17,19687.57,,BSE_INDIA_OFFICIAL,https://www.bseindia.com/indices/IndexArchiveData/,2026-07-17T15:24:01,BSE_PRICE_INDEX
BSE_SMALLCAP,BSE SmallCap,2018-01-18,19285.84,,BSE_INDIA_OFFICIAL,https://www.bseindia.com/indices/IndexArchiveData/,2026-07-17T15:24:01,BSE_PRICE_INDEX
BSE_SMALLCAP,BSE SmallCap,2018-01-19,19456.16,,BSE_INDIA_OFFICIAL,https://www.bseindia.com/indices/IndexArchiveData/,2026-07-17T15:24:01,BSE_PRICE_INDEX
BSE_SMALLCAP,BSE SmallCap,2018-01-22,19608.01,,BSE_INDIA_OFFICIAL,https://www.bseindia.com/indices/IndexArchiveData/,2026-07-17T15:24:01,BSE_PRICE_INDEX
BSE_SMALLCAP,BSE SmallCap,2018-01-23,19651.16,,BSE_INDIA_OFFICIAL,https://www.bseindia.com/indices/IndexArchiveData/,2026-07-17T15:24:01,BSE_PRICE_INDEX
BSE_SMALLCAP,BSE SmallCap,2018-01-24,19474.99,,BSE_INDIA_OFFICIAL,https://www.bseindia.com/indices/IndexArchiveData/,2026-07-17T15:24:01,BSE_PRICE_INDEX
BSE_SMALLCAP,BSE SmallCap,2018-01-25,19342.18,,BSE_INDIA_OFFICIAL,https://www.bseindia.com/indices/IndexArchiveData/,2026-07-17T15:24:01,BSE_PRICE_INDEX
BSE_SMALLCAP,BSE SmallCap,2018-01-29,19129.14,,BSE_INDIA_OFFICIAL,https://www.bseindia.com/indices/IndexArchiveData/,2026-07-17T15:24:01,BSE_PRICE_INDEX
BSE_SMALLCAP,BSE SmallCap,2018-01-30,18873.58,,BSE_INDIA_OFFICIAL,https://www.bseindia.com/indices/IndexArchiveData/,2026-07-17T15:24:01,BSE_PRICE_INDEX
BSE_SMALLCAP,BSE SmallCap,2018-01-31,18716.77,,BSE_INDIA_OFFICIAL,https://www.bseindia.com/indices/IndexArchiveData/,2026-07-17T15:24:01,BSE_PRICE_INDEX
BSE_SMALLCAP,BSE SmallCap,2018-02-01,18717.40,,BSE_INDIA_OFFICIAL,https://www.bseindia.com/indices/IndexArchiveData/,2026-07-17T15:24:01,BSE_PRICE_INDEX
BSE_SMALLCAP,BSE SmallCap,2018-02-02,17847.53,,BSE_INDIA_OFFICIAL,https://www.bseindia.com/indices/IndexArchiveData/,2026-07-17T15:24:01,BSE_PRICE_INDEX
BSE_SMALLCAP,BSE SmallCap,2018-02-05,17781.79,,BSE_INDIA_OFFICIAL,https://www.bseindia.com/indices/IndexArchiveData/,2026-07-17T15:24:01,BSE_PRICE_INDEX
BSE_SMALLCAP,BSE SmallCap,2018-02-06,17392.07,,BSE_INDIA_OFFICIAL,https://www.bseindia.com/indices/IndexArchiveData/,2026-07-17T15:24:01,BSE_PRICE_INDEX
BSE_SMALLCAP,BSE SmallCap,2018-02-07,17731.63,,BSE_INDIA_OFFICIAL,https://www.bseindia.com/indices/IndexArchiveData/,2026-07-17T15:24:01,BSE_PRICE_INDEX
BSE_SMALLCAP,BSE SmallCap,2018-02-08,18131.19,,BSE_INDIA_OFFICIAL,https://www.bseindia.com/indices/IndexArchiveData/,2026-07-17T15:24:01,BSE_PRICE_INDEX
BSE_SMALLCAP,BSE SmallCap,2018-02-09,18172.98,,BSE_INDIA_OFFICIAL,https://www.bseindia.com/indices/IndexArchiveData/,2026-07-17T15:24:01,BSE_PRICE_INDEX
BSE_SMALLCAP,BSE SmallCap,2018-02-12,18463.38,,BSE_INDIA_OFFICIAL,https://www.bseindia.com/indices/IndexArchiveData/,2026-07-17T15:24:01,BSE_PRICE_INDEX
BSE_SMALLCAP,BSE SmallCap,2018-02-14,18492.69,,BSE_INDIA_OFFICIAL,https://www.bseindia.com/indices/IndexArchiveData/,2026-07-17T15:24:01,BSE_PRICE_INDEX
BSE_SMALLCAP,BSE SmallCap,2018-02-15,18258.16,,BSE_INDIA_OFFICIAL,https://www.bseindia.com/indices/IndexArchiveData/,2026-07-17T15:24:01,BSE_PRICE_INDEX
BSE_SMALLCAP,BSE SmallCap,2018-02-16,18035.75,,BSE_INDIA_OFFICIAL,https://www.bseindia.com/indices/IndexArchiveData/,2026-07-17T15:24:01,BSE_PRICE_INDEX
BSE_SMALLCAP,BSE SmallCap,2018-02-19,17857.08,,BSE_INDIA_OFFICIAL,https://www.bseindia.com/indices/IndexArchiveData/,2026-07-17T15:24:01,BSE_PRICE_INDEX
BSE_SMALLCAP,BSE SmallCap,2018-02-20,17831.04,,BSE_INDIA_OFFICIAL,https://www.bseindia.com/indices/IndexArchiveData/,2026-07-17T15:24:01,BSE_PRICE_INDEX
BSE_SMALLCAP,BSE SmallCap,2018-02-21,17800.14,,BSE_INDIA_OFFICIAL,https://www.bseindia.com/indices/IndexArchiveData/,2026-07-17T15:24:01,BSE_PRICE_INDEX
BSE_SMALLCAP,BSE SmallCap,2018-02-22,17723.73,,BSE_INDIA_OFFICIAL,https://www.bseindia.com/indices/IndexArchiveData/,2026-07-17T15:24:01,BSE_PRICE_INDEX
BSE_SMALLCAP,BSE SmallCap,2018-02-23,17996.22,,BSE_INDIA_OFFICIAL,https://www.bseindia.com/indices/IndexArchiveData/,2026-07-17T15:24:01,BSE_PRICE_INDEX
BSE_SMALLCAP,BSE SmallCap,2018-02-26,18154.12,,BSE_INDIA_OFFICIAL,https://www.bseindia.com/indices/IndexArchiveData/,2026-07-17T15:24:01,BSE_PRICE_INDEX
BSE_SMALLCAP,BSE SmallCap,2018-02-27,18090.13,,BSE_INDIA_OFFICIAL,https://www.bseindia.com/indices/IndexArchiveData/,2026-07-17T15:24:01,BSE_PRICE_INDEX
BSE_SMALLCAP,BSE SmallCap,2018-02-28,18127.93,,BSE_INDIA_OFFICIAL,https://www.bseindia.com/indices/IndexArchiveData/,2026-07-17T15:24:01,BSE_PRICE_INDEX
BSE_SMALLCAP,BSE SmallCap,2018-03-01,18084.94,,BSE_INDIA_OFFICIAL,https://www.bseindia.com/indices/IndexArchiveData/,2026-07-17T15:24:01,BSE_PRICE_INDEX
BSE_SMALLCAP,BSE SmallCap,2018-03-05,17888.24,,BSE_INDIA_OFFICIAL,https://www.bseindia.com/indices/IndexArchiveData/,2026-07-17T15:24:01,BSE_PRICE_INDEX
BSE_SMALLCAP,BSE SmallCap,2018-03-06,17652.32,,BSE_INDIA_OFFICIAL,https://www.bseindia.com/indices/IndexArchiveData/,2026-07-17T15:24:01,BSE_PRICE_INDEX
BSE_SMALLCAP,BSE SmallCap,2018-03-07,17270.49,,BSE_INDIA_OFFICIAL,https://www.bseindia.com/indices/IndexArchiveData/,2026-07-17T15:24:01,BSE_PRICE_INDEX
BSE_SMALLCAP,BSE SmallCap,2018-03-08,17357.35,,BSE_INDIA_OFFICIAL,https://www.bseindia.com/indices/IndexArchiveData/,2026-07-17T15:24:01,BSE_PRICE_INDEX
BSE_SMALLCAP,BSE SmallCap,2018-03-09,17305.92,,BSE_INDIA_OFFICIAL,https://www.bseindia.com/indices/IndexArchiveData/,2026-07-17T15:24:01,BSE_PRICE_INDEX
BSE_SMALLCAP,BSE SmallCap,2018-03-12,17403.29,,BSE_INDIA_OFFICIAL,https://www.bseindia.com/indices/IndexArchiveData/,2026-07-17T15:24:01,BSE_PRICE_INDEX
BSE_SMALLCAP,BSE SmallCap,2018-03-13,17602.36,,BSE_INDIA_OFFICIAL,https://www.bseindia.com/indices/IndexArchiveData/,2026-07-17T15:24:01,BSE_PRICE_INDEX
BSE_SMALLCAP,BSE SmallCap,2018-03-14,17612.92,,BSE_INDIA_OFFICIAL,https://www.bseindia.com/indices/IndexArchiveData/,2026-07-17T15:24:01,BSE_PRICE_INDEX
BSE_SMALLCAP,BSE SmallCap,2018-03-15,17754.55,,BSE_INDIA_OFFICIAL,https://www.bseindia.com/indices/IndexArchiveData/,2026-07-17T15:24:01,BSE_PRICE_INDEX
BSE_SMALLCAP,BSE SmallCap,2018-03-16,17576.44,,BSE_INDIA_OFFICIAL,https://www.bseindia.com/indices/IndexArchiveData/,2026-07-17T15:24:01,BSE_PRICE_INDEX
BSE_SMALLCAP,BSE SmallCap,2018-03-19,17228.38,,BSE_INDIA_OFFICIAL,https://www.bseindia.com/indices/IndexArchiveData/,2026-07-17T15:24:01,BSE_PRICE_INDEX
BSE_SMALLCAP,BSE SmallCap,2018-03-20,17191.97,,BSE_INDIA_OFFICIAL,https://www.bseindia.com/indices/IndexArchiveData/,2026-07-17T15:24:01,BSE_PRICE_INDEX
BSE_SMALLCAP,BSE SmallCap,2018-03-21,17244.42,,BSE_INDIA_OFFICIAL,https://www.bseindia.com/indices/IndexArchiveData/,2026-07-17T15:24:01,BSE_PRICE_INDEX
BSE_SMALLCAP,BSE SmallCap,2018-03-22,17064.12,,BSE_INDIA_OFFICIAL,https://www.bseindia.com/indices/IndexArchiveData/,2026-07-17T15:24:01,BSE_PRICE_INDEX
BSE_SMALLCAP,BSE SmallCap,2018-03-23,16801.18,,BSE_INDIA_OFFICIAL,https://www.bseindia.com/indices/IndexArchiveData/,2026-07-17T15:24:01,BSE_PRICE_INDEX
BSE_SMALLCAP,BSE SmallCap,2018-03-26,16923.37,,BSE_INDIA_OFFICIAL,https://www.bseindia.com/indices/IndexArchiveData/,2026-07-17T15:24:01,BSE_PRICE_INDEX
BSE_SMALLCAP,BSE SmallCap,2018-03-27,17152.93,,BSE_INDIA_OFFICIAL,https://www.bseindia.com/indices/IndexArchiveData/,2026-07-17T15:24:01,BSE_PRICE_INDEX
BSE_SMALLCAP,BSE SmallCap,2018-03-28,16994.36,,BSE_INDIA_OFFICIAL,https://www.bseindia.com/indices/IndexArchiveData/,2026-07-17T15:24:01,BSE_PRICE_INDEX
BSE_SMALLCAP,BSE SmallCap,2018-04-02,17394.27,,BSE_INDIA_OFFICIAL,https://www.bseindia.com/indices/IndexArchiveData/,2026-07-17T15:24:01,BSE_PRICE_INDEX
BSE_SMALLCAP,BSE SmallCap,2018-04-03,17628.45,,BSE_INDIA_OFFICIAL,https://www.bseindia.com/indices/IndexArchiveData/,2026-07-17T15:24:01,BSE_PRICE_INDEX
BSE_SMALLCAP,BSE SmallCap,2018-04-04,17449.75,,BSE_INDIA_OFFICIAL,https://www.bseindia.com/indices/IndexArchiveData/,2026-07-17T15:24:01,BSE_PRICE_INDEX
BSE_SMALLCAP,BSE SmallCap,2018-04-05,17775.19,,BSE_INDIA_OFFICIAL,https://www.bseindia.com/indices/IndexArchiveData/,2026-07-17T15:24:01,BSE_PRICE_INDEX
BSE_SMALLCAP,BSE SmallCap,2018-04-06,17882.99,,BSE_INDIA_OFFICIAL,https://www.bseindia.com/indices/IndexArchiveData/,2026-07-17T15:24:01,BSE_PRICE_INDEX
BSE_SMALLCAP,BSE SmallCap,2018-04-09,17951.40,,BSE_INDIA_OFFICIAL,https://www.bseindia.com/indices/IndexArchiveData/,2026-07-17T15:24:01,BSE_PRICE_INDEX
BSE_SMALLCAP,BSE SmallCap,2018-04-10,17947.83,,BSE_INDIA_OFFICIAL,https://www.bseindia.com/indices/IndexArchiveData/,2026-07-17T15:24:01,BSE_PRICE_INDEX
BSE_SMALLCAP,BSE SmallCap,2018-04-11,17983.46,,BSE_INDIA_OFFICIAL,https://www.bseindia.com/indices/IndexArchiveData/,2026-07-17T15:24:01,BSE_PRICE_INDEX
BSE_SMALLCAP,BSE SmallCap,2018-04-12,17934.83,,BSE_INDIA_OFFICIAL,https://www.bseindia.com/indices/IndexArchiveData/,2026-07-17T15:24:01,BSE_PRICE_INDEX
BSE_SMALLCAP,BSE SmallCap,2018-04-13,17981.99,,BSE_INDIA_OFFICIAL,https://www.bseindia.com/indices/IndexArchiveData/,2026-07-17T15:24:01,BSE_PRICE_INDEX
BSE_SMALLCAP,BSE SmallCap,2018-04-16,18082.25,,BSE_INDIA_OFFICIAL,https://www.bseindia.com/indices/IndexArchiveData/,2026-07-17T15:24:01,BSE_PRICE_INDEX
BSE_SMALLCAP,BSE SmallCap,2018-04-17,18131.99,,BSE_INDIA_OFFICIAL,https://www.bseindia.com/indices/IndexArchiveData/,2026-07-17T15:24:01,BSE_PRICE_INDEX
BSE_SMALLCAP,BSE SmallCap,2018-04-18,18065.75,,BSE_INDIA_OFFICIAL,https://www.bseindia.com/indices/IndexArchiveData/,2026-07-17T15:24:01,BSE_PRICE_INDEX
BSE_SMALLCAP,BSE SmallCap,2018-04-19,18174.44,,BSE_INDIA_OFFICIAL,https://www.bseindia.com/indices/IndexArchiveData/,2026-07-17T15:24:01,BSE_PRICE_INDEX
BSE_SMALLCAP,BSE SmallCap,2018-04-20,18178.03,,BSE_INDIA_OFFICIAL,https://www.bseindia.com/indices/IndexArchiveData/,2026-07-17T15:24:01,BSE_PRICE_INDEX
BSE_SMALLCAP,BSE SmallCap,2018-04-23,18274.20,,BSE_INDIA_OFFICIAL,https://www.bseindia.com/indices/IndexArchiveData/,2026-07-17T15:24:01,BSE_PRICE_INDEX
BSE_SMALLCAP,BSE SmallCap,2018-04-24,18249.78,,BSE_INDIA_OFFICIAL,https://www.bseindia.com/indices/IndexArchiveData/,2026-07-17T15:24:01,BSE_PRICE_INDEX
BSE_SMALLCAP,BSE SmallCap,2018-04-25,18118.62,,BSE_INDIA_OFFICIAL,https://www.bseindia.com/indices/IndexArchiveData/,2026-07-17T15:24:01,BSE_PRICE_INDEX
BSE_SMALLCAP,BSE SmallCap,2018-04-26,18164.41,,BSE_INDIA_OFFICIAL,https://www.bseindia.com/indices/IndexArchiveData/,2026-07-17T15:24:01,BSE_PRICE_INDEX
BSE_SMALLCAP,BSE SmallCap,2018-04-27,18239.96,,BSE_INDIA_OFFICIAL,https://www.bseindia.com/indices/IndexArchiveData/,2026-07-17T15:24:01,BSE_PRICE_INDEX
BSE_SMALLCAP,BSE SmallCap,2018-04-30,18401.67,,BSE_INDIA_OFFICIAL,https://www.bseindia.com/indices/IndexArchiveData/,2026-07-17T15:24:01,BSE_PRICE_INDEX
BSE_SMALLCAP,BSE SmallCap,2018-05-02,18189.56,,BSE_INDIA_OFFICIAL,https://www.bseindia.com/indices/IndexArchiveData/,2026-07-17T15:24:01,BSE_PRICE_INDEX
BSE_SMALLCAP,BSE SmallCap,2018-05-03,18035.96,,BSE_INDIA_OFFICIAL,https://www.bseindia.com/indices/IndexArchiveData/,2026-07-17T15:24:01,BSE_PRICE_INDEX
BSE_SMALLCAP,BSE SmallCap,2018-05-04,17991.45,,BSE_INDIA_OFFICIAL,https://www.bseindia.com/indices/IndexArchiveData/,2026-07-17T15:24:01,BSE_PRICE_INDEX
BSE_SMALLCAP,BSE SmallCap,2018-05-07,18091.73,,BSE_INDIA_OFFICIAL,https://www.bseindia.com/indices/IndexArchiveData/,2026-07-17T15:24:01,BSE_PRICE_INDEX
BSE_SMALLCAP,BSE SmallCap,2018-05-08,18109.38,,BSE_INDIA_OFFICIAL,https://www.bseindia.com/indices/IndexArchiveData/,2026-07-17T15:24:01,BSE_PRICE_INDEX
BSE_SMALLCAP,BSE SmallCap,2018-05-09,18084.96,,BSE_INDIA_OFFICIAL,https://www.bseindia.com/indices/IndexArchiveData/,2026-07-17T15:24:01,BSE_PRICE_INDEX
BSE_SMALLCAP,BSE SmallCap,2018-05-10,17839.51,,BSE_INDIA_OFFICIAL,https://www.bseindia.com/indices/IndexArchiveData/,2026-07-17T15:24:01,BSE_PRICE_INDEX
BSE_SMALLCAP,BSE SmallCap,2018-05-11,17818.09,,BSE_INDIA_OFFICIAL,https://www.bseindia.com/indices/IndexArchiveData/,2026-07-17T15:24:01,BSE_PRICE_INDEX
BSE_SMALLCAP,BSE SmallCap,2018-05-14,17640.33,,BSE_INDIA_OFFICIAL,https://www.bseindia.com/indices/IndexArchiveData/,2026-07-17T15:24:01,BSE_PRICE_INDEX
BSE_SMALLCAP,BSE SmallCap,2018-05-15,17525.45,,BSE_INDIA_OFFICIAL,https://www.bseindia.com/indices/IndexArchiveData/,2026-07-17T15:24:01,BSE_PRICE_INDEX
BSE_SMALLCAP,BSE SmallCap,2018-05-16,17536.01,,BSE_INDIA_OFFICIAL,https://www.bseindia.com/indices/IndexArchiveData/,2026-07-17T15:24:01,BSE_PRICE_INDEX
BSE_SMALLCAP,BSE SmallCap,2018-05-17,17611.89,,BSE_INDIA_OFFICIAL,https://www.bseindia.com/indices/IndexArchiveData/,2026-07-17T15:24:01,BSE_PRICE_INDEX
BSE_SMALLCAP,BSE SmallCap,2018-05-18,17326.78,,BSE_INDIA_OFFICIAL,https://www.bseindia.com/indices/IndexArchiveData/,2026-07-17T15:24:01,BSE_PRICE_INDEX
BSE_SMALLCAP,BSE SmallCap,2018-05-21,16946.38,,BSE_INDIA_OFFICIAL,https://www.bseindia.com/indices/IndexArchiveData/,2026-07-17T15:24:01,BSE_PRICE_INDEX
BSE_SMALLCAP,BSE SmallCap,2018-05-22,17056.89,,BSE_INDIA_OFFICIAL,https://www.bseindia.com/indices/IndexArchiveData/,2026-07-17T15:24:01,BSE_PRICE_INDEX
BSE_SMALLCAP,BSE SmallCap,2018-05-23,16976.88,,BSE_INDIA_OFFICIAL,https://www.bseindia.com/indices/IndexArchiveData/,2026-07-17T15:24:01,BSE_PRICE_INDEX
BSE_SMALLCAP,BSE SmallCap,2018-05-24,16953.83,,BSE_INDIA_OFFICIAL,https://www.bseindia.com/indices/IndexArchiveData/,2026-07-17T15:24:01,BSE_PRICE_INDEX
BSE_SMALLCAP,BSE SmallCap,2018-05-25,17151.43,,BSE_INDIA_OFFICIAL,https://www.bseindia.com/indices/IndexArchiveData/,2026-07-17T15:24:01,BSE_PRICE_INDEX
BSE_SMALLCAP,BSE SmallCap,2018-05-28,17425.86,,BSE_INDIA_OFFICIAL,https://www.bseindia.com/indices/IndexArchiveData/,2026-07-17T15:24:01,BSE_PRICE_INDEX
BSE_SMALLCAP,BSE SmallCap,2018-05-29,17380.46,,BSE_INDIA_OFFICIAL,https://www.bseindia.com/indices/IndexArchiveData/,2026-07-17T15:24:01,BSE_PRICE_INDEX
BSE_SMALLCAP,BSE SmallCap,2018-05-30,17347.72,,BSE_INDIA_OFFICIAL,https://www.bseindia.com/indices/IndexArchiveData/,2026-07-17T15:24:01,BSE_PRICE_INDEX
BSE_SMALLCAP,BSE SmallCap,2018-05-31,17249.45,,BSE_INDIA_OFFICIAL,https://www.bseindia.com/indices/IndexArchiveData/,2026-07-17T15:24:01,BSE_PRICE_INDEX
BSE_SMALLCAP,BSE SmallCap,2018-06-01,16978.96,,BSE_INDIA_OFFICIAL,https://www.bseindia.com/indices/IndexArchiveData/,2026-07-17T15:24:01,BSE_PRICE_INDEX
BSE_SMALLCAP,BSE SmallCap,2018-06-04,16623.62,,BSE_INDIA_OFFICIAL,https://www.bseindia.com/indices/IndexArchiveData/,2026-07-17T15:24:01,BSE_PRICE_INDEX
BSE_SMALLCAP,BSE SmallCap,2018-06-05,16219.58,,BSE_INDIA_OFFICIAL,https://www.bseindia.com/indices/IndexArchiveData/,2026-07-17T15:24:01,BSE_PRICE_INDEX
BSE_SMALLCAP,BSE SmallCap,2018-06-06,16467.30,,BSE_INDIA_OFFICIAL,https://www.bseindia.com/indices/IndexArchiveData/,2026-07-17T15:24:01,BSE_PRICE_INDEX
BSE_SMALLCAP,BSE SmallCap,2018-06-07,16790.37,,BSE_INDIA_OFFICIAL,https://www.bseindia.com/indices/IndexArchiveData/,2026-07-17T15:24:01,BSE_PRICE_INDEX
BSE_SMALLCAP,BSE SmallCap,2018-06-08,16887.13,,BSE_INDIA_OFFICIAL,https://www.bseindia.com/indices/IndexArchiveData/,2026-07-17T15:24:01,BSE_PRICE_INDEX
BSE_SMALLCAP,BSE SmallCap,2018-06-11,16973.37,,BSE_INDIA_OFFICIAL,https://www.bseindia.com/indices/IndexArchiveData/,2026-07-17T15:24:01,BSE_PRICE_INDEX
BSE_SMALLCAP,BSE SmallCap,2018-06-12,17065.50,,BSE_INDIA_OFFICIAL,https://www.bseindia.com/indices/IndexArchiveData/,2026-07-17T15:24:01,BSE_PRICE_INDEX
BSE_SMALLCAP,BSE SmallCap,2018-06-13,17028.87,,BSE_INDIA_OFFICIAL,https://www.bseindia.com/indices/IndexArchiveData/,2026-07-17T15:24:01,BSE_PRICE_INDEX
BSE_SMALLCAP,BSE SmallCap,2018-06-14,17040.06,,BSE_INDIA_OFFICIAL,https://www.bseindia.com/indices/IndexArchiveData/,2026-07-17T15:24:01,BSE_PRICE_INDEX
BSE_SMALLCAP,BSE SmallCap,2018-06-15,16961.16,,BSE_INDIA_OFFICIAL,https://www.bseindia.com/indices/IndexArchiveData/,2026-07-17T15:24:01,BSE_PRICE_INDEX
BSE_SMALLCAP,BSE SmallCap,2018-06-18,16830.67,,BSE_INDIA_OFFICIAL,https://www.bseindia.com/indices/IndexArchiveData/,2026-07-17T15:24:01,BSE_PRICE_INDEX
BSE_SMALLCAP,BSE SmallCap,2018-06-19,16613.73,,BSE_INDIA_OFFICIAL,https://www.bseindia.com/indices/IndexArchiveData/,2026-07-17T15:24:01,BSE_PRICE_INDEX
BSE_SMALLCAP,BSE SmallCap,2018-06-20,16659.05,,BSE_INDIA_OFFICIAL,https://www.bseindia.com/indices/IndexArchiveData/,2026-07-17T15:24:01,BSE_PRICE_INDEX
BSE_SMALLCAP,BSE SmallCap,2018-06-21,16528.17,,BSE_INDIA_OFFICIAL,https://www.bseindia.com/indices/IndexArchiveData/,2026-07-17T15:24:01,BSE_PRICE_INDEX
BSE_SMALLCAP,BSE SmallCap,2018-06-22,16539.84,,BSE_INDIA_OFFICIAL,https://www.bseindia.com/indices/IndexArchiveData/,2026-07-17T15:24:01,BSE_PRICE_INDEX
BSE_SMALLCAP,BSE SmallCap,2018-06-25,16392.48,,BSE_INDIA_OFFICIAL,https://www.bseindia.com/indices/IndexArchiveData/,2026-07-17T15:24:01,BSE_PRICE_INDEX
BSE_SMALLCAP,BSE SmallCap,2018-06-26,16295.88,,BSE_INDIA_OFFICIAL,https://www.bseindia.com/indices/IndexArchiveData/,2026-07-17T15:24:01,BSE_PRICE_INDEX
BSE_SMALLCAP,BSE SmallCap,2018-06-27,15970.21,,BSE_INDIA_OFFICIAL,https://www.bseindia.com/indices/IndexArchiveData/,2026-07-17T15:24:01,BSE_PRICE_INDEX
BSE_SMALLCAP,BSE SmallCap,2018-06-28,15730.39,,BSE_INDIA_OFFICIAL,https://www.bseindia.com/indices/IndexArchiveData/,2026-07-17T15:24:01,BSE_PRICE_INDEX
BSE_SMALLCAP,BSE SmallCap,2018-06-29,16032.15,,BSE_INDIA_OFFICIAL,https://www.bseindia.com/indices/IndexArchiveData/,2026-07-17T15:24:01,BSE_PRICE_INDEX
BSE_SMALLCAP,BSE SmallCap,2018-07-02,15920.44,,BSE_INDIA_OFFICIAL,https://www.bseindia.com/indices/IndexArchiveData/,2026-07-17T15:24:01,BSE_PRICE_INDEX
BSE_SMALLCAP,BSE SmallCap,2018-07-03,15990.09,,BSE_INDIA_OFFICIAL,https://www.bseindia.com/indices/IndexArchiveData/,2026-07-17T15:24:01,BSE_PRICE_INDEX
BSE_SMALLCAP,BSE SmallCap,2018-07-04,16050.59,,BSE_INDIA_OFFICIAL,https://www.bseindia.com/indices/IndexArchiveData/,2026-07-17T15:24:01,BSE_PRICE_INDEX
BSE_SMALLCAP,BSE SmallCap,2018-07-05,15986.49,,BSE_INDIA_OFFICIAL,https://www.bseindia.com/indices/IndexArchiveData/,2026-07-17T15:24:01,BSE_PRICE_INDEX
BSE_SMALLCAP,BSE SmallCap,2018-07-06,16059.94,,BSE_INDIA_OFFICIAL,https://www.bseindia.com/indices/IndexArchiveData/,2026-07-17T15:24:01,BSE_PRICE_INDEX
BSE_SMALLCAP,BSE SmallCap,2018-07-09,16313.94,,BSE_INDIA_OFFICIAL,https://www.bseindia.com/indices/IndexArchiveData/,2026-07-17T15:24:01,BSE_PRICE_INDEX
BSE_SMALLCAP,BSE SmallCap,2018-07-10,16483.58,,BSE_INDIA_OFFICIAL,https://www.bseindia.com/indices/IndexArchiveData/,2026-07-17T15:24:01,BSE_PRICE_INDEX
BSE_SMALLCAP,BSE SmallCap,2018-07-11,16429.37,,BSE_INDIA_OFFICIAL,https://www.bseindia.com/indices/IndexArchiveData/,2026-07-17T15:24:01,BSE_PRICE_INDEX
BSE_SMALLCAP,BSE SmallCap,2018-07-12,16420.09,,BSE_INDIA_OFFICIAL,https://www.bseindia.com/indices/IndexArchiveData/,2026-07-17T15:24:01,BSE_PRICE_INDEX
BSE_SMALLCAP,BSE SmallCap,2018-07-13,16196.33,,BSE_INDIA_OFFICIAL,https://www.bseindia.com/indices/IndexArchiveData/,2026-07-17T15:24:01,BSE_PRICE_INDEX
BSE_SMALLCAP,BSE SmallCap,2018-07-16,15790.00,,BSE_INDIA_OFFICIAL,https://www.bseindia.com/indices/IndexArchiveData/,2026-07-17T15:24:01,BSE_PRICE_INDEX
BSE_SMALLCAP,BSE SmallCap,2018-07-17,15966.18,,BSE_INDIA_OFFICIAL,https://www.bseindia.com/indices/IndexArchiveData/,2026-07-17T15:24:01,BSE_PRICE_INDEX
BSE_SMALLCAP,BSE SmallCap,2018-07-18,15814.66,,BSE_INDIA_OFFICIAL,https://www.bseindia.com/indices/IndexArchiveData/,2026-07-17T15:24:01,BSE_PRICE_INDEX
BSE_SMALLCAP,BSE SmallCap,2018-07-19,15657.22,,BSE_INDIA_OFFICIAL,https://www.bseindia.com/indices/IndexArchiveData/,2026-07-17T15:24:01,BSE_PRICE_INDEX
BSE_SMALLCAP,BSE SmallCap,2018-07-20,15721.43,,BSE_INDIA_OFFICIAL,https://www.bseindia.com/indices/IndexArchiveData/,2026-07-17T15:24:01,BSE_PRICE_INDEX
BSE_SMALLCAP,BSE SmallCap,2018-07-23,15867.21,,BSE_INDIA_OFFICIAL,https://www.bseindia.com/indices/IndexArchiveData/,2026-07-17T15:24:01,BSE_PRICE_INDEX
BSE_SMALLCAP,BSE SmallCap,2018-07-24,16218.54,,BSE_INDIA_OFFICIAL,https://www.bseindia.com/indices/IndexArchiveData/,2026-07-17T15:24:01,BSE_PRICE_INDEX
BSE_SMALLCAP,BSE SmallCap,2018-07-25,16255.43,,BSE_INDIA_OFFICIAL,https://www.bseindia.com/indices/IndexArchiveData/,2026-07-17T15:24:01,BSE_PRICE_INDEX
BSE_SMALLCAP,BSE SmallCap,2018-07-26,16306.02,,BSE_INDIA_OFFICIAL,https://www.bseindia.com/indices/IndexArchiveData/,2026-07-17T15:24:01,BSE_PRICE_INDEX
BSE_SMALLCAP,BSE SmallCap,2018-07-27,16450.20,,BSE_INDIA_OFFICIAL,https://www.bseindia.com/indices/IndexArchiveData/,2026-07-17T15:24:01,BSE_PRICE_INDEX
BSE_SMALLCAP,BSE SmallCap,2018-07-30,16540.44,,BSE_INDIA_OFFICIAL,https://www.bseindia.com/indices/IndexArchiveData/,2026-07-17T15:24:01,BSE_PRICE_INDEX
BSE_SMALLCAP,BSE SmallCap,2018-07-31,16584.16,,BSE_INDIA_OFFICIAL,https://www.bseindia.com/indices/IndexArchiveData/,2026-07-17T15:24:01,BSE_PRICE_INDEX
BSE_SMALLCAP,BSE SmallCap,2018-08-01,16628.06,,BSE_INDIA_OFFICIAL,https://www.bseindia.com/indices/IndexArchiveData/,2026-07-17T15:24:01,BSE_PRICE_INDEX
BSE_SMALLCAP,BSE SmallCap,2018-08-02,16639.81,,BSE_INDIA_OFFICIAL,https://www.bseindia.com/indices/IndexArchiveData/,2026-07-17T15:24:01,BSE_PRICE_INDEX
BSE_SMALLCAP,BSE SmallCap,2018-08-03,16833.52,,BSE_INDIA_OFFICIAL,https://www.bseindia.com/indices/IndexArchiveData/,2026-07-17T15:24:01,BSE_PRICE_INDEX
BSE_SMALLCAP,BSE SmallCap,2018-08-06,16899.52,,BSE_INDIA_OFFICIAL,https://www.bseindia.com/indices/IndexArchiveData/,2026-07-17T15:24:01,BSE_PRICE_INDEX
BSE_SMALLCAP,BSE SmallCap,2018-08-07,16862.46,,BSE_INDIA_OFFICIAL,https://www.bseindia.com/indices/IndexArchiveData/,2026-07-17T15:24:01,BSE_PRICE_INDEX
BSE_SMALLCAP,BSE SmallCap,2018-08-08,16868.20,,BSE_INDIA_OFFICIAL,https://www.bseindia.com/indices/IndexArchiveData/,2026-07-17T15:24:01,BSE_PRICE_INDEX
BSE_SMALLCAP,BSE SmallCap,2018-08-09,16916.85,,BSE_INDIA_OFFICIAL,https://www.bseindia.com/indices/IndexArchiveData/,2026-07-17T15:24:01,BSE_PRICE_INDEX
BSE_SMALLCAP,BSE SmallCap,2018-08-10,16784.20,,BSE_INDIA_OFFICIAL,https://www.bseindia.com/indices/IndexArchiveData/,2026-07-17T15:24:01,BSE_PRICE_INDEX
BSE_SMALLCAP,BSE SmallCap,2018-08-13,16653.85,,BSE_INDIA_OFFICIAL,https://www.bseindia.com/indices/IndexArchiveData/,2026-07-17T15:24:01,BSE_PRICE_INDEX
BSE_SMALLCAP,BSE SmallCap,2018-08-14,16742.69,,BSE_INDIA_OFFICIAL,https://www.bseindia.com/indices/IndexArchiveData/,2026-07-17T15:24:01,BSE_PRICE_INDEX
BSE_SMALLCAP,BSE SmallCap,2018-08-16,16709.55,,BSE_INDIA_OFFICIAL,https://www.bseindia.com/indices/IndexArchiveData/,2026-07-17T15:24:01,BSE_PRICE_INDEX
BSE_SMALLCAP,BSE SmallCap,2018-08-17,16866.21,,BSE_INDIA_OFFICIAL,https://www.bseindia.com/indices/IndexArchiveData/,2026-07-17T15:24:01,BSE_PRICE_INDEX
BSE_SMALLCAP,BSE SmallCap,2018-08-20,16890.11,,BSE_INDIA_OFFICIAL,https://www.bseindia.com/indices/IndexArchiveData/,2026-07-17T15:24:01,BSE_PRICE_INDEX
BSE_SMALLCAP,BSE SmallCap,2018-08-21,16946.96,,BSE_INDIA_OFFICIAL,https://www.bseindia.com/indices/IndexArchiveData/,2026-07-17T15:24:01,BSE_PRICE_INDEX
BSE_SMALLCAP,BSE SmallCap,2018-08-23,16922.72,,BSE_INDIA_OFFICIAL,https://www.bseindia.com/indices/IndexArchiveData/,2026-07-17T15:24:01,BSE_PRICE_INDEX
BSE_SMALLCAP,BSE SmallCap,2018-08-24,16864.43,,BSE_INDIA_OFFICIAL,https://www.bseindia.com/indices/IndexArchiveData/,2026-07-17T15:24:01,BSE_PRICE_INDEX
BSE_SMALLCAP,BSE SmallCap,2018-08-27,16982.14,,BSE_INDIA_OFFICIAL,https://www.bseindia.com/indices/IndexArchiveData/,2026-07-17T15:24:01,BSE_PRICE_INDEX
BSE_SMALLCAP,BSE SmallCap,2018-08-28,17043.38,,BSE_INDIA_OFFICIAL,https://www.bseindia.com/indices/IndexArchiveData/,2026-07-17T15:24:01,BSE_PRICE_INDEX
BSE_SMALLCAP,BSE SmallCap,2018-08-29,17052.67,,BSE_INDIA_OFFICIAL,https://www.bseindia.com/indices/IndexArchiveData/,2026-07-17T15:24:01,BSE_PRICE_INDEX
BSE_SMALLCAP,BSE SmallCap,2018-08-30,17099.56,,BSE_INDIA_OFFICIAL,https://www.bseindia.com/indices/IndexArchiveData/,2026-07-17T15:24:01,BSE_PRICE_INDEX
BSE_SMALLCAP,BSE SmallCap,2018-08-31,17193.20,,BSE_INDIA_OFFICIAL,https://www.bseindia.com/indices/IndexArchiveData/,2026-07-17T15:24:01,BSE_PRICE_INDEX
BSE_SMALLCAP,BSE SmallCap,2018-09-03,17164.40,,BSE_INDIA_OFFICIAL,https://www.bseindia.com/indices/IndexArchiveData/,2026-07-17T15:24:01,BSE_PRICE_INDEX
BSE_SMALLCAP,BSE SmallCap,2018-09-04,16815.06,,BSE_INDIA_OFFICIAL,https://www.bseindia.com/indices/IndexArchiveData/,2026-07-17T15:24:01,BSE_PRICE_INDEX
BSE_SMALLCAP,BSE SmallCap,2018-09-05,16727.76,,BSE_INDIA_OFFICIAL,https://www.bseindia.com/indices/IndexArchiveData/,2026-07-17T15:24:01,BSE_PRICE_INDEX
BSE_SMALLCAP,BSE SmallCap,2018-09-06,16804.22,,BSE_INDIA_OFFICIAL,https://www.bseindia.com/indices/IndexArchiveData/,2026-07-17T15:24:01,BSE_PRICE_INDEX
BSE_SMALLCAP,BSE SmallCap,2018-09-07,16896.95,,BSE_INDIA_OFFICIAL,https://www.bseindia.com/indices/IndexArchiveData/,2026-07-17T15:24:01,BSE_PRICE_INDEX
BSE_SMALLCAP,BSE SmallCap,2018-09-10,16716.94,,BSE_INDIA_OFFICIAL,https://www.bseindia.com/indices/IndexArchiveData/,2026-07-17T15:24:01,BSE_PRICE_INDEX
BSE_SMALLCAP,BSE SmallCap,2018-09-11,16488.01,,BSE_INDIA_OFFICIAL,https://www.bseindia.com/indices/IndexArchiveData/,2026-07-17T15:24:01,BSE_PRICE_INDEX
BSE_SMALLCAP,BSE SmallCap,2018-09-12,16443.39,,BSE_INDIA_OFFICIAL,https://www.bseindia.com/indices/IndexArchiveData/,2026-07-17T15:24:01,BSE_PRICE_INDEX
BSE_SMALLCAP,BSE SmallCap,2018-09-14,16670.93,,BSE_INDIA_OFFICIAL,https://www.bseindia.com/indices/IndexArchiveData/,2026-07-17T15:24:01,BSE_PRICE_INDEX
BSE_SMALLCAP,BSE SmallCap,2018-09-17,16663.16,,BSE_INDIA_OFFICIAL,https://www.bseindia.com/indices/IndexArchiveData/,2026-07-17T15:24:01,BSE_PRICE_INDEX
BSE_SMALLCAP,BSE SmallCap,2018-09-18,16412.37,,BSE_INDIA_OFFICIAL,https://www.bseindia.com/indices/IndexArchiveData/,2026-07-17T15:24:01,BSE_PRICE_INDEX
BSE_SMALLCAP,BSE SmallCap,2018-09-19,16250.96,,BSE_INDIA_OFFICIAL,https://www.bseindia.com/indices/IndexArchiveData/,2026-07-17T15:24:01,BSE_PRICE_INDEX
BSE_SMALLCAP,BSE SmallCap,2018-09-21,15763.10,,BSE_INDIA_OFFICIAL,https://www.bseindia.com/indices/IndexArchiveData/,2026-07-17T15:24:01,BSE_PRICE_INDEX
BSE_SMALLCAP,BSE SmallCap,2018-09-24,15333.76,,BSE_INDIA_OFFICIAL,https://www.bseindia.com/indices/IndexArchiveData/,2026-07-17T15:24:01,BSE_PRICE_INDEX
BSE_SMALLCAP,BSE SmallCap,2018-09-25,15220.99,,BSE_INDIA_OFFICIAL,https://www.bseindia.com/indices/IndexArchiveData/,2026-07-17T15:24:01,BSE_PRICE_INDEX
BSE_SMALLCAP,BSE SmallCap,2018-09-26,15239.54,,BSE_INDIA_OFFICIAL,https://www.bseindia.com/indices/IndexArchiveData/,2026-07-17T15:24:01,BSE_PRICE_INDEX
BSE_SMALLCAP,BSE SmallCap,2018-09-27,14939.75,,BSE_INDIA_OFFICIAL,https://www.bseindia.com/indices/IndexArchiveData/,2026-07-17T15:24:01,BSE_PRICE_INDEX
BSE_SMALLCAP,BSE SmallCap,2018-09-28,14430.68,,BSE_INDIA_OFFICIAL,https://www.bseindia.com/indices/IndexArchiveData/,2026-07-17T15:24:01,BSE_PRICE_INDEX
BSE_SMALLCAP,BSE SmallCap,2018-10-01,14395.23,,BSE_INDIA_OFFICIAL,https://www.bseindia.com/indices/IndexArchiveData/,2026-07-17T15:24:01,BSE_PRICE_INDEX
BSE_SMALLCAP,BSE SmallCap,2018-10-03,14424.41,,BSE_INDIA_OFFICIAL,https://www.bseindia.com/indices/IndexArchiveData/,2026-07-17T15:24:01,BSE_PRICE_INDEX
BSE_SMALLCAP,BSE SmallCap,2018-10-04,14126.16,,BSE_INDIA_OFFICIAL,https://www.bseindia.com/indices/IndexArchiveData/,2026-07-17T15:24:01,BSE_PRICE_INDEX
BSE_SMALLCAP,BSE SmallCap,2018-10-05,13840.26,,BSE_INDIA_OFFICIAL,https://www.bseindia.com/indices/IndexArchiveData/,2026-07-17T15:24:01,BSE_PRICE_INDEX
BSE_SMALLCAP,BSE SmallCap,2018-10-08,13562.62,,BSE_INDIA_OFFICIAL,https://www.bseindia.com/indices/IndexArchiveData/,2026-07-17T15:24:01,BSE_PRICE_INDEX
BSE_SMALLCAP,BSE SmallCap,2018-10-09,13501.95,,BSE_INDIA_OFFICIAL,https://www.bseindia.com/indices/IndexArchiveData/,2026-07-17T15:24:01,BSE_PRICE_INDEX
BSE_SMALLCAP,BSE SmallCap,2018-10-10,13997.86,,BSE_INDIA_OFFICIAL,https://www.bseindia.com/indices/IndexArchiveData/,2026-07-17T15:24:01,BSE_PRICE_INDEX
BSE_SMALLCAP,BSE SmallCap,2018-10-11,13800.41,,BSE_INDIA_OFFICIAL,https://www.bseindia.com/indices/IndexArchiveData/,2026-07-17T15:24:01,BSE_PRICE_INDEX
BSE_SMALLCAP,BSE SmallCap,2018-10-12,14159.43,,BSE_INDIA_OFFICIAL,https://www.bseindia.com/indices/IndexArchiveData/,2026-07-17T15:24:01,BSE_PRICE_INDEX
BSE_SMALLCAP,BSE SmallCap,2018-10-15,14353.41,,BSE_INDIA_OFFICIAL,https://www.bseindia.com/indices/IndexArchiveData/,2026-07-17T15:24:01,BSE_PRICE_INDEX
BSE_SMALLCAP,BSE SmallCap,2018-10-16,14594.28,,BSE_INDIA_OFFICIAL,https://www.bseindia.com/indices/IndexArchiveData/,2026-07-17T15:24:01,BSE_PRICE_INDEX
BSE_SMALLCAP,BSE SmallCap,2018-10-17,14271.16,,BSE_INDIA_OFFICIAL,https://www.bseindia.com/indices/IndexArchiveData/,2026-07-17T15:24:01,BSE_PRICE_INDEX
BSE_SMALLCAP,BSE SmallCap,2018-10-19,14082.92,,BSE_INDIA_OFFICIAL,https://www.bseindia.com/indices/IndexArchiveData/,2026-07-17T15:24:01,BSE_PRICE_INDEX
BSE_SMALLCAP,BSE SmallCap,2018-10-22,13804.88,,BSE_INDIA_OFFICIAL,https://www.bseindia.com/indices/IndexArchiveData/,2026-07-17T15:24:01,BSE_PRICE_INDEX
BSE_SMALLCAP,BSE SmallCap,2018-10-23,13637.17,,BSE_INDIA_OFFICIAL,https://www.bseindia.com/indices/IndexArchiveData/,2026-07-17T15:24:01,BSE_PRICE_INDEX
BSE_SMALLCAP,BSE SmallCap,2018-10-24,13738.32,,BSE_INDIA_OFFICIAL,https://www.bseindia.com/indices/IndexArchiveData/,2026-07-17T15:24:01,BSE_PRICE_INDEX
BSE_SMALLCAP,BSE SmallCap,2018-10-25,13603.37,,BSE_INDIA_OFFICIAL,https://www.bseindia.com/indices/IndexArchiveData/,2026-07-17T15:24:01,BSE_PRICE_INDEX
BSE_SMALLCAP,BSE SmallCap,2018-10-26,13597.64,,BSE_INDIA_OFFICIAL,https://www.bseindia.com/indices/IndexArchiveData/,2026-07-17T15:24:01,BSE_PRICE_INDEX
BSE_SMALLCAP,BSE SmallCap,2018-10-29,13877.78,,BSE_INDIA_OFFICIAL,https://www.bseindia.com/indices/IndexArchiveData/,2026-07-17T15:24:01,BSE_PRICE_INDEX
BSE_SMALLCAP,BSE SmallCap,2018-10-30,14008.05,,BSE_INDIA_OFFICIAL,https://www.bseindia.com/indices/IndexArchiveData/,2026-07-17T15:24:01,BSE_PRICE_INDEX
BSE_SMALLCAP,BSE SmallCap,2018-10-31,14201.37,,BSE_INDIA_OFFICIAL,https://www.bseindia.com/indices/IndexArchiveData/,2026-07-17T15:24:01,BSE_PRICE_INDEX
BSE_SMALLCAP,BSE SmallCap,2018-11-01,14355.51,,BSE_INDIA_OFFICIAL,https://www.bseindia.com/indices/IndexArchiveData/,2026-07-17T15:24:01,BSE_PRICE_INDEX
BSE_SMALLCAP,BSE SmallCap,2018-11-02,14464.68,,BSE_INDIA_OFFICIAL,https://www.bseindia.com/indices/IndexArchiveData/,2026-07-17T15:24:01,BSE_PRICE_INDEX
BSE_SMALLCAP,BSE SmallCap,2018-11-05,14423.60,,BSE_INDIA_OFFICIAL,https://www.bseindia.com/indices/IndexArchiveData/,2026-07-17T15:24:01,BSE_PRICE_INDEX
BSE_SMALLCAP,BSE SmallCap,2018-11-06,14415.45,,BSE_INDIA_OFFICIAL,https://www.bseindia.com/indices/IndexArchiveData/,2026-07-17T15:24:01,BSE_PRICE_INDEX
BSE_SMALLCAP,BSE SmallCap,2018-11-07,14586.72,,BSE_INDIA_OFFICIAL,https://www.bseindia.com/indices/IndexArchiveData/,2026-07-17T15:24:01,BSE_PRICE_INDEX
BSE_SMALLCAP,BSE SmallCap,2018-11-09,14671.85,,BSE_INDIA_OFFICIAL,https://www.bseindia.com/indices/IndexArchiveData/,2026-07-17T15:24:01,BSE_PRICE_INDEX
BSE_SMALLCAP,BSE SmallCap,2018-11-12,14549.46,,BSE_INDIA_OFFICIAL,https://www.bseindia.com/indices/IndexArchiveData/,2026-07-17T15:24:01,BSE_PRICE_INDEX
BSE_SMALLCAP,BSE SmallCap,2018-11-13,14578.29,,BSE_INDIA_OFFICIAL,https://www.bseindia.com/indices/IndexArchiveData/,2026-07-17T15:24:01,BSE_PRICE_INDEX
BSE_SMALLCAP,BSE SmallCap,2018-11-14,14547.74,,BSE_INDIA_OFFICIAL,https://www.bseindia.com/indices/IndexArchiveData/,2026-07-17T15:24:01,BSE_PRICE_INDEX
BSE_SMALLCAP,BSE SmallCap,2018-11-15,14548.04,,BSE_INDIA_OFFICIAL,https://www.bseindia.com/indices/IndexArchiveData/,2026-07-17T15:24:01,BSE_PRICE_INDEX
BSE_SMALLCAP,BSE SmallCap,2018-11-16,14485.88,,BSE_INDIA_OFFICIAL,https://www.bseindia.com/indices/IndexArchiveData/,2026-07-17T15:24:01,BSE_PRICE_INDEX
BSE_SMALLCAP,BSE SmallCap,2018-11-19,14538.65,,BSE_INDIA_OFFICIAL,https://www.bseindia.com/indices/IndexArchiveData/,2026-07-17T15:24:01,BSE_PRICE_INDEX
BSE_SMALLCAP,BSE SmallCap,2018-11-20,14405.55,,BSE_INDIA_OFFICIAL,https://www.bseindia.com/indices/IndexArchiveData/,2026-07-17T15:24:01,BSE_PRICE_INDEX
BSE_SMALLCAP,BSE SmallCap,2018-11-21,14414.49,,BSE_INDIA_OFFICIAL,https://www.bseindia.com/indices/IndexArchiveData/,2026-07-17T15:24:01,BSE_PRICE_INDEX
BSE_SMALLCAP,BSE SmallCap,2018-11-22,14350.83,,BSE_INDIA_OFFICIAL,https://www.bseindia.com/indices/IndexArchiveData/,2026-07-17T15:24:01,BSE_PRICE_INDEX
BSE_SMALLCAP,BSE SmallCap,2018-11-26,14329.08,,BSE_INDIA_OFFICIAL,https://www.bseindia.com/indices/IndexArchiveData/,2026-07-17T15:24:01,BSE_PRICE_INDEX
BSE_SMALLCAP,BSE SmallCap,2018-11-27,14390.79,,BSE_INDIA_OFFICIAL,https://www.bseindia.com/indices/IndexArchiveData/,2026-07-17T15:24:01,BSE_PRICE_INDEX
BSE_SMALLCAP,BSE SmallCap,2018-11-28,14321.44,,BSE_INDIA_OFFICIAL,https://www.bseindia.com/indices/IndexArchiveData/,2026-07-17T15:24:01,BSE_PRICE_INDEX
BSE_SMALLCAP,BSE SmallCap,2018-11-29,14352.88,,BSE_INDIA_OFFICIAL,https://www.bseindia.com/indices/IndexArchiveData/,2026-07-17T15:24:01,BSE_PRICE_INDEX
BSE_SMALLCAP,BSE SmallCap,2018-11-30,14427.16,,BSE_INDIA_OFFICIAL,https://www.bseindia.com/indices/IndexArchiveData/,2026-07-17T15:24:01,BSE_PRICE_INDEX
BSE_SMALLCAP,BSE SmallCap,2018-12-03,14494.09,,BSE_INDIA_OFFICIAL,https://www.bseindia.com/indices/IndexArchiveData/,2026-07-17T15:24:01,BSE_PRICE_INDEX
BSE_SMALLCAP,BSE SmallCap,2018-12-04,14514.22,,BSE_INDIA_OFFICIAL,https://www.bseindia.com/indices/IndexArchiveData/,2026-07-17T15:24:01,BSE_PRICE_INDEX
BSE_SMALLCAP,BSE SmallCap,2018-12-05,14337.90,,BSE_INDIA_OFFICIAL,https://www.bseindia.com/indices/IndexArchiveData/,2026-07-17T15:24:01,BSE_PRICE_INDEX
BSE_SMALLCAP,BSE SmallCap,2018-12-06,14143.30,,BSE_INDIA_OFFICIAL,https://www.bseindia.com/indices/IndexArchiveData/,2026-07-17T15:24:01,BSE_PRICE_INDEX
BSE_SMALLCAP,BSE SmallCap,2018-12-07,14104.65,,BSE_INDIA_OFFICIAL,https://www.bseindia.com/indices/IndexArchiveData/,2026-07-17T15:24:01,BSE_PRICE_INDEX
BSE_SMALLCAP,BSE SmallCap,2018-12-10,13845.70,,BSE_INDIA_OFFICIAL,https://www.bseindia.com/indices/IndexArchiveData/,2026-07-17T15:24:01,BSE_PRICE_INDEX
BSE_SMALLCAP,BSE SmallCap,2018-12-11,14058.76,,BSE_INDIA_OFFICIAL,https://www.bseindia.com/indices/IndexArchiveData/,2026-07-17T15:24:01,BSE_PRICE_INDEX
BSE_SMALLCAP,BSE SmallCap,2018-12-12,14404.02,,BSE_INDIA_OFFICIAL,https://www.bseindia.com/indices/IndexArchiveData/,2026-07-17T15:24:01,BSE_PRICE_INDEX
BSE_SMALLCAP,BSE SmallCap,2018-12-13,14497.69,,BSE_INDIA_OFFICIAL,https://www.bseindia.com/indices/IndexArchiveData/,2026-07-17T15:24:01,BSE_PRICE_INDEX
BSE_SMALLCAP,BSE SmallCap,2018-12-14,14501.76,,BSE_INDIA_OFFICIAL,https://www.bseindia.com/indices/IndexArchiveData/,2026-07-17T15:24:01,BSE_PRICE_INDEX
BSE_SMALLCAP,BSE SmallCap,2018-12-17,14540.04,,BSE_INDIA_OFFICIAL,https://www.bseindia.com/indices/IndexArchiveData/,2026-07-17T15:24:01,BSE_PRICE_INDEX
BSE_SMALLCAP,BSE SmallCap,2018-12-18,14605.52,,BSE_INDIA_OFFICIAL,https://www.bseindia.com/indices/IndexArchiveData/,2026-07-17T15:24:01,BSE_PRICE_INDEX
BSE_SMALLCAP,BSE SmallCap,2018-12-19,14764.58,,BSE_INDIA_OFFICIAL,https://www.bseindia.com/indices/IndexArchiveData/,2026-07-17T15:24:01,BSE_PRICE_INDEX
BSE_SMALLCAP,BSE SmallCap,2018-12-20,14781.67,,BSE_INDIA_OFFICIAL,https://www.bseindia.com/indices/IndexArchiveData/,2026-07-17T15:24:01,BSE_PRICE_INDEX
BSE_SMALLCAP,BSE SmallCap,2018-12-21,14633.62,,BSE_INDIA_OFFICIAL,https://www.bseindia.com/indices/IndexArchiveData/,2026-07-17T15:24:01,BSE_PRICE_INDEX
BSE_SMALLCAP,BSE SmallCap,2018-12-24,14466.40,,BSE_INDIA_OFFICIAL,https://www.bseindia.com/indices/IndexArchiveData/,2026-07-17T15:24:01,BSE_PRICE_INDEX
BSE_SMALLCAP,BSE SmallCap,2018-12-26,14436.48,,BSE_INDIA_OFFICIAL,https://www.bseindia.com/indices/IndexArchiveData/,2026-07-17T15:24:01,BSE_PRICE_INDEX
BSE_SMALLCAP,BSE SmallCap,2018-12-27,14481.87,,BSE_INDIA_OFFICIAL,https://www.bseindia.com/indices/IndexArchiveData/,2026-07-17T15:24:01,BSE_PRICE_INDEX
BSE_SMALLCAP,BSE SmallCap,2018-12-28,14605.69,,BSE_INDIA_OFFICIAL,https://www.bseindia.com/indices/IndexArchiveData/,2026-07-17T15:24:01,BSE_PRICE_INDEX
BSE_SMALLCAP,BSE SmallCap,2018-12-31,14706.69,,BSE_INDIA_OFFICIAL,https://www.bseindia.com/indices/IndexArchiveData/,2026-07-17T15:24:01,BSE_PRICE_INDEX
BSE_SMALLCAP,BSE SmallCap,2019-01-01,14766.86,,BSE_INDIA_OFFICIAL,https://www.bseindia.com/indices/IndexArchiveData/,2026-07-17T15:24:01,BSE_PRICE_INDEX
BSE_SMALLCAP,BSE SmallCap,2019-01-02,14658.20,,BSE_INDIA_OFFICIAL,https://www.bseindia.com/indices/IndexArchiveData/,2026-07-17T15:24:01,BSE_PRICE_INDEX
BSE_SMALLCAP,BSE SmallCap,2019-01-03,14572.68,,BSE_INDIA_OFFICIAL,https://www.bseindia.com/indices/IndexArchiveData/,2026-07-17T15:24:01,BSE_PRICE_INDEX
BSE_SMALLCAP,BSE SmallCap,2019-01-04,14592.41,,BSE_INDIA_OFFICIAL,https://www.bseindia.com/indices/IndexArchiveData/,2026-07-17T15:24:01,BSE_PRICE_INDEX
BSE_SMALLCAP,BSE SmallCap,2019-01-07,14600.97,,BSE_INDIA_OFFICIAL,https://www.bseindia.com/indices/IndexArchiveData/,2026-07-17T15:24:01,BSE_PRICE_INDEX
BSE_SMALLCAP,BSE SmallCap,2019-01-08,14625.11,,BSE_INDIA_OFFICIAL,https://www.bseindia.com/indices/IndexArchiveData/,2026-07-17T15:24:01,BSE_PRICE_INDEX
BSE_SMALLCAP,BSE SmallCap,2019-01-09,14600.97,,BSE_INDIA_OFFICIAL,https://www.bseindia.com/indices/IndexArchiveData/,2026-07-17T15:24:01,BSE_PRICE_INDEX
BSE_SMALLCAP,BSE SmallCap,2019-01-10,14628.24,,BSE_INDIA_OFFICIAL,https://www.bseindia.com/indices/IndexArchiveData/,2026-07-17T15:24:01,BSE_PRICE_INDEX
BSE_SMALLCAP,BSE SmallCap,2019-01-11,14600.37,,BSE_INDIA_OFFICIAL,https://www.bseindia.com/indices/IndexArchiveData/,2026-07-17T15:24:01,BSE_PRICE_INDEX
BSE_SMALLCAP,BSE SmallCap,2019-01-14,14536.14,,BSE_INDIA_OFFICIAL,https://www.bseindia.com/indices/IndexArchiveData/,2026-07-17T15:24:01,BSE_PRICE_INDEX
BSE_SMALLCAP,BSE SmallCap,2019-01-15,14638.42,,BSE_INDIA_OFFICIAL,https://www.bseindia.com/indices/IndexArchiveData/,2026-07-17T15:24:01,BSE_PRICE_INDEX
BSE_SMALLCAP,BSE SmallCap,2019-01-16,14659.61,,BSE_INDIA_OFFICIAL,https://www.bseindia.com/indices/IndexArchiveData/,2026-07-17T15:24:01,BSE_PRICE_INDEX
BSE_SMALLCAP,BSE SmallCap,2019-01-17,14611.52,,BSE_INDIA_OFFICIAL,https://www.bseindia.com/indices/IndexArchiveData/,2026-07-17T15:24:01,BSE_PRICE_INDEX
BSE_SMALLCAP,BSE SmallCap,2019-01-18,14504.60,,BSE_INDIA_OFFICIAL,https://www.bseindia.com/indices/IndexArchiveData/,2026-07-17T15:24:01,BSE_PRICE_INDEX
BSE_SMALLCAP,BSE SmallCap,2019-01-21,14402.55,,BSE_INDIA_OFFICIAL,https://www.bseindia.com/indices/IndexArchiveData/,2026-07-17T15:24:01,BSE_PRICE_INDEX
BSE_SMALLCAP,BSE SmallCap,2019-01-22,14331.68,,BSE_INDIA_OFFICIAL,https://www.bseindia.com/indices/IndexArchiveData/,2026-07-17T15:24:01,BSE_PRICE_INDEX
BSE_SMALLCAP,BSE SmallCap,2019-01-23,14309.25,,BSE_INDIA_OFFICIAL,https://www.bseindia.com/indices/IndexArchiveData/,2026-07-17T15:24:01,BSE_PRICE_INDEX
BSE_SMALLCAP,BSE SmallCap,2019-01-24,14225.39,,BSE_INDIA_OFFICIAL,https://www.bseindia.com/indices/IndexArchiveData/,2026-07-17T15:24:01,BSE_PRICE_INDEX
BSE_SMALLCAP,BSE SmallCap,2019-01-25,14000.20,,BSE_INDIA_OFFICIAL,https://www.bseindia.com/indices/IndexArchiveData/,2026-07-17T15:24:01,BSE_PRICE_INDEX
BSE_SMALLCAP,BSE SmallCap,2019-01-28,13721.54,,BSE_INDIA_OFFICIAL,https://www.bseindia.com/indices/IndexArchiveData/,2026-07-17T15:24:01,BSE_PRICE_INDEX
BSE_SMALLCAP,BSE SmallCap,2019-01-29,13707.83,,BSE_INDIA_OFFICIAL,https://www.bseindia.com/indices/IndexArchiveData/,2026-07-17T15:24:01,BSE_PRICE_INDEX
BSE_SMALLCAP,BSE SmallCap,2019-01-30,13815.39,,BSE_INDIA_OFFICIAL,https://www.bseindia.com/indices/IndexArchiveData/,2026-07-17T15:24:01,BSE_PRICE_INDEX
BSE_SMALLCAP,BSE SmallCap,2019-01-31,13926.22,,BSE_INDIA_OFFICIAL,https://www.bseindia.com/indices/IndexArchiveData/,2026-07-17T15:24:01,BSE_PRICE_INDEX
BSE_SMALLCAP,BSE SmallCap,2019-02-01,13950.45,,BSE_INDIA_OFFICIAL,https://www.bseindia.com/indices/IndexArchiveData/,2026-07-17T15:24:01,BSE_PRICE_INDEX
BSE_SMALLCAP,BSE SmallCap,2019-02-04,13787.76,,BSE_INDIA_OFFICIAL,https://www.bseindia.com/indices/IndexArchiveData/,2026-07-17T15:24:01,BSE_PRICE_INDEX
BSE_SMALLCAP,BSE SmallCap,2019-02-05,13661.71,,BSE_INDIA_OFFICIAL,https://www.bseindia.com/indices/IndexArchiveData/,2026-07-17T15:24:01,BSE_PRICE_INDEX
BSE_SMALLCAP,BSE SmallCap,2019-02-06,13668.01,,BSE_INDIA_OFFICIAL,https://www.bseindia.com/indices/IndexArchiveData/,2026-07-17T15:24:01,BSE_PRICE_INDEX
BSE_SMALLCAP,BSE SmallCap,2019-02-07,13778.76,,BSE_INDIA_OFFICIAL,https://www.bseindia.com/indices/IndexArchiveData/,2026-07-17T15:24:01,BSE_PRICE_INDEX
BSE_SMALLCAP,BSE SmallCap,2019-02-08,13656.75,,BSE_INDIA_OFFICIAL,https://www.bseindia.com/indices/IndexArchiveData/,2026-07-17T15:24:01,BSE_PRICE_INDEX
BSE_SMALLCAP,BSE SmallCap,2019-02-11,13450.47,,BSE_INDIA_OFFICIAL,https://www.bseindia.com/indices/IndexArchiveData/,2026-07-17T15:24:01,BSE_PRICE_INDEX
BSE_SMALLCAP,BSE SmallCap,2019-02-12,13392.21,,BSE_INDIA_OFFICIAL,https://www.bseindia.com/indices/IndexArchiveData/,2026-07-17T15:24:01,BSE_PRICE_INDEX
BSE_SMALLCAP,BSE SmallCap,2019-02-13,13340.96,,BSE_INDIA_OFFICIAL,https://www.bseindia.com/indices/IndexArchiveData/,2026-07-17T15:24:01,BSE_PRICE_INDEX
BSE_SMALLCAP,BSE SmallCap,2019-02-14,13363.99,,BSE_INDIA_OFFICIAL,https://www.bseindia.com/indices/IndexArchiveData/,2026-07-17T15:24:01,BSE_PRICE_INDEX
BSE_SMALLCAP,BSE SmallCap,2019-02-15,13252.81,,BSE_INDIA_OFFICIAL,https://www.bseindia.com/indices/IndexArchiveData/,2026-07-17T15:24:01,BSE_PRICE_INDEX
BSE_SMALLCAP,BSE SmallCap,2019-02-18,13118.58,,BSE_INDIA_OFFICIAL,https://www.bseindia.com/indices/IndexArchiveData/,2026-07-17T15:24:01,BSE_PRICE_INDEX
BSE_SMALLCAP,BSE SmallCap,2019-02-19,13161.74,,BSE_INDIA_OFFICIAL,https://www.bseindia.com/indices/IndexArchiveData/,2026-07-17T15:24:01,BSE_PRICE_INDEX
BSE_SMALLCAP,BSE SmallCap,2019-02-20,13272.40,,BSE_INDIA_OFFICIAL,https://www.bseindia.com/indices/IndexArchiveData/,2026-07-17T15:24:01,BSE_PRICE_INDEX
BSE_SMALLCAP,BSE SmallCap,2019-02-21,13414.17,,BSE_INDIA_OFFICIAL,https://www.bseindia.com/indices/IndexArchiveData/,2026-07-17T15:24:01,BSE_PRICE_INDEX
BSE_SMALLCAP,BSE SmallCap,2019-02-22,13517.71,,BSE_INDIA_OFFICIAL,https://www.bseindia.com/indices/IndexArchiveData/,2026-07-17T15:24:01,BSE_PRICE_INDEX
BSE_SMALLCAP,BSE SmallCap,2019-02-25,13618.00,,BSE_INDIA_OFFICIAL,https://www.bseindia.com/indices/IndexArchiveData/,2026-07-17T15:24:01,BSE_PRICE_INDEX
BSE_SMALLCAP,BSE SmallCap,2019-02-26,13550.26,,BSE_INDIA_OFFICIAL,https://www.bseindia.com/indices/IndexArchiveData/,2026-07-17T15:24:01,BSE_PRICE_INDEX
BSE_SMALLCAP,BSE SmallCap,2019-02-27,13573.39,,BSE_INDIA_OFFICIAL,https://www.bseindia.com/indices/IndexArchiveData/,2026-07-17T15:24:01,BSE_PRICE_INDEX
BSE_SMALLCAP,BSE SmallCap,2019-02-28,13689.84,,BSE_INDIA_OFFICIAL,https://www.bseindia.com/indices/IndexArchiveData/,2026-07-17T15:24:01,BSE_PRICE_INDEX
BSE_SMALLCAP,BSE SmallCap,2019-03-01,13981.73,,BSE_INDIA_OFFICIAL,https://www.bseindia.com/indices/IndexArchiveData/,2026-07-17T15:24:01,BSE_PRICE_INDEX
BSE_SMALLCAP,BSE SmallCap,2019-03-05,14416.91,,BSE_INDIA_OFFICIAL,https://www.bseindia.com/indices/IndexArchiveData/,2026-07-17T15:24:01,BSE_PRICE_INDEX
BSE_SMALLCAP,BSE SmallCap,2019-03-06,14556.67,,BSE_INDIA_OFFICIAL,https://www.bseindia.com/indices/IndexArchiveData/,2026-07-17T15:24:01,BSE_PRICE_INDEX
BSE_SMALLCAP,BSE SmallCap,2019-03-07,14540.21,,BSE_INDIA_OFFICIAL,https://www.bseindia.com/indices/IndexArchiveData/,2026-07-17T15:24:01,BSE_PRICE_INDEX
BSE_SMALLCAP,BSE SmallCap,2019-03-08,14529.06,,BSE_INDIA_OFFICIAL,https://www.bseindia.com/indices/IndexArchiveData/,2026-07-17T15:24:01,BSE_PRICE_INDEX
BSE_SMALLCAP,BSE SmallCap,2019-03-11,14762.67,,BSE_INDIA_OFFICIAL,https://www.bseindia.com/indices/IndexArchiveData/,2026-07-17T15:24:01,BSE_PRICE_INDEX
BSE_SMALLCAP,BSE SmallCap,2019-03-12,14920.50,,BSE_INDIA_OFFICIAL,https://www.bseindia.com/indices/IndexArchiveData/,2026-07-17T15:24:01,BSE_PRICE_INDEX
BSE_SMALLCAP,BSE SmallCap,2019-03-13,14874.69,,BSE_INDIA_OFFICIAL,https://www.bseindia.com/indices/IndexArchiveData/,2026-07-17T15:24:01,BSE_PRICE_INDEX
BSE_SMALLCAP,BSE SmallCap,2019-03-14,14887.80,,BSE_INDIA_OFFICIAL,https://www.bseindia.com/indices/IndexArchiveData/,2026-07-17T15:24:01,BSE_PRICE_INDEX
BSE_SMALLCAP,BSE SmallCap,2019-03-15,14837.18,,BSE_INDIA_OFFICIAL,https://www.bseindia.com/indices/IndexArchiveData/,2026-07-17T15:24:01,BSE_PRICE_INDEX
BSE_SMALLCAP,BSE SmallCap,2019-03-18,14818.19,,BSE_INDIA_OFFICIAL,https://www.bseindia.com/indices/IndexArchiveData/,2026-07-17T15:24:01,BSE_PRICE_INDEX
BSE_SMALLCAP,BSE SmallCap,2019-03-19,14873.36,,BSE_INDIA_OFFICIAL,https://www.bseindia.com/indices/IndexArchiveData/,2026-07-17T15:24:01,BSE_PRICE_INDEX
BSE_SMALLCAP,BSE SmallCap,2019-03-20,14824.47,,BSE_INDIA_OFFICIAL,https://www.bseindia.com/indices/IndexArchiveData/,2026-07-17T15:24:01,BSE_PRICE_INDEX
BSE_SMALLCAP,BSE SmallCap,2019-03-22,14758.80,,BSE_INDIA_OFFICIAL,https://www.bseindia.com/indices/IndexArchiveData/,2026-07-17T15:24:01,BSE_PRICE_INDEX
BSE_SMALLCAP,BSE SmallCap,2019-03-25,14587.79,,BSE_INDIA_OFFICIAL,https://www.bseindia.com/indices/IndexArchiveData/,2026-07-17T15:24:01,BSE_PRICE_INDEX
BSE_SMALLCAP,BSE SmallCap,2019-03-26,14683.64,,BSE_INDIA_OFFICIAL,https://www.bseindia.com/indices/IndexArchiveData/,2026-07-17T15:24:01,BSE_PRICE_INDEX
BSE_SMALLCAP,BSE SmallCap,2019-03-27,14778.26,,BSE_INDIA_OFFICIAL,https://www.bseindia.com/indices/IndexArchiveData/,2026-07-17T15:24:01,BSE_PRICE_INDEX
BSE_SMALLCAP,BSE SmallCap,2019-03-28,14918.29,,BSE_INDIA_OFFICIAL,https://www.bseindia.com/indices/IndexArchiveData/,2026-07-17T15:24:01,BSE_PRICE_INDEX
BSE_SMALLCAP,BSE SmallCap,2019-03-29,15027.36,,BSE_INDIA_OFFICIAL,https://www.bseindia.com/indices/IndexArchiveData/,2026-07-17T15:24:01,BSE_PRICE_INDEX
BSE_SMALLCAP,BSE SmallCap,2019-04-01,15144.40,,BSE_INDIA_OFFICIAL,https://www.bseindia.com/indices/IndexArchiveData/,2026-07-17T15:24:01,BSE_PRICE_INDEX
BSE_SMALLCAP,BSE SmallCap,2019-04-02,15116.84,,BSE_INDIA_OFFICIAL,https://www.bseindia.com/indices/IndexArchiveData/,2026-07-17T15:24:01,BSE_PRICE_INDEX
BSE_SMALLCAP,BSE SmallCap,2019-04-03,14985.55,,BSE_INDIA_OFFICIAL,https://www.bseindia.com/indices/IndexArchiveData/,2026-07-17T15:24:01,BSE_PRICE_INDEX
BSE_SMALLCAP,BSE SmallCap,2019-04-04,14938.26,,BSE_INDIA_OFFICIAL,https://www.bseindia.com/indices/IndexArchiveData/,2026-07-17T15:24:01,BSE_PRICE_INDEX
BSE_SMALLCAP,BSE SmallCap,2019-04-05,15045.87,,BSE_INDIA_OFFICIAL,https://www.bseindia.com/indices/IndexArchiveData/,2026-07-17T15:24:01,BSE_PRICE_INDEX
BSE_SMALLCAP,BSE SmallCap,2019-04-08,14986.73,,BSE_INDIA_OFFICIAL,https://www.bseindia.com/indices/IndexArchiveData/,2026-07-17T15:24:01,BSE_PRICE_INDEX
BSE_SMALLCAP,BSE SmallCap,2019-04-09,14971.59,,BSE_INDIA_OFFICIAL,https://www.bseindia.com/indices/IndexArchiveData/,2026-07-17T15:24:01,BSE_PRICE_INDEX
BSE_SMALLCAP,BSE SmallCap,2019-04-10,14968.96,,BSE_INDIA_OFFICIAL,https://www.bseindia.com/indices/IndexArchiveData/,2026-07-17T15:24:01,BSE_PRICE_INDEX
BSE_SMALLCAP,BSE SmallCap,2019-04-11,14966.50,,BSE_INDIA_OFFICIAL,https://www.bseindia.com/indices/IndexArchiveData/,2026-07-17T15:24:01,BSE_PRICE_INDEX
BSE_SMALLCAP,BSE SmallCap,2019-04-12,15022.18,,BSE_INDIA_OFFICIAL,https://www.bseindia.com/indices/IndexArchiveData/,2026-07-17T15:24:01,BSE_PRICE_INDEX
BSE_SMALLCAP,BSE SmallCap,2019-04-15,15115.20,,BSE_INDIA_OFFICIAL,https://www.bseindia.com/indices/IndexArchiveData/,2026-07-17T15:24:01,BSE_PRICE_INDEX
BSE_SMALLCAP,BSE SmallCap,2019-04-16,15171.71,,BSE_INDIA_OFFICIAL,https://www.bseindia.com/indices/IndexArchiveData/,2026-07-17T15:24:01,BSE_PRICE_INDEX
BSE_SMALLCAP,BSE SmallCap,2019-04-18,15021.20,,BSE_INDIA_OFFICIAL,https://www.bseindia.com/indices/IndexArchiveData/,2026-07-17T15:24:01,BSE_PRICE_INDEX
BSE_SMALLCAP,BSE SmallCap,2019-04-22,14804.27,,BSE_INDIA_OFFICIAL,https://www.bseindia.com/indices/IndexArchiveData/,2026-07-17T15:24:01,BSE_PRICE_INDEX
BSE_SMALLCAP,BSE SmallCap,2019-04-23,14785.28,,BSE_INDIA_OFFICIAL,https://www.bseindia.com/indices/IndexArchiveData/,2026-07-17T15:24:01,BSE_PRICE_INDEX
BSE_SMALLCAP,BSE SmallCap,2019-04-24,14846.65,,BSE_INDIA_OFFICIAL,https://www.bseindia.com/indices/IndexArchiveData/,2026-07-17T15:24:01,BSE_PRICE_INDEX
BSE_SMALLCAP,BSE SmallCap,2019-04-25,14838.86,,BSE_INDIA_OFFICIAL,https://www.bseindia.com/indices/IndexArchiveData/,2026-07-17T15:24:01,BSE_PRICE_INDEX
BSE_SMALLCAP,BSE SmallCap,2019-04-26,14813.38,,BSE_INDIA_OFFICIAL,https://www.bseindia.com/indices/IndexArchiveData/,2026-07-17T15:24:01,BSE_PRICE_INDEX
BSE_SMALLCAP,BSE SmallCap,2019-04-30,14624.56,,BSE_INDIA_OFFICIAL,https://www.bseindia.com/indices/IndexArchiveData/,2026-07-17T15:24:01,BSE_PRICE_INDEX
BSE_SMALLCAP,BSE SmallCap,2019-05-02,14593.13,,BSE_INDIA_OFFICIAL,https://www.bseindia.com/indices/IndexArchiveData/,2026-07-17T15:24:01,BSE_PRICE_INDEX
BSE_SMALLCAP,BSE SmallCap,2019-05-03,14548.15,,BSE_INDIA_OFFICIAL,https://www.bseindia.com/indices/IndexArchiveData/,2026-07-17T15:24:01,BSE_PRICE_INDEX
BSE_SMALLCAP,BSE SmallCap,2019-05-06,14424.03,,BSE_INDIA_OFFICIAL,https://www.bseindia.com/indices/IndexArchiveData/,2026-07-17T15:24:01,BSE_PRICE_INDEX
BSE_SMALLCAP,BSE SmallCap,2019-05-07,14301.81,,BSE_INDIA_OFFICIAL,https://www.bseindia.com/indices/IndexArchiveData/,2026-07-17T15:24:01,BSE_PRICE_INDEX
BSE_SMALLCAP,BSE SmallCap,2019-05-08,14129.34,,BSE_INDIA_OFFICIAL,https://www.bseindia.com/indices/IndexArchiveData/,2026-07-17T15:24:01,BSE_PRICE_INDEX
BSE_SMALLCAP,BSE SmallCap,2019-05-09,14076.33,,BSE_INDIA_OFFICIAL,https://www.bseindia.com/indices/IndexArchiveData/,2026-07-17T15:24:01,BSE_PRICE_INDEX
BSE_SMALLCAP,BSE SmallCap,2019-05-10,14105.73,,BSE_INDIA_OFFICIAL,https://www.bseindia.com/indices/IndexArchiveData/,2026-07-17T15:24:01,BSE_PRICE_INDEX
BSE_SMALLCAP,BSE SmallCap,2019-05-13,13802.06,,BSE_INDIA_OFFICIAL,https://www.bseindia.com/indices/IndexArchiveData/,2026-07-17T15:24:01,BSE_PRICE_INDEX
BSE_SMALLCAP,BSE SmallCap,2019-05-14,13843.59,,BSE_INDIA_OFFICIAL,https://www.bseindia.com/indices/IndexArchiveData/,2026-07-17T15:24:01,BSE_PRICE_INDEX
BSE_SMALLCAP,BSE SmallCap,2019-05-15,13781.73,,BSE_INDIA_OFFICIAL,https://www.bseindia.com/indices/IndexArchiveData/,2026-07-17T15:24:01,BSE_PRICE_INDEX
BSE_SMALLCAP,BSE SmallCap,2019-05-16,13816.72,,BSE_INDIA_OFFICIAL,https://www.bseindia.com/indices/IndexArchiveData/,2026-07-17T15:24:01,BSE_PRICE_INDEX
BSE_SMALLCAP,BSE SmallCap,2019-05-17,13887.14,,BSE_INDIA_OFFICIAL,https://www.bseindia.com/indices/IndexArchiveData/,2026-07-17T15:24:01,BSE_PRICE_INDEX
BSE_SMALLCAP,BSE SmallCap,2019-05-20,14380.51,,BSE_INDIA_OFFICIAL,https://www.bseindia.com/indices/IndexArchiveData/,2026-07-17T15:24:01,BSE_PRICE_INDEX
BSE_SMALLCAP,BSE SmallCap,2019-05-21,14292.55,,BSE_INDIA_OFFICIAL,https://www.bseindia.com/indices/IndexArchiveData/,2026-07-17T15:24:01,BSE_PRICE_INDEX
BSE_SMALLCAP,BSE SmallCap,2019-05-22,14369.26,,BSE_INDIA_OFFICIAL,https://www.bseindia.com/indices/IndexArchiveData/,2026-07-17T15:24:01,BSE_PRICE_INDEX
BSE_SMALLCAP,BSE SmallCap,2019-05-23,14352.93,,BSE_INDIA_OFFICIAL,https://www.bseindia.com/indices/IndexArchiveData/,2026-07-17T15:24:01,BSE_PRICE_INDEX
BSE_SMALLCAP,BSE SmallCap,2019-05-24,14699.56,,BSE_INDIA_OFFICIAL,https://www.bseindia.com/indices/IndexArchiveData/,2026-07-17T15:24:01,BSE_PRICE_INDEX
BSE_SMALLCAP,BSE SmallCap,2019-05-27,14959.17,,BSE_INDIA_OFFICIAL,https://www.bseindia.com/indices/IndexArchiveData/,2026-07-17T15:24:01,BSE_PRICE_INDEX
BSE_SMALLCAP,BSE SmallCap,2019-05-28,15019.99,,BSE_INDIA_OFFICIAL,https://www.bseindia.com/indices/IndexArchiveData/,2026-07-17T15:24:01,BSE_PRICE_INDEX
BSE_SMALLCAP,BSE SmallCap,2019-05-29,14934.25,,BSE_INDIA_OFFICIAL,https://www.bseindia.com/indices/IndexArchiveData/,2026-07-17T15:24:01,BSE_PRICE_INDEX
BSE_SMALLCAP,BSE SmallCap,2019-05-30,14964.15,,BSE_INDIA_OFFICIAL,https://www.bseindia.com/indices/IndexArchiveData/,2026-07-17T15:24:01,BSE_PRICE_INDEX
BSE_SMALLCAP,BSE SmallCap,2019-05-31,14867.04,,BSE_INDIA_OFFICIAL,https://www.bseindia.com/indices/IndexArchiveData/,2026-07-17T15:24:01,BSE_PRICE_INDEX
BSE_SMALLCAP,BSE SmallCap,2019-06-03,14938.42,,BSE_INDIA_OFFICIAL,https://www.bseindia.com/indices/IndexArchiveData/,2026-07-17T15:24:01,BSE_PRICE_INDEX
BSE_SMALLCAP,BSE SmallCap,2019-06-04,14910.56,,BSE_INDIA_OFFICIAL,https://www.bseindia.com/indices/IndexArchiveData/,2026-07-17T15:24:01,BSE_PRICE_INDEX
BSE_SMALLCAP,BSE SmallCap,2019-06-06,14672.69,,BSE_INDIA_OFFICIAL,https://www.bseindia.com/indices/IndexArchiveData/,2026-07-17T15:24:01,BSE_PRICE_INDEX
BSE_SMALLCAP,BSE SmallCap,2019-06-07,14657.09,,BSE_INDIA_OFFICIAL,https://www.bseindia.com/indices/IndexArchiveData/,2026-07-17T15:24:01,BSE_PRICE_INDEX
BSE_SMALLCAP,BSE SmallCap,2019-06-10,14584.59,,BSE_INDIA_OFFICIAL,https://www.bseindia.com/indices/IndexArchiveData/,2026-07-17T15:24:01,BSE_PRICE_INDEX
BSE_SMALLCAP,BSE SmallCap,2019-06-11,14618.97,,BSE_INDIA_OFFICIAL,https://www.bseindia.com/indices/IndexArchiveData/,2026-07-17T15:24:01,BSE_PRICE_INDEX
BSE_SMALLCAP,BSE SmallCap,2019-06-12,14548.72,,BSE_INDIA_OFFICIAL,https://www.bseindia.com/indices/IndexArchiveData/,2026-07-17T15:24:01,BSE_PRICE_INDEX
BSE_SMALLCAP,BSE SmallCap,2019-06-13,14476.38,,BSE_INDIA_OFFICIAL,https://www.bseindia.com/indices/IndexArchiveData/,2026-07-17T15:24:01,BSE_PRICE_INDEX
BSE_SMALLCAP,BSE SmallCap,2019-06-14,14365.93,,BSE_INDIA_OFFICIAL,https://www.bseindia.com/indices/IndexArchiveData/,2026-07-17T15:24:01,BSE_PRICE_INDEX
BSE_SMALLCAP,BSE SmallCap,2019-06-17,14172.68,,BSE_INDIA_OFFICIAL,https://www.bseindia.com/indices/IndexArchiveData/,2026-07-17T15:24:01,BSE_PRICE_INDEX
BSE_SMALLCAP,BSE SmallCap,2019-06-18,14112.78,,BSE_INDIA_OFFICIAL,https://www.bseindia.com/indices/IndexArchiveData/,2026-07-17T15:24:01,BSE_PRICE_INDEX
BSE_SMALLCAP,BSE SmallCap,2019-06-19,13919.11,,BSE_INDIA_OFFICIAL,https://www.bseindia.com/indices/IndexArchiveData/,2026-07-17T15:24:01,BSE_PRICE_INDEX
BSE_SMALLCAP,BSE SmallCap,2019-06-20,14064.86,,BSE_INDIA_OFFICIAL,https://www.bseindia.com/indices/IndexArchiveData/,2026-07-17T15:24:01,BSE_PRICE_INDEX
BSE_SMALLCAP,BSE SmallCap,2019-06-21,14084.24,,BSE_INDIA_OFFICIAL,https://www.bseindia.com/indices/IndexArchiveData/,2026-07-17T15:24:01,BSE_PRICE_INDEX
BSE_SMALLCAP,BSE SmallCap,2019-06-24,14063.45,,BSE_INDIA_OFFICIAL,https://www.bseindia.com/indices/IndexArchiveData/,2026-07-17T15:24:01,BSE_PRICE_INDEX
BSE_SMALLCAP,BSE SmallCap,2019-06-25,14108.49,,BSE_INDIA_OFFICIAL,https://www.bseindia.com/indices/IndexArchiveData/,2026-07-17T15:24:01,BSE_PRICE_INDEX
BSE_SMALLCAP,BSE SmallCap,2019-06-26,14174.83,,BSE_INDIA_OFFICIAL,https://www.bseindia.com/indices/IndexArchiveData/,2026-07-17T15:24:01,BSE_PRICE_INDEX
BSE_SMALLCAP,BSE SmallCap,2019-06-27,14249.41,,BSE_INDIA_OFFICIAL,https://www.bseindia.com/indices/IndexArchiveData/,2026-07-17T15:24:01,BSE_PRICE_INDEX
BSE_SMALLCAP,BSE SmallCap,2019-06-28,14239.33,,BSE_INDIA_OFFICIAL,https://www.bseindia.com/indices/IndexArchiveData/,2026-07-17T15:24:01,BSE_PRICE_INDEX
BSE_SMALLCAP,BSE SmallCap,2019-07-01,14282.61,,BSE_INDIA_OFFICIAL,https://www.bseindia.com/indices/IndexArchiveData/,2026-07-17T15:24:01,BSE_PRICE_INDEX
BSE_SMALLCAP,BSE SmallCap,2019-07-02,14283.13,,BSE_INDIA_OFFICIAL,https://www.bseindia.com/indices/IndexArchiveData/,2026-07-17T15:24:01,BSE_PRICE_INDEX
BSE_SMALLCAP,BSE SmallCap,2019-07-03,14320.04,,BSE_INDIA_OFFICIAL,https://www.bseindia.com/indices/IndexArchiveData/,2026-07-17T15:24:01,BSE_PRICE_INDEX
BSE_SMALLCAP,BSE SmallCap,2019-07-04,14337.04,,BSE_INDIA_OFFICIAL,https://www.bseindia.com/indices/IndexArchiveData/,2026-07-17T15:24:01,BSE_PRICE_INDEX
BSE_SMALLCAP,BSE SmallCap,2019-07-05,14141.83,,BSE_INDIA_OFFICIAL,https://www.bseindia.com/indices/IndexArchiveData/,2026-07-17T15:24:01,BSE_PRICE_INDEX
BSE_SMALLCAP,BSE SmallCap,2019-07-08,13794.53,,BSE_INDIA_OFFICIAL,https://www.bseindia.com/indices/IndexArchiveData/,2026-07-17T15:24:01,BSE_PRICE_INDEX
BSE_SMALLCAP,BSE SmallCap,2019-07-09,13802.11,,BSE_INDIA_OFFICIAL,https://www.bseindia.com/indices/IndexArchiveData/,2026-07-17T15:24:01,BSE_PRICE_INDEX
BSE_SMALLCAP,BSE SmallCap,2019-07-10,13698.90,,BSE_INDIA_OFFICIAL,https://www.bseindia.com/indices/IndexArchiveData/,2026-07-17T15:24:01,BSE_PRICE_INDEX
BSE_SMALLCAP,BSE SmallCap,2019-07-11,13754.89,,BSE_INDIA_OFFICIAL,https://www.bseindia.com/indices/IndexArchiveData/,2026-07-17T15:24:01,BSE_PRICE_INDEX
BSE_SMALLCAP,BSE SmallCap,2019-07-12,13776.58,,BSE_INDIA_OFFICIAL,https://www.bseindia.com/indices/IndexArchiveData/,2026-07-17T15:24:01,BSE_PRICE_INDEX
BSE_SMALLCAP,BSE SmallCap,2019-07-15,13689.10,,BSE_INDIA_OFFICIAL,https://www.bseindia.com/indices/IndexArchiveData/,2026-07-17T15:24:01,BSE_PRICE_INDEX
BSE_SMALLCAP,BSE SmallCap,2019-07-16,13726.54,,BSE_INDIA_OFFICIAL,https://www.bseindia.com/indices/IndexArchiveData/,2026-07-17T15:24:01,BSE_PRICE_INDEX
BSE_SMALLCAP,BSE SmallCap,2019-07-17,13716.33,,BSE_INDIA_OFFICIAL,https://www.bseindia.com/indices/IndexArchiveData/,2026-07-17T15:24:01,BSE_PRICE_INDEX
BSE_SMALLCAP,BSE SmallCap,2019-07-18,13558.03,,BSE_INDIA_OFFICIAL,https://www.bseindia.com/indices/IndexArchiveData/,2026-07-17T15:24:01,BSE_PRICE_INDEX
BSE_SMALLCAP,BSE SmallCap,2019-07-19,13310.35,,BSE_INDIA_OFFICIAL,https://www.bseindia.com/indices/IndexArchiveData/,2026-07-17T15:24:01,BSE_PRICE_INDEX
BSE_SMALLCAP,BSE SmallCap,2019-07-22,13156.82,,BSE_INDIA_OFFICIAL,https://www.bseindia.com/indices/IndexArchiveData/,2026-07-17T15:24:01,BSE_PRICE_INDEX
BSE_SMALLCAP,BSE SmallCap,2019-07-23,13206.23,,BSE_INDIA_OFFICIAL,https://www.bseindia.com/indices/IndexArchiveData/,2026-07-17T15:24:01,BSE_PRICE_INDEX
BSE_SMALLCAP,BSE SmallCap,2019-07-24,13043.57,,BSE_INDIA_OFFICIAL,https://www.bseindia.com/indices/IndexArchiveData/,2026-07-17T15:24:01,BSE_PRICE_INDEX
BSE_SMALLCAP,BSE SmallCap,2019-07-25,13031.35,,BSE_INDIA_OFFICIAL,https://www.bseindia.com/indices/IndexArchiveData/,2026-07-17T15:24:01,BSE_PRICE_INDEX
BSE_SMALLCAP,BSE SmallCap,2019-07-26,13060.34,,BSE_INDIA_OFFICIAL,https://www.bseindia.com/indices/IndexArchiveData/,2026-07-17T15:24:01,BSE_PRICE_INDEX
BSE_SMALLCAP,BSE SmallCap,2019-07-29,12925.70,,BSE_INDIA_OFFICIAL,https://www.bseindia.com/indices/IndexArchiveData/,2026-07-17T15:24:01,BSE_PRICE_INDEX
BSE_SMALLCAP,BSE SmallCap,2019-07-30,12649.74,,BSE_INDIA_OFFICIAL,https://www.bseindia.com/indices/IndexArchiveData/,2026-07-17T15:24:01,BSE_PRICE_INDEX
BSE_SMALLCAP,BSE SmallCap,2019-07-31,12692.18,,BSE_INDIA_OFFICIAL,https://www.bseindia.com/indices/IndexArchiveData/,2026-07-17T15:24:01,BSE_PRICE_INDEX
BSE_SMALLCAP,BSE SmallCap,2019-08-01,12551.94,,BSE_INDIA_OFFICIAL,https://www.bseindia.com/indices/IndexArchiveData/,2026-07-17T15:24:01,BSE_PRICE_INDEX
BSE_SMALLCAP,BSE SmallCap,2019-08-02,12496.35,,BSE_INDIA_OFFICIAL,https://www.bseindia.com/indices/IndexArchiveData/,2026-07-17T15:24:01,BSE_PRICE_INDEX
BSE_SMALLCAP,BSE SmallCap,2019-08-05,12284.63,,BSE_INDIA_OFFICIAL,https://www.bseindia.com/indices/IndexArchiveData/,2026-07-17T15:24:01,BSE_PRICE_INDEX
BSE_SMALLCAP,BSE SmallCap,2019-08-06,12495.37,,BSE_INDIA_OFFICIAL,https://www.bseindia.com/indices/IndexArchiveData/,2026-07-17T15:24:01,BSE_PRICE_INDEX
BSE_SMALLCAP,BSE SmallCap,2019-08-07,12481.82,,BSE_INDIA_OFFICIAL,https://www.bseindia.com/indices/IndexArchiveData/,2026-07-17T15:24:01,BSE_PRICE_INDEX
BSE_SMALLCAP,BSE SmallCap,2019-08-08,12574.25,,BSE_INDIA_OFFICIAL,https://www.bseindia.com/indices/IndexArchiveData/,2026-07-17T15:24:01,BSE_PRICE_INDEX
BSE_SMALLCAP,BSE SmallCap,2019-08-09,12699.50,,BSE_INDIA_OFFICIAL,https://www.bseindia.com/indices/IndexArchiveData/,2026-07-17T15:24:01,BSE_PRICE_INDEX
BSE_SMALLCAP,BSE SmallCap,2019-08-13,12519.43,,BSE_INDIA_OFFICIAL,https://www.bseindia.com/indices/IndexArchiveData/,2026-07-17T15:24:01,BSE_PRICE_INDEX
BSE_SMALLCAP,BSE SmallCap,2019-08-14,12570.17,,BSE_INDIA_OFFICIAL,https://www.bseindia.com/indices/IndexArchiveData/,2026-07-17T15:24:01,BSE_PRICE_INDEX
BSE_SMALLCAP,BSE SmallCap,2019-08-16,12584.59,,BSE_INDIA_OFFICIAL,https://www.bseindia.com/indices/IndexArchiveData/,2026-07-17T15:24:01,BSE_PRICE_INDEX
BSE_SMALLCAP,BSE SmallCap,2019-08-19,12649.16,,BSE_INDIA_OFFICIAL,https://www.bseindia.com/indices/IndexArchiveData/,2026-07-17T15:24:01,BSE_PRICE_INDEX
BSE_SMALLCAP,BSE SmallCap,2019-08-20,12570.32,,BSE_INDIA_OFFICIAL,https://www.bseindia.com/indices/IndexArchiveData/,2026-07-17T15:24:01,BSE_PRICE_INDEX
BSE_SMALLCAP,BSE SmallCap,2019-08-21,12390.32,,BSE_INDIA_OFFICIAL,https://www.bseindia.com/indices/IndexArchiveData/,2026-07-17T15:24:01,BSE_PRICE_INDEX
BSE_SMALLCAP,BSE SmallCap,2019-08-22,12119.43,,BSE_INDIA_OFFICIAL,https://www.bseindia.com/indices/IndexArchiveData/,2026-07-17T15:24:01,BSE_PRICE_INDEX
BSE_SMALLCAP,BSE SmallCap,2019-08-23,12186.11,,BSE_INDIA_OFFICIAL,https://www.bseindia.com/indices/IndexArchiveData/,2026-07-17T15:24:01,BSE_PRICE_INDEX
BSE_SMALLCAP,BSE SmallCap,2019-08-26,12387.10,,BSE_INDIA_OFFICIAL,https://www.bseindia.com/indices/IndexArchiveData/,2026-07-17T15:24:01,BSE_PRICE_INDEX
BSE_SMALLCAP,BSE SmallCap,2019-08-27,12588.78,,BSE_INDIA_OFFICIAL,https://www.bseindia.com/indices/IndexArchiveData/,2026-07-17T15:24:01,BSE_PRICE_INDEX
BSE_SMALLCAP,BSE SmallCap,2019-08-28,12508.46,,BSE_INDIA_OFFICIAL,https://www.bseindia.com/indices/IndexArchiveData/,2026-07-17T15:24:01,BSE_PRICE_INDEX
BSE_SMALLCAP,BSE SmallCap,2019-08-29,12430.50,,BSE_INDIA_OFFICIAL,https://www.bseindia.com/indices/IndexArchiveData/,2026-07-17T15:24:01,BSE_PRICE_INDEX
BSE_SMALLCAP,BSE SmallCap,2019-08-30,12534.70,,BSE_INDIA_OFFICIAL,https://www.bseindia.com/indices/IndexArchiveData/,2026-07-17T15:24:01,BSE_PRICE_INDEX
BSE_SMALLCAP,BSE SmallCap,2019-09-03,12369.82,,BSE_INDIA_OFFICIAL,https://www.bseindia.com/indices/IndexArchiveData/,2026-07-17T15:24:01,BSE_PRICE_INDEX
BSE_SMALLCAP,BSE SmallCap,2019-09-04,12405.92,,BSE_INDIA_OFFICIAL,https://www.bseindia.com/indices/IndexArchiveData/,2026-07-17T15:24:01,BSE_PRICE_INDEX
BSE_SMALLCAP,BSE SmallCap,2019-09-05,12495.85,,BSE_INDIA_OFFICIAL,https://www.bseindia.com/indices/IndexArchiveData/,2026-07-17T15:24:01,BSE_PRICE_INDEX
BSE_SMALLCAP,BSE SmallCap,2019-09-06,12594.59,,BSE_INDIA_OFFICIAL,https://www.bseindia.com/indices/IndexArchiveData/,2026-07-17T15:24:01,BSE_PRICE_INDEX
BSE_SMALLCAP,BSE SmallCap,2019-09-09,12709.96,,BSE_INDIA_OFFICIAL,https://www.bseindia.com/indices/IndexArchiveData/,2026-07-17T15:24:01,BSE_PRICE_INDEX
BSE_SMALLCAP,BSE SmallCap,2019-09-11,12891.93,,BSE_INDIA_OFFICIAL,https://www.bseindia.com/indices/IndexArchiveData/,2026-07-17T15:24:01,BSE_PRICE_INDEX
BSE_SMALLCAP,BSE SmallCap,2019-09-12,12907.69,,BSE_INDIA_OFFICIAL,https://www.bseindia.com/indices/IndexArchiveData/,2026-07-17T15:24:01,BSE_PRICE_INDEX
BSE_SMALLCAP,BSE SmallCap,2019-09-13,13013.05,,BSE_INDIA_OFFICIAL,https://www.bseindia.com/indices/IndexArchiveData/,2026-07-17T15:24:01,BSE_PRICE_INDEX
BSE_SMALLCAP,BSE SmallCap,2019-09-16,13096.06,,BSE_INDIA_OFFICIAL,https://www.bseindia.com/indices/IndexArchiveData/,2026-07-17T15:24:01,BSE_PRICE_INDEX
BSE_SMALLCAP,BSE SmallCap,2019-09-17,12855.36,,BSE_INDIA_OFFICIAL,https://www.bseindia.com/indices/IndexArchiveData/,2026-07-17T15:24:01,BSE_PRICE_INDEX
BSE_SMALLCAP,BSE SmallCap,2019-09-18,12894.23,,BSE_INDIA_OFFICIAL,https://www.bseindia.com/indices/IndexArchiveData/,2026-07-17T15:24:01,BSE_PRICE_INDEX
BSE_SMALLCAP,BSE SmallCap,2019-09-19,12703.27,,BSE_INDIA_OFFICIAL,https://www.bseindia.com/indices/IndexArchiveData/,2026-07-17T15:24:01,BSE_PRICE_INDEX
BSE_SMALLCAP,BSE SmallCap,2019-09-20,13204.25,,BSE_INDIA_OFFICIAL,https://www.bseindia.com/indices/IndexArchiveData/,2026-07-17T15:24:01,BSE_PRICE_INDEX
BSE_SMALLCAP,BSE SmallCap,2019-09-23,13564.92,,BSE_INDIA_OFFICIAL,https://www.bseindia.com/indices/IndexArchiveData/,2026-07-17T15:24:01,BSE_PRICE_INDEX
BSE_SMALLCAP,BSE SmallCap,2019-09-24,13588.20,,BSE_INDIA_OFFICIAL,https://www.bseindia.com/indices/IndexArchiveData/,2026-07-17T15:24:01,BSE_PRICE_INDEX
BSE_SMALLCAP,BSE SmallCap,2019-09-25,13383.77,,BSE_INDIA_OFFICIAL,https://www.bseindia.com/indices/IndexArchiveData/,2026-07-17T15:24:01,BSE_PRICE_INDEX
BSE_SMALLCAP,BSE SmallCap,2019-09-26,13440.49,,BSE_INDIA_OFFICIAL,https://www.bseindia.com/indices/IndexArchiveData/,2026-07-17T15:24:01,BSE_PRICE_INDEX
BSE_SMALLCAP,BSE SmallCap,2019-09-27,13331.93,,BSE_INDIA_OFFICIAL,https://www.bseindia.com/indices/IndexArchiveData/,2026-07-17T15:24:01,BSE_PRICE_INDEX
BSE_SMALLCAP,BSE SmallCap,2019-09-30,13170.76,,BSE_INDIA_OFFICIAL,https://www.bseindia.com/indices/IndexArchiveData/,2026-07-17T15:24:01,BSE_PRICE_INDEX
BSE_SMALLCAP,BSE SmallCap,2019-10-01,12958.97,,BSE_INDIA_OFFICIAL,https://www.bseindia.com/indices/IndexArchiveData/,2026-07-17T15:24:01,BSE_PRICE_INDEX
BSE_SMALLCAP,BSE SmallCap,2019-10-03,12910.18,,BSE_INDIA_OFFICIAL,https://www.bseindia.com/indices/IndexArchiveData/,2026-07-17T15:24:01,BSE_PRICE_INDEX
BSE_SMALLCAP,BSE SmallCap,2019-10-04,12808.66,,BSE_INDIA_OFFICIAL,https://www.bseindia.com/indices/IndexArchiveData/,2026-07-17T15:24:01,BSE_PRICE_INDEX
BSE_SMALLCAP,BSE SmallCap,2019-10-07,12713.02,,BSE_INDIA_OFFICIAL,https://www.bseindia.com/indices/IndexArchiveData/,2026-07-17T15:24:01,BSE_PRICE_INDEX
BSE_SMALLCAP,BSE SmallCap,2019-10-09,12796.47,,BSE_INDIA_OFFICIAL,https://www.bseindia.com/indices/IndexArchiveData/,2026-07-17T15:24:01,BSE_PRICE_INDEX
BSE_SMALLCAP,BSE SmallCap,2019-10-10,12723.30,,BSE_INDIA_OFFICIAL,https://www.bseindia.com/indices/IndexArchiveData/,2026-07-17T15:24:01,BSE_PRICE_INDEX
BSE_SMALLCAP,BSE SmallCap,2019-10-11,12772.07,,BSE_INDIA_OFFICIAL,https://www.bseindia.com/indices/IndexArchiveData/,2026-07-17T15:24:01,BSE_PRICE_INDEX
BSE_SMALLCAP,BSE SmallCap,2019-10-14,12787.59,,BSE_INDIA_OFFICIAL,https://www.bseindia.com/indices/IndexArchiveData/,2026-07-17T15:24:01,BSE_PRICE_INDEX
BSE_SMALLCAP,BSE SmallCap,2019-10-15,12773.61,,BSE_INDIA_OFFICIAL,https://www.bseindia.com/indices/IndexArchiveData/,2026-07-17T15:24:01,BSE_PRICE_INDEX
BSE_SMALLCAP,BSE SmallCap,2019-10-16,12799.92,,BSE_INDIA_OFFICIAL,https://www.bseindia.com/indices/IndexArchiveData/,2026-07-17T15:24:01,BSE_PRICE_INDEX
BSE_SMALLCAP,BSE SmallCap,2019-10-17,12914.09,,BSE_INDIA_OFFICIAL,https://www.bseindia.com/indices/IndexArchiveData/,2026-07-17T15:24:01,BSE_PRICE_INDEX
BSE_SMALLCAP,BSE SmallCap,2019-10-18,13126.83,,BSE_INDIA_OFFICIAL,https://www.bseindia.com/indices/IndexArchiveData/,2026-07-17T15:24:01,BSE_PRICE_INDEX
BSE_SMALLCAP,BSE SmallCap,2019-10-22,13190.37,,BSE_INDIA_OFFICIAL,https://www.bseindia.com/indices/IndexArchiveData/,2026-07-17T15:24:01,BSE_PRICE_INDEX
BSE_SMALLCAP,BSE SmallCap,2019-10-23,13223.06,,BSE_INDIA_OFFICIAL,https://www.bseindia.com/indices/IndexArchiveData/,2026-07-17T15:24:01,BSE_PRICE_INDEX
BSE_SMALLCAP,BSE SmallCap,2019-10-24,13204.31,,BSE_INDIA_OFFICIAL,https://www.bseindia.com/indices/IndexArchiveData/,2026-07-17T15:24:01,BSE_PRICE_INDEX
BSE_SMALLCAP,BSE SmallCap,2019-10-25,13153.06,,BSE_INDIA_OFFICIAL,https://www.bseindia.com/indices/IndexArchiveData/,2026-07-17T15:24:01,BSE_PRICE_INDEX
BSE_SMALLCAP,BSE SmallCap,2019-10-27,13310.30,,BSE_INDIA_OFFICIAL,https://www.bseindia.com/indices/IndexArchiveData/,2026-07-17T15:24:01,BSE_PRICE_INDEX
BSE_SMALLCAP,BSE SmallCap,2019-10-29,13383.60,,BSE_INDIA_OFFICIAL,https://www.bseindia.com/indices/IndexArchiveData/,2026-07-17T15:24:01,BSE_PRICE_INDEX
BSE_SMALLCAP,BSE SmallCap,2019-10-30,13431.45,,BSE_INDIA_OFFICIAL,https://www.bseindia.com/indices/IndexArchiveData/,2026-07-17T15:24:01,BSE_PRICE_INDEX
BSE_SMALLCAP,BSE SmallCap,2019-10-31,13558.05,,BSE_INDIA_OFFICIAL,https://www.bseindia.com/indices/IndexArchiveData/,2026-07-17T15:24:01,BSE_PRICE_INDEX
BSE_SMALLCAP,BSE SmallCap,2019-11-01,13600.92,,BSE_INDIA_OFFICIAL,https://www.bseindia.com/indices/IndexArchiveData/,2026-07-17T15:24:01,BSE_PRICE_INDEX
BSE_SMALLCAP,BSE SmallCap,2019-11-04,13630.66,,BSE_INDIA_OFFICIAL,https://www.bseindia.com/indices/IndexArchiveData/,2026-07-17T15:24:01,BSE_PRICE_INDEX
BSE_SMALLCAP,BSE SmallCap,2019-11-05,13522.04,,BSE_INDIA_OFFICIAL,https://www.bseindia.com/indices/IndexArchiveData/,2026-07-17T15:24:01,BSE_PRICE_INDEX
BSE_SMALLCAP,BSE SmallCap,2019-11-06,13473.01,,BSE_INDIA_OFFICIAL,https://www.bseindia.com/indices/IndexArchiveData/,2026-07-17T15:24:01,BSE_PRICE_INDEX
BSE_SMALLCAP,BSE SmallCap,2019-11-07,13546.03,,BSE_INDIA_OFFICIAL,https://www.bseindia.com/indices/IndexArchiveData/,2026-07-17T15:24:01,BSE_PRICE_INDEX
BSE_SMALLCAP,BSE SmallCap,2019-11-08,13474.75,,BSE_INDIA_OFFICIAL,https://www.bseindia.com/indices/IndexArchiveData/,2026-07-17T15:24:01,BSE_PRICE_INDEX
BSE_SMALLCAP,BSE SmallCap,2019-11-11,13497.52,,BSE_INDIA_OFFICIAL,https://www.bseindia.com/indices/IndexArchiveData/,2026-07-17T15:24:01,BSE_PRICE_INDEX
BSE_SMALLCAP,BSE SmallCap,2019-11-13,13344.69,,BSE_INDIA_OFFICIAL,https://www.bseindia.com/indices/IndexArchiveData/,2026-07-17T15:24:01,BSE_PRICE_INDEX
BSE_SMALLCAP,BSE SmallCap,2019-11-14,13343.68,,BSE_INDIA_OFFICIAL,https://www.bseindia.com/indices/IndexArchiveData/,2026-07-17T15:24:01,BSE_PRICE_INDEX
BSE_SMALLCAP,BSE SmallCap,2019-11-15,13326.40,,BSE_INDIA_OFFICIAL,https://www.bseindia.com/indices/IndexArchiveData/,2026-07-17T15:24:01,BSE_PRICE_INDEX
BSE_SMALLCAP,BSE SmallCap,2019-11-18,13362.61,,BSE_INDIA_OFFICIAL,https://www.bseindia.com/indices/IndexArchiveData/,2026-07-17T15:24:01,BSE_PRICE_INDEX
BSE_SMALLCAP,BSE SmallCap,2019-11-19,13404.51,,BSE_INDIA_OFFICIAL,https://www.bseindia.com/indices/IndexArchiveData/,2026-07-17T15:24:01,BSE_PRICE_INDEX
BSE_SMALLCAP,BSE SmallCap,2019-11-20,13414.43,,BSE_INDIA_OFFICIAL,https://www.bseindia.com/indices/IndexArchiveData/,2026-07-17T15:24:01,BSE_PRICE_INDEX
BSE_SMALLCAP,BSE SmallCap,2019-11-21,13357.12,,BSE_INDIA_OFFICIAL,https://www.bseindia.com/indices/IndexArchiveData/,2026-07-17T15:24:01,BSE_PRICE_INDEX
BSE_SMALLCAP,BSE SmallCap,2019-11-22,13353.78,,BSE_INDIA_OFFICIAL,https://www.bseindia.com/indices/IndexArchiveData/,2026-07-17T15:24:01,BSE_PRICE_INDEX
BSE_SMALLCAP,BSE SmallCap,2019-11-25,13462.27,,BSE_INDIA_OFFICIAL,https://www.bseindia.com/indices/IndexArchiveData/,2026-07-17T15:24:01,BSE_PRICE_INDEX
BSE_SMALLCAP,BSE SmallCap,2019-11-26,13411.33,,BSE_INDIA_OFFICIAL,https://www.bseindia.com/indices/IndexArchiveData/,2026-07-17T15:24:01,BSE_PRICE_INDEX
BSE_SMALLCAP,BSE SmallCap,2019-11-27,13437.48,,BSE_INDIA_OFFICIAL,https://www.bseindia.com/indices/IndexArchiveData/,2026-07-17T15:24:01,BSE_PRICE_INDEX
BSE_SMALLCAP,BSE SmallCap,2019-11-28,13497.36,,BSE_INDIA_OFFICIAL,https://www.bseindia.com/indices/IndexArchiveData/,2026-07-17T15:24:01,BSE_PRICE_INDEX
BSE_SMALLCAP,BSE SmallCap,2019-11-29,13560.57,,BSE_INDIA_OFFICIAL,https://www.bseindia.com/indices/IndexArchiveData/,2026-07-17T15:24:01,BSE_PRICE_INDEX
BSE_SMALLCAP,BSE SmallCap,2019-12-02,13508.22,,BSE_INDIA_OFFICIAL,https://www.bseindia.com/indices/IndexArchiveData/,2026-07-17T15:24:01,BSE_PRICE_INDEX
BSE_SMALLCAP,BSE SmallCap,2019-12-03,13408.92,,BSE_INDIA_OFFICIAL,https://www.bseindia.com/indices/IndexArchiveData/,2026-07-17T15:24:01,BSE_PRICE_INDEX
BSE_SMALLCAP,BSE SmallCap,2019-12-04,13452.79,,BSE_INDIA_OFFICIAL,https://www.bseindia.com/indices/IndexArchiveData/,2026-07-17T15:24:01,BSE_PRICE_INDEX
BSE_SMALLCAP,BSE SmallCap,2019-12-05,13455.23,,BSE_INDIA_OFFICIAL,https://www.bseindia.com/indices/IndexArchiveData/,2026-07-17T15:24:01,BSE_PRICE_INDEX
BSE_SMALLCAP,BSE SmallCap,2019-12-06,13339.35,,BSE_INDIA_OFFICIAL,https://www.bseindia.com/indices/IndexArchiveData/,2026-07-17T15:24:01,BSE_PRICE_INDEX
BSE_SMALLCAP,BSE SmallCap,2019-12-09,13280.50,,BSE_INDIA_OFFICIAL,https://www.bseindia.com/indices/IndexArchiveData/,2026-07-17T15:24:01,BSE_PRICE_INDEX
BSE_SMALLCAP,BSE SmallCap,2019-12-10,13145.27,,BSE_INDIA_OFFICIAL,https://www.bseindia.com/indices/IndexArchiveData/,2026-07-17T15:24:01,BSE_PRICE_INDEX
BSE_SMALLCAP,BSE SmallCap,2019-12-11,13146.61,,BSE_INDIA_OFFICIAL,https://www.bseindia.com/indices/IndexArchiveData/,2026-07-17T15:24:01,BSE_PRICE_INDEX
BSE_SMALLCAP,BSE SmallCap,2019-12-12,13223.98,,BSE_INDIA_OFFICIAL,https://www.bseindia.com/indices/IndexArchiveData/,2026-07-17T15:24:01,BSE_PRICE_INDEX
BSE_SMALLCAP,BSE SmallCap,2019-12-13,13332.66,,BSE_INDIA_OFFICIAL,https://www.bseindia.com/indices/IndexArchiveData/,2026-07-17T15:24:01,BSE_PRICE_INDEX
BSE_SMALLCAP,BSE SmallCap,2019-12-16,13305.79,,BSE_INDIA_OFFICIAL,https://www.bseindia.com/indices/IndexArchiveData/,2026-07-17T15:24:01,BSE_PRICE_INDEX
BSE_SMALLCAP,BSE SmallCap,2019-12-17,13393.77,,BSE_INDIA_OFFICIAL,https://www.bseindia.com/indices/IndexArchiveData/,2026-07-17T15:24:01,BSE_PRICE_INDEX
BSE_SMALLCAP,BSE SmallCap,2019-12-18,13387.13,,BSE_INDIA_OFFICIAL,https://www.bseindia.com/indices/IndexArchiveData/,2026-07-17T15:24:01,BSE_PRICE_INDEX
BSE_SMALLCAP,BSE SmallCap,2019-12-19,13395.43,,BSE_INDIA_OFFICIAL,https://www.bseindia.com/indices/IndexArchiveData/,2026-07-17T15:24:01,BSE_PRICE_INDEX
BSE_SMALLCAP,BSE SmallCap,2019-12-20,13391.03,,BSE_INDIA_OFFICIAL,https://www.bseindia.com/indices/IndexArchiveData/,2026-07-17T15:24:01,BSE_PRICE_INDEX
BSE_SMALLCAP,BSE SmallCap,2019-12-23,13382.03,,BSE_INDIA_OFFICIAL,https://www.bseindia.com/indices/IndexArchiveData/,2026-07-17T15:24:01,BSE_PRICE_INDEX
BSE_SMALLCAP,BSE SmallCap,2019-12-24,13384.33,,BSE_INDIA_OFFICIAL,https://www.bseindia.com/indices/IndexArchiveData/,2026-07-17T15:24:01,BSE_PRICE_INDEX
BSE_SMALLCAP,BSE SmallCap,2019-12-26,13435.02,,BSE_INDIA_OFFICIAL,https://www.bseindia.com/indices/IndexArchiveData/,2026-07-17T15:24:01,BSE_PRICE_INDEX
BSE_SMALLCAP,BSE SmallCap,2019-12-27,13547.81,,BSE_INDIA_OFFICIAL,https://www.bseindia.com/indices/IndexArchiveData/,2026-07-17T15:24:01,BSE_PRICE_INDEX
BSE_SMALLCAP,BSE SmallCap,2019-12-30,13648.75,,BSE_INDIA_OFFICIAL,https://www.bseindia.com/indices/IndexArchiveData/,2026-07-17T15:24:01,BSE_PRICE_INDEX
BSE_SMALLCAP,BSE SmallCap,2019-12-31,13699.37,,BSE_INDIA_OFFICIAL,https://www.bseindia.com/indices/IndexArchiveData/,2026-07-17T15:24:01,BSE_PRICE_INDEX
BSE_SMALLCAP,BSE SmallCap,2020-01-01,13786.69,,BSE_INDIA_OFFICIAL,https://www.bseindia.com/indices/IndexArchiveData/,2026-07-17T15:24:01,BSE_PRICE_INDEX
BSE_SMALLCAP,BSE SmallCap,2020-01-02,13984.76,,BSE_INDIA_OFFICIAL,https://www.bseindia.com/indices/IndexArchiveData/,2026-07-17T15:24:01,BSE_PRICE_INDEX
BSE_SMALLCAP,BSE SmallCap,2020-01-03,13988.89,,BSE_INDIA_OFFICIAL,https://www.bseindia.com/indices/IndexArchiveData/,2026-07-17T15:24:01,BSE_PRICE_INDEX
BSE_SMALLCAP,BSE SmallCap,2020-01-06,13715.18,,BSE_INDIA_OFFICIAL,https://www.bseindia.com/indices/IndexArchiveData/,2026-07-17T15:24:01,BSE_PRICE_INDEX
BSE_SMALLCAP,BSE SmallCap,2020-01-07,13851.39,,BSE_INDIA_OFFICIAL,https://www.bseindia.com/indices/IndexArchiveData/,2026-07-17T15:24:01,BSE_PRICE_INDEX
BSE_SMALLCAP,BSE SmallCap,2020-01-08,13873.97,,BSE_INDIA_OFFICIAL,https://www.bseindia.com/indices/IndexArchiveData/,2026-07-17T15:24:01,BSE_PRICE_INDEX
BSE_SMALLCAP,BSE SmallCap,2020-01-09,14089.12,,BSE_INDIA_OFFICIAL,https://www.bseindia.com/indices/IndexArchiveData/,2026-07-17T15:24:01,BSE_PRICE_INDEX
BSE_SMALLCAP,BSE SmallCap,2020-01-10,14147.64,,BSE_INDIA_OFFICIAL,https://www.bseindia.com/indices/IndexArchiveData/,2026-07-17T15:24:01,BSE_PRICE_INDEX
BSE_SMALLCAP,BSE SmallCap,2020-01-13,14282.09,,BSE_INDIA_OFFICIAL,https://www.bseindia.com/indices/IndexArchiveData/,2026-07-17T15:24:01,BSE_PRICE_INDEX
BSE_SMALLCAP,BSE SmallCap,2020-01-14,14383.71,,BSE_INDIA_OFFICIAL,https://www.bseindia.com/indices/IndexArchiveData/,2026-07-17T15:24:01,BSE_PRICE_INDEX
BSE_SMALLCAP,BSE SmallCap,2020-01-15,14533.86,,BSE_INDIA_OFFICIAL,https://www.bseindia.com/indices/IndexArchiveData/,2026-07-17T15:24:01,BSE_PRICE_INDEX
BSE_SMALLCAP,BSE SmallCap,2020-01-16,14647.54,,BSE_INDIA_OFFICIAL,https://www.bseindia.com/indices/IndexArchiveData/,2026-07-17T15:24:01,BSE_PRICE_INDEX
BSE_SMALLCAP,BSE SmallCap,2020-01-17,14708.70,,BSE_INDIA_OFFICIAL,https://www.bseindia.com/indices/IndexArchiveData/,2026-07-17T15:24:01,BSE_PRICE_INDEX
BSE_SMALLCAP,BSE SmallCap,2020-01-20,14651.17,,BSE_INDIA_OFFICIAL,https://www.bseindia.com/indices/IndexArchiveData/,2026-07-17T15:24:01,BSE_PRICE_INDEX
BSE_SMALLCAP,BSE SmallCap,2020-01-21,14651.76,,BSE_INDIA_OFFICIAL,https://www.bseindia.com/indices/IndexArchiveData/,2026-07-17T15:24:01,BSE_PRICE_INDEX
BSE_SMALLCAP,BSE SmallCap,2020-01-22,14633.16,,BSE_INDIA_OFFICIAL,https://www.bseindia.com/indices/IndexArchiveData/,2026-07-17T15:24:01,BSE_PRICE_INDEX
BSE_SMALLCAP,BSE SmallCap,2020-01-23,14772.32,,BSE_INDIA_OFFICIAL,https://www.bseindia.com/indices/IndexArchiveData/,2026-07-17T15:24:01,BSE_PRICE_INDEX
BSE_SMALLCAP,BSE SmallCap,2020-01-24,14845.96,,BSE_INDIA_OFFICIAL,https://www.bseindia.com/indices/IndexArchiveData/,2026-07-17T15:24:01,BSE_PRICE_INDEX
BSE_SMALLCAP,BSE SmallCap,2020-01-27,14850.39,,BSE_INDIA_OFFICIAL,https://www.bseindia.com/indices/IndexArchiveData/,2026-07-17T15:24:01,BSE_PRICE_INDEX
BSE_SMALLCAP,BSE SmallCap,2020-01-28,14822.28,,BSE_INDIA_OFFICIAL,https://www.bseindia.com/indices/IndexArchiveData/,2026-07-17T15:24:01,BSE_PRICE_INDEX
BSE_SMALLCAP,BSE SmallCap,2020-01-29,14840.69,,BSE_INDIA_OFFICIAL,https://www.bseindia.com/indices/IndexArchiveData/,2026-07-17T15:24:01,BSE_PRICE_INDEX
BSE_SMALLCAP,BSE SmallCap,2020-01-30,14703.96,,BSE_INDIA_OFFICIAL,https://www.bseindia.com/indices/IndexArchiveData/,2026-07-17T15:24:01,BSE_PRICE_INDEX
BSE_SMALLCAP,BSE SmallCap,2020-01-31,14667.96,,BSE_INDIA_OFFICIAL,https://www.bseindia.com/indices/IndexArchiveData/,2026-07-17T15:24:01,BSE_PRICE_INDEX
BSE_SMALLCAP,BSE SmallCap,2020-02-01,14344.70,,BSE_INDIA_OFFICIAL,https://www.bseindia.com/indices/IndexArchiveData/,2026-07-17T15:24:01,BSE_PRICE_INDEX
BSE_SMALLCAP,BSE SmallCap,2020-02-03,14360.00,,BSE_INDIA_OFFICIAL,https://www.bseindia.com/indices/IndexArchiveData/,2026-07-17T15:24:01,BSE_PRICE_INDEX
BSE_SMALLCAP,BSE SmallCap,2020-02-04,14545.51,,BSE_INDIA_OFFICIAL,https://www.bseindia.com/indices/IndexArchiveData/,2026-07-17T15:24:01,BSE_PRICE_INDEX
BSE_SMALLCAP,BSE SmallCap,2020-02-05,14653.51,,BSE_INDIA_OFFICIAL,https://www.bseindia.com/indices/IndexArchiveData/,2026-07-17T15:24:01,BSE_PRICE_INDEX
BSE_SMALLCAP,BSE SmallCap,2020-02-06,14729.98,,BSE_INDIA_OFFICIAL,https://www.bseindia.com/indices/IndexArchiveData/,2026-07-17T15:24:01,BSE_PRICE_INDEX
BSE_SMALLCAP,BSE SmallCap,2020-02-07,14840.33,,BSE_INDIA_OFFICIAL,https://www.bseindia.com/indices/IndexArchiveData/,2026-07-17T15:24:01,BSE_PRICE_INDEX
BSE_SMALLCAP,BSE SmallCap,2020-02-10,14776.33,,BSE_INDIA_OFFICIAL,https://www.bseindia.com/indices/IndexArchiveData/,2026-07-17T15:24:01,BSE_PRICE_INDEX
BSE_SMALLCAP,BSE SmallCap,2020-02-11,14749.95,,BSE_INDIA_OFFICIAL,https://www.bseindia.com/indices/IndexArchiveData/,2026-07-17T15:24:01,BSE_PRICE_INDEX
BSE_SMALLCAP,BSE SmallCap,2020-02-12,14731.05,,BSE_INDIA_OFFICIAL,https://www.bseindia.com/indices/IndexArchiveData/,2026-07-17T15:24:01,BSE_PRICE_INDEX
BSE_SMALLCAP,BSE SmallCap,2020-02-13,14741.72,,BSE_INDIA_OFFICIAL,https://www.bseindia.com/indices/IndexArchiveData/,2026-07-17T15:24:01,BSE_PRICE_INDEX
BSE_SMALLCAP,BSE SmallCap,2020-02-14,14682.65,,BSE_INDIA_OFFICIAL,https://www.bseindia.com/indices/IndexArchiveData/,2026-07-17T15:24:01,BSE_PRICE_INDEX
BSE_SMALLCAP,BSE SmallCap,2020-02-17,14532.45,,BSE_INDIA_OFFICIAL,https://www.bseindia.com/indices/IndexArchiveData/,2026-07-17T15:24:01,BSE_PRICE_INDEX
BSE_SMALLCAP,BSE SmallCap,2020-02-18,14467.43,,BSE_INDIA_OFFICIAL,https://www.bseindia.com/indices/IndexArchiveData/,2026-07-17T15:24:01,BSE_PRICE_INDEX
BSE_SMALLCAP,BSE SmallCap,2020-02-19,14671.58,,BSE_INDIA_OFFICIAL,https://www.bseindia.com/indices/IndexArchiveData/,2026-07-17T15:24:01,BSE_PRICE_INDEX
BSE_SMALLCAP,BSE SmallCap,2020-02-20,14746.52,,BSE_INDIA_OFFICIAL,https://www.bseindia.com/indices/IndexArchiveData/,2026-07-17T15:24:01,BSE_PRICE_INDEX
BSE_SMALLCAP,BSE SmallCap,2020-02-24,14513.15,,BSE_INDIA_OFFICIAL,https://www.bseindia.com/indices/IndexArchiveData/,2026-07-17T15:24:01,BSE_PRICE_INDEX
BSE_SMALLCAP,BSE SmallCap,2020-02-25,14448.01,,BSE_INDIA_OFFICIAL,https://www.bseindia.com/indices/IndexArchiveData/,2026-07-17T15:24:01,BSE_PRICE_INDEX
BSE_SMALLCAP,BSE SmallCap,2020-02-26,14329.07,,BSE_INDIA_OFFICIAL,https://www.bseindia.com/indices/IndexArchiveData/,2026-07-17T15:24:01,BSE_PRICE_INDEX
BSE_SMALLCAP,BSE SmallCap,2020-02-27,14209.48,,BSE_INDIA_OFFICIAL,https://www.bseindia.com/indices/IndexArchiveData/,2026-07-17T15:24:01,BSE_PRICE_INDEX
BSE_SMALLCAP,BSE SmallCap,2020-02-28,13709.01,,BSE_INDIA_OFFICIAL,https://www.bseindia.com/indices/IndexArchiveData/,2026-07-17T15:24:01,BSE_PRICE_INDEX
BSE_SMALLCAP,BSE SmallCap,2020-03-02,13603.96,,BSE_INDIA_OFFICIAL,https://www.bseindia.com/indices/IndexArchiveData/,2026-07-17T15:24:01,BSE_PRICE_INDEX
BSE_SMALLCAP,BSE SmallCap,2020-03-03,13773.63,,BSE_INDIA_OFFICIAL,https://www.bseindia.com/indices/IndexArchiveData/,2026-07-17T15:24:01,BSE_PRICE_INDEX
BSE_SMALLCAP,BSE SmallCap,2020-03-04,13552.43,,BSE_INDIA_OFFICIAL,https://www.bseindia.com/indices/IndexArchiveData/,2026-07-17T15:24:01,BSE_PRICE_INDEX
BSE_SMALLCAP,BSE SmallCap,2020-03-05,13591.28,,BSE_INDIA_OFFICIAL,https://www.bseindia.com/indices/IndexArchiveData/,2026-07-17T15:24:01,BSE_PRICE_INDEX
BSE_SMALLCAP,BSE SmallCap,2020-03-06,13329.78,,BSE_INDIA_OFFICIAL,https://www.bseindia.com/indices/IndexArchiveData/,2026-07-17T15:24:01,BSE_PRICE_INDEX
BSE_SMALLCAP,BSE SmallCap,2020-03-09,12770.55,,BSE_INDIA_OFFICIAL,https://www.bseindia.com/indices/IndexArchiveData/,2026-07-17T15:24:01,BSE_PRICE_INDEX
BSE_SMALLCAP,BSE SmallCap,2020-03-11,12725.15,,BSE_INDIA_OFFICIAL,https://www.bseindia.com/indices/IndexArchiveData/,2026-07-17T15:24:01,BSE_PRICE_INDEX
BSE_SMALLCAP,BSE SmallCap,2020-03-12,11614.89,,BSE_INDIA_OFFICIAL,https://www.bseindia.com/indices/IndexArchiveData/,2026-07-17T15:24:01,BSE_PRICE_INDEX
BSE_SMALLCAP,BSE SmallCap,2020-03-13,11761.22,,BSE_INDIA_OFFICIAL,https://www.bseindia.com/indices/IndexArchiveData/,2026-07-17T15:24:01,BSE_PRICE_INDEX
BSE_SMALLCAP,BSE SmallCap,2020-03-16,11095.19,,BSE_INDIA_OFFICIAL,https://www.bseindia.com/indices/IndexArchiveData/,2026-07-17T15:24:01,BSE_PRICE_INDEX
BSE_SMALLCAP,BSE SmallCap,2020-03-17,10843.79,,BSE_INDIA_OFFICIAL,https://www.bseindia.com/indices/IndexArchiveData/,2026-07-17T15:24:01,BSE_PRICE_INDEX
BSE_SMALLCAP,BSE SmallCap,2020-03-18,10182.99,,BSE_INDIA_OFFICIAL,https://www.bseindia.com/indices/IndexArchiveData/,2026-07-17T15:24:01,BSE_PRICE_INDEX
BSE_SMALLCAP,BSE SmallCap,2020-03-19,9721.90,,BSE_INDIA_OFFICIAL,https://www.bseindia.com/indices/IndexArchiveData/,2026-07-17T15:24:01,BSE_PRICE_INDEX
BSE_SMALLCAP,BSE SmallCap,2020-03-20,10113.36,,BSE_INDIA_OFFICIAL,https://www.bseindia.com/indices/IndexArchiveData/,2026-07-17T15:24:01,BSE_PRICE_INDEX
BSE_SMALLCAP,BSE SmallCap,2020-03-23,8872.83,,BSE_INDIA_OFFICIAL,https://www.bseindia.com/indices/IndexArchiveData/,2026-07-17T15:24:01,BSE_PRICE_INDEX
BSE_SMALLCAP,BSE SmallCap,2020-03-24,8877.58,,BSE_INDIA_OFFICIAL,https://www.bseindia.com/indices/IndexArchiveData/,2026-07-17T15:24:01,BSE_PRICE_INDEX
BSE_SMALLCAP,BSE SmallCap,2020-03-25,9129.58,,BSE_INDIA_OFFICIAL,https://www.bseindia.com/indices/IndexArchiveData/,2026-07-17T15:24:01,BSE_PRICE_INDEX
BSE_SMALLCAP,BSE SmallCap,2020-03-26,9470.45,,BSE_INDIA_OFFICIAL,https://www.bseindia.com/indices/IndexArchiveData/,2026-07-17T15:24:01,BSE_PRICE_INDEX
BSE_SMALLCAP,BSE SmallCap,2020-03-27,9497.24,,BSE_INDIA_OFFICIAL,https://www.bseindia.com/indices/IndexArchiveData/,2026-07-17T15:24:01,BSE_PRICE_INDEX
BSE_SMALLCAP,BSE SmallCap,2020-03-30,9330.94,,BSE_INDIA_OFFICIAL,https://www.bseindia.com/indices/IndexArchiveData/,2026-07-17T15:24:01,BSE_PRICE_INDEX
BSE_SMALLCAP,BSE SmallCap,2020-03-31,9608.92,,BSE_INDIA_OFFICIAL,https://www.bseindia.com/indices/IndexArchiveData/,2026-07-17T15:24:01,BSE_PRICE_INDEX
BSE_SMALLCAP,BSE SmallCap,2020-04-01,9506.91,,BSE_INDIA_OFFICIAL,https://www.bseindia.com/indices/IndexArchiveData/,2026-07-17T15:24:01,BSE_PRICE_INDEX
BSE_SMALLCAP,BSE SmallCap,2020-04-03,9409.04,,BSE_INDIA_OFFICIAL,https://www.bseindia.com/indices/IndexArchiveData/,2026-07-17T15:24:01,BSE_PRICE_INDEX
BSE_SMALLCAP,BSE SmallCap,2020-04-07,9797.21,,BSE_INDIA_OFFICIAL,https://www.bseindia.com/indices/IndexArchiveData/,2026-07-17T15:24:01,BSE_PRICE_INDEX
BSE_SMALLCAP,BSE SmallCap,2020-04-08,9979.72,,BSE_INDIA_OFFICIAL,https://www.bseindia.com/indices/IndexArchiveData/,2026-07-17T15:24:01,BSE_PRICE_INDEX
BSE_SMALLCAP,BSE SmallCap,2020-04-09,10293.75,,BSE_INDIA_OFFICIAL,https://www.bseindia.com/indices/IndexArchiveData/,2026-07-17T15:24:01,BSE_PRICE_INDEX
BSE_SMALLCAP,BSE SmallCap,2020-04-13,10246.27,,BSE_INDIA_OFFICIAL,https://www.bseindia.com/indices/IndexArchiveData/,2026-07-17T15:24:01,BSE_PRICE_INDEX
BSE_SMALLCAP,BSE SmallCap,2020-04-15,10366.53,,BSE_INDIA_OFFICIAL,https://www.bseindia.com/indices/IndexArchiveData/,2026-07-17T15:24:01,BSE_PRICE_INDEX
BSE_SMALLCAP,BSE SmallCap,2020-04-16,10543.65,,BSE_INDIA_OFFICIAL,https://www.bseindia.com/indices/IndexArchiveData/,2026-07-17T15:24:01,BSE_PRICE_INDEX
BSE_SMALLCAP,BSE SmallCap,2020-04-17,10800.91,,BSE_INDIA_OFFICIAL,https://www.bseindia.com/indices/IndexArchiveData/,2026-07-17T15:24:01,BSE_PRICE_INDEX
BSE_SMALLCAP,BSE SmallCap,2020-04-20,10886.91,,BSE_INDIA_OFFICIAL,https://www.bseindia.com/indices/IndexArchiveData/,2026-07-17T15:24:01,BSE_PRICE_INDEX
BSE_SMALLCAP,BSE SmallCap,2020-04-21,10564.85,,BSE_INDIA_OFFICIAL,https://www.bseindia.com/indices/IndexArchiveData/,2026-07-17T15:24:01,BSE_PRICE_INDEX
BSE_SMALLCAP,BSE SmallCap,2020-04-22,10641.57,,BSE_INDIA_OFFICIAL,https://www.bseindia.com/indices/IndexArchiveData/,2026-07-17T15:24:01,BSE_PRICE_INDEX
BSE_SMALLCAP,BSE SmallCap,2020-04-23,10785.04,,BSE_INDIA_OFFICIAL,https://www.bseindia.com/indices/IndexArchiveData/,2026-07-17T15:24:01,BSE_PRICE_INDEX
BSE_SMALLCAP,BSE SmallCap,2020-04-24,10633.54,,BSE_INDIA_OFFICIAL,https://www.bseindia.com/indices/IndexArchiveData/,2026-07-17T15:24:01,BSE_PRICE_INDEX
BSE_SMALLCAP,BSE SmallCap,2020-04-27,10779.56,,BSE_INDIA_OFFICIAL,https://www.bseindia.com/indices/IndexArchiveData/,2026-07-17T15:24:01,BSE_PRICE_INDEX
BSE_SMALLCAP,BSE SmallCap,2020-04-28,10862.54,,BSE_INDIA_OFFICIAL,https://www.bseindia.com/indices/IndexArchiveData/,2026-07-17T15:24:01,BSE_PRICE_INDEX
BSE_SMALLCAP,BSE SmallCap,2020-04-29,10975.16,,BSE_INDIA_OFFICIAL,https://www.bseindia.com/indices/IndexArchiveData/,2026-07-17T15:24:01,BSE_PRICE_INDEX
BSE_SMALLCAP,BSE SmallCap,2020-04-30,11101.84,,BSE_INDIA_OFFICIAL,https://www.bseindia.com/indices/IndexArchiveData/,2026-07-17T15:24:01,BSE_PRICE_INDEX
BSE_SMALLCAP,BSE SmallCap,2020-05-04,10753.58,,BSE_INDIA_OFFICIAL,https://www.bseindia.com/indices/IndexArchiveData/,2026-07-17T15:24:01,BSE_PRICE_INDEX
BSE_SMALLCAP,BSE SmallCap,2020-05-05,10649.61,,BSE_INDIA_OFFICIAL,https://www.bseindia.com/indices/IndexArchiveData/,2026-07-17T15:24:01,BSE_PRICE_INDEX
BSE_SMALLCAP,BSE SmallCap,2020-05-06,10701.31,,BSE_INDIA_OFFICIAL,https://www.bseindia.com/indices/IndexArchiveData/,2026-07-17T15:24:01,BSE_PRICE_INDEX
BSE_SMALLCAP,BSE SmallCap,2020-05-07,10686.75,,BSE_INDIA_OFFICIAL,https://www.bseindia.com/indices/IndexArchiveData/,2026-07-17T15:24:01,BSE_PRICE_INDEX
BSE_SMALLCAP,BSE SmallCap,2020-05-08,10638.70,,BSE_INDIA_OFFICIAL,https://www.bseindia.com/indices/IndexArchiveData/,2026-07-17T15:24:01,BSE_PRICE_INDEX
BSE_SMALLCAP,BSE SmallCap,2020-05-11,10628.14,,BSE_INDIA_OFFICIAL,https://www.bseindia.com/indices/IndexArchiveData/,2026-07-17T15:24:01,BSE_PRICE_INDEX
BSE_SMALLCAP,BSE SmallCap,2020-05-12,10566.15,,BSE_INDIA_OFFICIAL,https://www.bseindia.com/indices/IndexArchiveData/,2026-07-17T15:24:01,BSE_PRICE_INDEX
BSE_SMALLCAP,BSE SmallCap,2020-05-13,10774.43,,BSE_INDIA_OFFICIAL,https://www.bseindia.com/indices/IndexArchiveData/,2026-07-17T15:24:01,BSE_PRICE_INDEX
BSE_SMALLCAP,BSE SmallCap,2020-05-14,10706.48,,BSE_INDIA_OFFICIAL,https://www.bseindia.com/indices/IndexArchiveData/,2026-07-17T15:24:01,BSE_PRICE_INDEX
BSE_SMALLCAP,BSE SmallCap,2020-05-15,10688.86,,BSE_INDIA_OFFICIAL,https://www.bseindia.com/indices/IndexArchiveData/,2026-07-17T15:24:01,BSE_PRICE_INDEX
BSE_SMALLCAP,BSE SmallCap,2020-05-18,10376.31,,BSE_INDIA_OFFICIAL,https://www.bseindia.com/indices/IndexArchiveData/,2026-07-17T15:24:01,BSE_PRICE_INDEX
BSE_SMALLCAP,BSE SmallCap,2020-05-19,10355.18,,BSE_INDIA_OFFICIAL,https://www.bseindia.com/indices/IndexArchiveData/,2026-07-17T15:24:01,BSE_PRICE_INDEX
BSE_SMALLCAP,BSE SmallCap,2020-05-20,10472.37,,BSE_INDIA_OFFICIAL,https://www.bseindia.com/indices/IndexArchiveData/,2026-07-17T15:24:01,BSE_PRICE_INDEX
BSE_SMALLCAP,BSE SmallCap,2020-05-21,10548.13,,BSE_INDIA_OFFICIAL,https://www.bseindia.com/indices/IndexArchiveData/,2026-07-17T15:24:01,BSE_PRICE_INDEX
BSE_SMALLCAP,BSE SmallCap,2020-05-22,10524.23,,BSE_INDIA_OFFICIAL,https://www.bseindia.com/indices/IndexArchiveData/,2026-07-17T15:24:01,BSE_PRICE_INDEX
BSE_SMALLCAP,BSE SmallCap,2020-05-26,10590.42,,BSE_INDIA_OFFICIAL,https://www.bseindia.com/indices/IndexArchiveData/,2026-07-17T15:24:01,BSE_PRICE_INDEX
BSE_SMALLCAP,BSE SmallCap,2020-05-27,10619.01,,BSE_INDIA_OFFICIAL,https://www.bseindia.com/indices/IndexArchiveData/,2026-07-17T15:24:01,BSE_PRICE_INDEX
BSE_SMALLCAP,BSE SmallCap,2020-05-28,10769.34,,BSE_INDIA_OFFICIAL,https://www.bseindia.com/indices/IndexArchiveData/,2026-07-17T15:24:01,BSE_PRICE_INDEX
BSE_SMALLCAP,BSE SmallCap,2020-05-29,10892.60,,BSE_INDIA_OFFICIAL,https://www.bseindia.com/indices/IndexArchiveData/,2026-07-17T15:24:01,BSE_PRICE_INDEX
BSE_SMALLCAP,BSE SmallCap,2020-06-01,11222.76,,BSE_INDIA_OFFICIAL,https://www.bseindia.com/indices/IndexArchiveData/,2026-07-17T15:24:01,BSE_PRICE_INDEX
BSE_SMALLCAP,BSE SmallCap,2020-06-02,11428.41,,BSE_INDIA_OFFICIAL,https://www.bseindia.com/indices/IndexArchiveData/,2026-07-17T15:24:01,BSE_PRICE_INDEX
BSE_SMALLCAP,BSE SmallCap,2020-06-03,11570.65,,BSE_INDIA_OFFICIAL,https://www.bseindia.com/indices/IndexArchiveData/,2026-07-17T15:24:01,BSE_PRICE_INDEX
BSE_SMALLCAP,BSE SmallCap,2020-06-04,11564.79,,BSE_INDIA_OFFICIAL,https://www.bseindia.com/indices/IndexArchiveData/,2026-07-17T15:24:01,BSE_PRICE_INDEX
BSE_SMALLCAP,BSE SmallCap,2020-06-05,11855.17,,BSE_INDIA_OFFICIAL,https://www.bseindia.com/indices/IndexArchiveData/,2026-07-17T15:24:01,BSE_PRICE_INDEX
BSE_SMALLCAP,BSE SmallCap,2020-06-08,11965.33,,BSE_INDIA_OFFICIAL,https://www.bseindia.com/indices/IndexArchiveData/,2026-07-17T15:24:01,BSE_PRICE_INDEX
BSE_SMALLCAP,BSE SmallCap,2020-06-09,11846.05,,BSE_INDIA_OFFICIAL,https://www.bseindia.com/indices/IndexArchiveData/,2026-07-17T15:24:01,BSE_PRICE_INDEX
BSE_SMALLCAP,BSE SmallCap,2020-06-10,11955.04,,BSE_INDIA_OFFICIAL,https://www.bseindia.com/indices/IndexArchiveData/,2026-07-17T15:24:01,BSE_PRICE_INDEX
BSE_SMALLCAP,BSE SmallCap,2020-06-11,11830.42,,BSE_INDIA_OFFICIAL,https://www.bseindia.com/indices/IndexArchiveData/,2026-07-17T15:24:01,BSE_PRICE_INDEX
BSE_SMALLCAP,BSE SmallCap,2020-06-12,11845.27,,BSE_INDIA_OFFICIAL,https://www.bseindia.com/indices/IndexArchiveData/,2026-07-17T15:24:01,BSE_PRICE_INDEX
BSE_SMALLCAP,BSE SmallCap,2020-06-15,11844.85,,BSE_INDIA_OFFICIAL,https://www.bseindia.com/indices/IndexArchiveData/,2026-07-17T15:24:01,BSE_PRICE_INDEX
BSE_SMALLCAP,BSE SmallCap,2020-06-16,11849.62,,BSE_INDIA_OFFICIAL,https://www.bseindia.com/indices/IndexArchiveData/,2026-07-17T15:24:01,BSE_PRICE_INDEX
BSE_SMALLCAP,BSE SmallCap,2020-06-17,11933.53,,BSE_INDIA_OFFICIAL,https://www.bseindia.com/indices/IndexArchiveData/,2026-07-17T15:24:01,BSE_PRICE_INDEX
BSE_SMALLCAP,BSE SmallCap,2020-06-18,12110.72,,BSE_INDIA_OFFICIAL,https://www.bseindia.com/indices/IndexArchiveData/,2026-07-17T15:24:01,BSE_PRICE_INDEX
BSE_SMALLCAP,BSE SmallCap,2020-06-19,12277.11,,BSE_INDIA_OFFICIAL,https://www.bseindia.com/indices/IndexArchiveData/,2026-07-17T15:24:01,BSE_PRICE_INDEX
BSE_SMALLCAP,BSE SmallCap,2020-06-22,12443.95,,BSE_INDIA_OFFICIAL,https://www.bseindia.com/indices/IndexArchiveData/,2026-07-17T15:24:01,BSE_PRICE_INDEX
BSE_SMALLCAP,BSE SmallCap,2020-06-23,12668.18,,BSE_INDIA_OFFICIAL,https://www.bseindia.com/indices/IndexArchiveData/,2026-07-17T15:24:01,BSE_PRICE_INDEX
BSE_SMALLCAP,BSE SmallCap,2020-06-24,12510.77,,BSE_INDIA_OFFICIAL,https://www.bseindia.com/indices/IndexArchiveData/,2026-07-17T15:24:01,BSE_PRICE_INDEX
BSE_SMALLCAP,BSE SmallCap,2020-06-25,12606.14,,BSE_INDIA_OFFICIAL,https://www.bseindia.com/indices/IndexArchiveData/,2026-07-17T15:24:01,BSE_PRICE_INDEX
BSE_SMALLCAP,BSE SmallCap,2020-06-26,12630.28,,BSE_INDIA_OFFICIAL,https://www.bseindia.com/indices/IndexArchiveData/,2026-07-17T15:24:01,BSE_PRICE_INDEX
BSE_SMALLCAP,BSE SmallCap,2020-06-29,12474.44,,BSE_INDIA_OFFICIAL,https://www.bseindia.com/indices/IndexArchiveData/,2026-07-17T15:24:01,BSE_PRICE_INDEX
BSE_SMALLCAP,BSE SmallCap,2020-06-30,12380.75,,BSE_INDIA_OFFICIAL,https://www.bseindia.com/indices/IndexArchiveData/,2026-07-17T15:24:01,BSE_PRICE_INDEX
BSE_SMALLCAP,BSE SmallCap,2020-07-01,12428.65,,BSE_INDIA_OFFICIAL,https://www.bseindia.com/indices/IndexArchiveData/,2026-07-17T15:24:01,BSE_PRICE_INDEX
BSE_SMALLCAP,BSE SmallCap,2020-07-02,12543.45,,BSE_INDIA_OFFICIAL,https://www.bseindia.com/indices/IndexArchiveData/,2026-07-17T15:24:01,BSE_PRICE_INDEX
BSE_SMALLCAP,BSE SmallCap,2020-07-03,12603.02,,BSE_INDIA_OFFICIAL,https://www.bseindia.com/indices/IndexArchiveData/,2026-07-17T15:24:01,BSE_PRICE_INDEX
BSE_SMALLCAP,BSE SmallCap,2020-07-06,12766.59,,BSE_INDIA_OFFICIAL,https://www.bseindia.com/indices/IndexArchiveData/,2026-07-17T15:24:01,BSE_PRICE_INDEX
BSE_SMALLCAP,BSE SmallCap,2020-07-07,12839.77,,BSE_INDIA_OFFICIAL,https://www.bseindia.com/indices/IndexArchiveData/,2026-07-17T15:24:01,BSE_PRICE_INDEX
BSE_SMALLCAP,BSE SmallCap,2020-07-08,12785.13,,BSE_INDIA_OFFICIAL,https://www.bseindia.com/indices/IndexArchiveData/,2026-07-17T15:24:01,BSE_PRICE_INDEX
BSE_SMALLCAP,BSE SmallCap,2020-07-09,12848.24,,BSE_INDIA_OFFICIAL,https://www.bseindia.com/indices/IndexArchiveData/,2026-07-17T15:24:01,BSE_PRICE_INDEX
BSE_SMALLCAP,BSE SmallCap,2020-07-10,12803.78,,BSE_INDIA_OFFICIAL,https://www.bseindia.com/indices/IndexArchiveData/,2026-07-17T15:24:01,BSE_PRICE_INDEX
BSE_SMALLCAP,BSE SmallCap,2020-07-13,12784.19,,BSE_INDIA_OFFICIAL,https://www.bseindia.com/indices/IndexArchiveData/,2026-07-17T15:24:01,BSE_PRICE_INDEX
BSE_SMALLCAP,BSE SmallCap,2020-07-14,12665.18,,BSE_INDIA_OFFICIAL,https://www.bseindia.com/indices/IndexArchiveData/,2026-07-17T15:24:01,BSE_PRICE_INDEX
BSE_SMALLCAP,BSE SmallCap,2020-07-15,12658.94,,BSE_INDIA_OFFICIAL,https://www.bseindia.com/indices/IndexArchiveData/,2026-07-17T15:24:01,BSE_PRICE_INDEX
BSE_SMALLCAP,BSE SmallCap,2020-07-16,12642.26,,BSE_INDIA_OFFICIAL,https://www.bseindia.com/indices/IndexArchiveData/,2026-07-17T15:24:01,BSE_PRICE_INDEX
BSE_SMALLCAP,BSE SmallCap,2020-07-17,12782.53,,BSE_INDIA_OFFICIAL,https://www.bseindia.com/indices/IndexArchiveData/,2026-07-17T15:24:01,BSE_PRICE_INDEX
BSE_SMALLCAP,BSE SmallCap,2020-07-20,12915.27,,BSE_INDIA_OFFICIAL,https://www.bseindia.com/indices/IndexArchiveData/,2026-07-17T15:24:01,BSE_PRICE_INDEX
BSE_SMALLCAP,BSE SmallCap,2020-07-21,12946.57,,BSE_INDIA_OFFICIAL,https://www.bseindia.com/indices/IndexArchiveData/,2026-07-17T15:24:01,BSE_PRICE_INDEX
BSE_SMALLCAP,BSE SmallCap,2020-07-22,12917.31,,BSE_INDIA_OFFICIAL,https://www.bseindia.com/indices/IndexArchiveData/,2026-07-17T15:24:01,BSE_PRICE_INDEX
BSE_SMALLCAP,BSE SmallCap,2020-07-23,12996.12,,BSE_INDIA_OFFICIAL,https://www.bseindia.com/indices/IndexArchiveData/,2026-07-17T15:24:01,BSE_PRICE_INDEX
BSE_SMALLCAP,BSE SmallCap,2020-07-24,12966.55,,BSE_INDIA_OFFICIAL,https://www.bseindia.com/indices/IndexArchiveData/,2026-07-17T15:24:01,BSE_PRICE_INDEX
BSE_SMALLCAP,BSE SmallCap,2020-07-27,12839.54,,BSE_INDIA_OFFICIAL,https://www.bseindia.com/indices/IndexArchiveData/,2026-07-17T15:24:01,BSE_PRICE_INDEX
BSE_SMALLCAP,BSE SmallCap,2020-07-28,12917.42,,BSE_INDIA_OFFICIAL,https://www.bseindia.com/indices/IndexArchiveData/,2026-07-17T15:24:01,BSE_PRICE_INDEX
BSE_SMALLCAP,BSE SmallCap,2020-07-29,12972.35,,BSE_INDIA_OFFICIAL,https://www.bseindia.com/indices/IndexArchiveData/,2026-07-17T15:24:01,BSE_PRICE_INDEX
BSE_SMALLCAP,BSE SmallCap,2020-07-30,12916.27,,BSE_INDIA_OFFICIAL,https://www.bseindia.com/indices/IndexArchiveData/,2026-07-17T15:24:01,BSE_PRICE_INDEX
BSE_SMALLCAP,BSE SmallCap,2020-07-31,13021.76,,BSE_INDIA_OFFICIAL,https://www.bseindia.com/indices/IndexArchiveData/,2026-07-17T15:24:01,BSE_PRICE_INDEX
BSE_SMALLCAP,BSE SmallCap,2020-08-03,13154.61,,BSE_INDIA_OFFICIAL,https://www.bseindia.com/indices/IndexArchiveData/,2026-07-17T15:24:01,BSE_PRICE_INDEX
BSE_SMALLCAP,BSE SmallCap,2020-08-04,13316.96,,BSE_INDIA_OFFICIAL,https://www.bseindia.com/indices/IndexArchiveData/,2026-07-17T15:24:01,BSE_PRICE_INDEX
BSE_SMALLCAP,BSE SmallCap,2020-08-05,13429.58,,BSE_INDIA_OFFICIAL,https://www.bseindia.com/indices/IndexArchiveData/,2026-07-17T15:24:01,BSE_PRICE_INDEX
BSE_SMALLCAP,BSE SmallCap,2020-08-06,13562.23,,BSE_INDIA_OFFICIAL,https://www.bseindia.com/indices/IndexArchiveData/,2026-07-17T15:24:01,BSE_PRICE_INDEX
BSE_SMALLCAP,BSE SmallCap,2020-08-07,13668.69,,BSE_INDIA_OFFICIAL,https://www.bseindia.com/indices/IndexArchiveData/,2026-07-17T15:24:01,BSE_PRICE_INDEX
BSE_SMALLCAP,BSE SmallCap,2020-08-10,13869.08,,BSE_INDIA_OFFICIAL,https://www.bseindia.com/indices/IndexArchiveData/,2026-07-17T15:24:01,BSE_PRICE_INDEX
BSE_SMALLCAP,BSE SmallCap,2020-08-11,13837.26,,BSE_INDIA_OFFICIAL,https://www.bseindia.com/indices/IndexArchiveData/,2026-07-17T15:24:01,BSE_PRICE_INDEX
BSE_SMALLCAP,BSE SmallCap,2020-08-12,13834.12,,BSE_INDIA_OFFICIAL,https://www.bseindia.com/indices/IndexArchiveData/,2026-07-17T15:24:01,BSE_PRICE_INDEX
BSE_SMALLCAP,BSE SmallCap,2020-08-13,13939.64,,BSE_INDIA_OFFICIAL,https://www.bseindia.com/indices/IndexArchiveData/,2026-07-17T15:24:01,BSE_PRICE_INDEX
BSE_SMALLCAP,BSE SmallCap,2020-08-14,13855.18,,BSE_INDIA_OFFICIAL,https://www.bseindia.com/indices/IndexArchiveData/,2026-07-17T15:24:01,BSE_PRICE_INDEX
BSE_SMALLCAP,BSE SmallCap,2020-08-17,13972.11,,BSE_INDIA_OFFICIAL,https://www.bseindia.com/indices/IndexArchiveData/,2026-07-17T15:24:01,BSE_PRICE_INDEX
BSE_SMALLCAP,BSE SmallCap,2020-08-18,14154.01,,BSE_INDIA_OFFICIAL,https://www.bseindia.com/indices/IndexArchiveData/,2026-07-17T15:24:01,BSE_PRICE_INDEX
BSE_SMALLCAP,BSE SmallCap,2020-08-19,14318.15,,BSE_INDIA_OFFICIAL,https://www.bseindia.com/indices/IndexArchiveData/,2026-07-17T15:24:01,BSE_PRICE_INDEX
BSE_SMALLCAP,BSE SmallCap,2020-08-20,14421.54,,BSE_INDIA_OFFICIAL,https://www.bseindia.com/indices/IndexArchiveData/,2026-07-17T15:24:01,BSE_PRICE_INDEX
BSE_SMALLCAP,BSE SmallCap,2020-08-21,14625.19,,BSE_INDIA_OFFICIAL,https://www.bseindia.com/indices/IndexArchiveData/,2026-07-17T15:24:01,BSE_PRICE_INDEX
BSE_SMALLCAP,BSE SmallCap,2020-08-24,14855.09,,BSE_INDIA_OFFICIAL,https://www.bseindia.com/indices/IndexArchiveData/,2026-07-17T15:24:01,BSE_PRICE_INDEX
BSE_SMALLCAP,BSE SmallCap,2020-08-25,14871.48,,BSE_INDIA_OFFICIAL,https://www.bseindia.com/indices/IndexArchiveData/,2026-07-17T15:24:01,BSE_PRICE_INDEX
BSE_SMALLCAP,BSE SmallCap,2020-08-26,14973.36,,BSE_INDIA_OFFICIAL,https://www.bseindia.com/indices/IndexArchiveData/,2026-07-17T15:24:01,BSE_PRICE_INDEX
BSE_SMALLCAP,BSE SmallCap,2020-08-27,15025.51,,BSE_INDIA_OFFICIAL,https://www.bseindia.com/indices/IndexArchiveData/,2026-07-17T15:24:01,BSE_PRICE_INDEX
BSE_SMALLCAP,BSE SmallCap,2020-08-28,14990.55,,BSE_INDIA_OFFICIAL,https://www.bseindia.com/indices/IndexArchiveData/,2026-07-17T15:24:01,BSE_PRICE_INDEX
BSE_SMALLCAP,BSE SmallCap,2020-08-31,14336.18,,BSE_INDIA_OFFICIAL,https://www.bseindia.com/indices/IndexArchiveData/,2026-07-17T15:24:01,BSE_PRICE_INDEX
BSE_SMALLCAP,BSE SmallCap,2020-09-01,14413.32,,BSE_INDIA_OFFICIAL,https://www.bseindia.com/indices/IndexArchiveData/,2026-07-17T15:24:01,BSE_PRICE_INDEX
BSE_SMALLCAP,BSE SmallCap,2020-09-02,14652.38,,BSE_INDIA_OFFICIAL,https://www.bseindia.com/indices/IndexArchiveData/,2026-07-17T15:24:01,BSE_PRICE_INDEX
BSE_SMALLCAP,BSE SmallCap,2020-09-03,14761.33,,BSE_INDIA_OFFICIAL,https://www.bseindia.com/indices/IndexArchiveData/,2026-07-17T15:24:01,BSE_PRICE_INDEX
BSE_SMALLCAP,BSE SmallCap,2020-09-04,14602.97,,BSE_INDIA_OFFICIAL,https://www.bseindia.com/indices/IndexArchiveData/,2026-07-17T15:24:01,BSE_PRICE_INDEX
BSE_SMALLCAP,BSE SmallCap,2020-09-07,14573.48,,BSE_INDIA_OFFICIAL,https://www.bseindia.com/indices/IndexArchiveData/,2026-07-17T15:24:01,BSE_PRICE_INDEX
BSE_SMALLCAP,BSE SmallCap,2020-09-08,14437.53,,BSE_INDIA_OFFICIAL,https://www.bseindia.com/indices/IndexArchiveData/,2026-07-17T15:24:01,BSE_PRICE_INDEX
BSE_SMALLCAP,BSE SmallCap,2020-09-09,14301.99,,BSE_INDIA_OFFICIAL,https://www.bseindia.com/indices/IndexArchiveData/,2026-07-17T15:24:01,BSE_PRICE_INDEX
BSE_SMALLCAP,BSE SmallCap,2020-09-10,14483.41,,BSE_INDIA_OFFICIAL,https://www.bseindia.com/indices/IndexArchiveData/,2026-07-17T15:24:01,BSE_PRICE_INDEX
BSE_SMALLCAP,BSE SmallCap,2020-09-11,14558.27,,BSE_INDIA_OFFICIAL,https://www.bseindia.com/indices/IndexArchiveData/,2026-07-17T15:24:01,BSE_PRICE_INDEX
BSE_SMALLCAP,BSE SmallCap,2020-09-14,15145.23,,BSE_INDIA_OFFICIAL,https://www.bseindia.com/indices/IndexArchiveData/,2026-07-17T15:24:01,BSE_PRICE_INDEX
BSE_SMALLCAP,BSE SmallCap,2020-09-15,15363.57,,BSE_INDIA_OFFICIAL,https://www.bseindia.com/indices/IndexArchiveData/,2026-07-17T15:24:01,BSE_PRICE_INDEX
BSE_SMALLCAP,BSE SmallCap,2020-09-16,15430.90,,BSE_INDIA_OFFICIAL,https://www.bseindia.com/indices/IndexArchiveData/,2026-07-17T15:24:01,BSE_PRICE_INDEX
BSE_SMALLCAP,BSE SmallCap,2020-09-17,15349.55,,BSE_INDIA_OFFICIAL,https://www.bseindia.com/indices/IndexArchiveData/,2026-07-17T15:24:01,BSE_PRICE_INDEX
BSE_SMALLCAP,BSE SmallCap,2020-09-18,15299.98,,BSE_INDIA_OFFICIAL,https://www.bseindia.com/indices/IndexArchiveData/,2026-07-17T15:24:01,BSE_PRICE_INDEX
BSE_SMALLCAP,BSE SmallCap,2020-09-21,14747.34,,BSE_INDIA_OFFICIAL,https://www.bseindia.com/indices/IndexArchiveData/,2026-07-17T15:24:01,BSE_PRICE_INDEX
BSE_SMALLCAP,BSE SmallCap,2020-09-22,14509.26,,BSE_INDIA_OFFICIAL,https://www.bseindia.com/indices/IndexArchiveData/,2026-07-17T15:24:01,BSE_PRICE_INDEX
BSE_SMALLCAP,BSE SmallCap,2020-09-23,14499.53,,BSE_INDIA_OFFICIAL,https://www.bseindia.com/indices/IndexArchiveData/,2026-07-17T15:24:01,BSE_PRICE_INDEX
BSE_SMALLCAP,BSE SmallCap,2020-09-24,14168.28,,BSE_INDIA_OFFICIAL,https://www.bseindia.com/indices/IndexArchiveData/,2026-07-17T15:24:01,BSE_PRICE_INDEX
BSE_SMALLCAP,BSE SmallCap,2020-09-25,14495.58,,BSE_INDIA_OFFICIAL,https://www.bseindia.com/indices/IndexArchiveData/,2026-07-17T15:24:01,BSE_PRICE_INDEX
BSE_SMALLCAP,BSE SmallCap,2020-09-28,14863.25,,BSE_INDIA_OFFICIAL,https://www.bseindia.com/indices/IndexArchiveData/,2026-07-17T15:24:01,BSE_PRICE_INDEX
BSE_SMALLCAP,BSE SmallCap,2020-09-29,14861.18,,BSE_INDIA_OFFICIAL,https://www.bseindia.com/indices/IndexArchiveData/,2026-07-17T15:24:01,BSE_PRICE_INDEX
BSE_SMALLCAP,BSE SmallCap,2020-09-30,14867.36,,BSE_INDIA_OFFICIAL,https://www.bseindia.com/indices/IndexArchiveData/,2026-07-17T15:24:01,BSE_PRICE_INDEX
BSE_SMALLCAP,BSE SmallCap,2020-10-01,14970.44,,BSE_INDIA_OFFICIAL,https://www.bseindia.com/indices/IndexArchiveData/,2026-07-17T15:24:01,BSE_PRICE_INDEX
BSE_SMALLCAP,BSE SmallCap,2020-10-05,15027.98,,BSE_INDIA_OFFICIAL,https://www.bseindia.com/indices/IndexArchiveData/,2026-07-17T15:24:01,BSE_PRICE_INDEX
BSE_SMALLCAP,BSE SmallCap,2020-10-06,15110.39,,BSE_INDIA_OFFICIAL,https://www.bseindia.com/indices/IndexArchiveData/,2026-07-17T15:24:01,BSE_PRICE_INDEX
BSE_SMALLCAP,BSE SmallCap,2020-10-07,15049.32,,BSE_INDIA_OFFICIAL,https://www.bseindia.com/indices/IndexArchiveData/,2026-07-17T15:24:01,BSE_PRICE_INDEX
BSE_SMALLCAP,BSE SmallCap,2020-10-08,15010.38,,BSE_INDIA_OFFICIAL,https://www.bseindia.com/indices/IndexArchiveData/,2026-07-17T15:24:01,BSE_PRICE_INDEX
BSE_SMALLCAP,BSE SmallCap,2020-10-09,14966.21,,BSE_INDIA_OFFICIAL,https://www.bseindia.com/indices/IndexArchiveData/,2026-07-17T15:24:01,BSE_PRICE_INDEX
BSE_SMALLCAP,BSE SmallCap,2020-10-12,14906.76,,BSE_INDIA_OFFICIAL,https://www.bseindia.com/indices/IndexArchiveData/,2026-07-17T15:24:01,BSE_PRICE_INDEX
BSE_SMALLCAP,BSE SmallCap,2020-10-13,14888.22,,BSE_INDIA_OFFICIAL,https://www.bseindia.com/indices/IndexArchiveData/,2026-07-17T15:24:01,BSE_PRICE_INDEX
BSE_SMALLCAP,BSE SmallCap,2020-10-14,14859.53,,BSE_INDIA_OFFICIAL,https://www.bseindia.com/indices/IndexArchiveData/,2026-07-17T15:24:01,BSE_PRICE_INDEX
BSE_SMALLCAP,BSE SmallCap,2020-10-15,14643.95,,BSE_INDIA_OFFICIAL,https://www.bseindia.com/indices/IndexArchiveData/,2026-07-17T15:24:01,BSE_PRICE_INDEX
BSE_SMALLCAP,BSE SmallCap,2020-10-16,14786.56,,BSE_INDIA_OFFICIAL,https://www.bseindia.com/indices/IndexArchiveData/,2026-07-17T15:24:01,BSE_PRICE_INDEX
BSE_SMALLCAP,BSE SmallCap,2020-10-19,14850.88,,BSE_INDIA_OFFICIAL,https://www.bseindia.com/indices/IndexArchiveData/,2026-07-17T15:24:01,BSE_PRICE_INDEX
BSE_SMALLCAP,BSE SmallCap,2020-10-20,14896.14,,BSE_INDIA_OFFICIAL,https://www.bseindia.com/indices/IndexArchiveData/,2026-07-17T15:24:01,BSE_PRICE_INDEX
BSE_SMALLCAP,BSE SmallCap,2020-10-21,14900.68,,BSE_INDIA_OFFICIAL,https://www.bseindia.com/indices/IndexArchiveData/,2026-07-17T15:24:01,BSE_PRICE_INDEX
BSE_SMALLCAP,BSE SmallCap,2020-10-22,15028.08,,BSE_INDIA_OFFICIAL,https://www.bseindia.com/indices/IndexArchiveData/,2026-07-17T15:24:01,BSE_PRICE_INDEX
BSE_SMALLCAP,BSE SmallCap,2020-10-23,15134.59,,BSE_INDIA_OFFICIAL,https://www.bseindia.com/indices/IndexArchiveData/,2026-07-17T15:24:01,BSE_PRICE_INDEX
BSE_SMALLCAP,BSE SmallCap,2020-10-26,15000.71,,BSE_INDIA_OFFICIAL,https://www.bseindia.com/indices/IndexArchiveData/,2026-07-17T15:24:01,BSE_PRICE_INDEX
BSE_SMALLCAP,BSE SmallCap,2020-10-27,15090.43,,BSE_INDIA_OFFICIAL,https://www.bseindia.com/indices/IndexArchiveData/,2026-07-17T15:24:01,BSE_PRICE_INDEX
BSE_SMALLCAP,BSE SmallCap,2020-10-28,14975.76,,BSE_INDIA_OFFICIAL,https://www.bseindia.com/indices/IndexArchiveData/,2026-07-17T15:24:01,BSE_PRICE_INDEX
BSE_SMALLCAP,BSE SmallCap,2020-10-29,14893.09,,BSE_INDIA_OFFICIAL,https://www.bseindia.com/indices/IndexArchiveData/,2026-07-17T15:24:01,BSE_PRICE_INDEX
BSE_SMALLCAP,BSE SmallCap,2020-10-30,14888.08,,BSE_INDIA_OFFICIAL,https://www.bseindia.com/indices/IndexArchiveData/,2026-07-17T15:24:01,BSE_PRICE_INDEX
BSE_SMALLCAP,BSE SmallCap,2020-11-02,14781.89,,BSE_INDIA_OFFICIAL,https://www.bseindia.com/indices/IndexArchiveData/,2026-07-17T15:24:01,BSE_PRICE_INDEX
BSE_SMALLCAP,BSE SmallCap,2020-11-03,14834.27,,BSE_INDIA_OFFICIAL,https://www.bseindia.com/indices/IndexArchiveData/,2026-07-17T15:24:01,BSE_PRICE_INDEX
BSE_SMALLCAP,BSE SmallCap,2020-11-04,14883.19,,BSE_INDIA_OFFICIAL,https://www.bseindia.com/indices/IndexArchiveData/,2026-07-17T15:24:01,BSE_PRICE_INDEX
BSE_SMALLCAP,BSE SmallCap,2020-11-05,15136.47,,BSE_INDIA_OFFICIAL,https://www.bseindia.com/indices/IndexArchiveData/,2026-07-17T15:24:01,BSE_PRICE_INDEX
BSE_SMALLCAP,BSE SmallCap,2020-11-06,15218.01,,BSE_INDIA_OFFICIAL,https://www.bseindia.com/indices/IndexArchiveData/,2026-07-17T15:24:01,BSE_PRICE_INDEX
BSE_SMALLCAP,BSE SmallCap,2020-11-09,15304.72,,BSE_INDIA_OFFICIAL,https://www.bseindia.com/indices/IndexArchiveData/,2026-07-17T15:24:01,BSE_PRICE_INDEX
BSE_SMALLCAP,BSE SmallCap,2020-11-10,15231.65,,BSE_INDIA_OFFICIAL,https://www.bseindia.com/indices/IndexArchiveData/,2026-07-17T15:24:01,BSE_PRICE_INDEX
BSE_SMALLCAP,BSE SmallCap,2020-11-11,15283.22,,BSE_INDIA_OFFICIAL,https://www.bseindia.com/indices/IndexArchiveData/,2026-07-17T15:24:01,BSE_PRICE_INDEX
BSE_SMALLCAP,BSE SmallCap,2020-11-12,15466.31,,BSE_INDIA_OFFICIAL,https://www.bseindia.com/indices/IndexArchiveData/,2026-07-17T15:24:01,BSE_PRICE_INDEX
BSE_SMALLCAP,BSE SmallCap,2020-11-13,15639.13,,BSE_INDIA_OFFICIAL,https://www.bseindia.com/indices/IndexArchiveData/,2026-07-17T15:24:01,BSE_PRICE_INDEX
BSE_SMALLCAP,BSE SmallCap,2020-11-14,15770.20,,BSE_INDIA_OFFICIAL,https://www.bseindia.com/indices/IndexArchiveData/,2026-07-17T15:24:01,BSE_PRICE_INDEX
BSE_SMALLCAP,BSE SmallCap,2020-11-17,15909.62,,BSE_INDIA_OFFICIAL,https://www.bseindia.com/indices/IndexArchiveData/,2026-07-17T15:24:01,BSE_PRICE_INDEX
BSE_SMALLCAP,BSE SmallCap,2020-11-18,16053.58,,BSE_INDIA_OFFICIAL,https://www.bseindia.com/indices/IndexArchiveData/,2026-07-17T15:24:01,BSE_PRICE_INDEX
BSE_SMALLCAP,BSE SmallCap,2020-11-19,16059.06,,BSE_INDIA_OFFICIAL,https://www.bseindia.com/indices/IndexArchiveData/,2026-07-17T15:24:01,BSE_PRICE_INDEX
BSE_SMALLCAP,BSE SmallCap,2020-11-20,16182.55,,BSE_INDIA_OFFICIAL,https://www.bseindia.com/indices/IndexArchiveData/,2026-07-17T15:24:01,BSE_PRICE_INDEX
BSE_SMALLCAP,BSE SmallCap,2020-11-23,16404.98,,BSE_INDIA_OFFICIAL,https://www.bseindia.com/indices/IndexArchiveData/,2026-07-17T15:24:01,BSE_PRICE_INDEX
BSE_SMALLCAP,BSE SmallCap,2020-11-24,16550.18,,BSE_INDIA_OFFICIAL,https://www.bseindia.com/indices/IndexArchiveData/,2026-07-17T15:24:01,BSE_PRICE_INDEX
BSE_SMALLCAP,BSE SmallCap,2020-11-25,16363.29,,BSE_INDIA_OFFICIAL,https://www.bseindia.com/indices/IndexArchiveData/,2026-07-17T15:24:01,BSE_PRICE_INDEX
BSE_SMALLCAP,BSE SmallCap,2020-11-26,16480.06,,BSE_INDIA_OFFICIAL,https://www.bseindia.com/indices/IndexArchiveData/,2026-07-17T15:24:01,BSE_PRICE_INDEX
BSE_SMALLCAP,BSE SmallCap,2020-11-27,16875.15,,BSE_INDIA_OFFICIAL,https://www.bseindia.com/indices/IndexArchiveData/,2026-07-17T15:24:01,BSE_PRICE_INDEX
BSE_SMALLCAP,BSE SmallCap,2020-12-01,17013.04,,BSE_INDIA_OFFICIAL,https://www.bseindia.com/indices/IndexArchiveData/,2026-07-17T15:24:01,BSE_PRICE_INDEX
BSE_SMALLCAP,BSE SmallCap,2020-12-02,17129.25,,BSE_INDIA_OFFICIAL,https://www.bseindia.com/indices/IndexArchiveData/,2026-07-17T15:24:01,BSE_PRICE_INDEX
BSE_SMALLCAP,BSE SmallCap,2020-12-03,17245.54,,BSE_INDIA_OFFICIAL,https://www.bseindia.com/indices/IndexArchiveData/,2026-07-17T15:24:01,BSE_PRICE_INDEX
BSE_SMALLCAP,BSE SmallCap,2020-12-04,17317.29,,BSE_INDIA_OFFICIAL,https://www.bseindia.com/indices/IndexArchiveData/,2026-07-17T15:24:01,BSE_PRICE_INDEX
BSE_SMALLCAP,BSE SmallCap,2020-12-07,17542.66,,BSE_INDIA_OFFICIAL,https://www.bseindia.com/indices/IndexArchiveData/,2026-07-17T15:24:01,BSE_PRICE_INDEX
BSE_SMALLCAP,BSE SmallCap,2020-12-08,17491.61,,BSE_INDIA_OFFICIAL,https://www.bseindia.com/indices/IndexArchiveData/,2026-07-17T15:24:01,BSE_PRICE_INDEX
BSE_SMALLCAP,BSE SmallCap,2020-12-09,17577.45,,BSE_INDIA_OFFICIAL,https://www.bseindia.com/indices/IndexArchiveData/,2026-07-17T15:24:01,BSE_PRICE_INDEX
BSE_SMALLCAP,BSE SmallCap,2020-12-10,17463.08,,BSE_INDIA_OFFICIAL,https://www.bseindia.com/indices/IndexArchiveData/,2026-07-17T15:24:01,BSE_PRICE_INDEX
BSE_SMALLCAP,BSE SmallCap,2020-12-11,17552.58,,BSE_INDIA_OFFICIAL,https://www.bseindia.com/indices/IndexArchiveData/,2026-07-17T15:24:01,BSE_PRICE_INDEX
BSE_SMALLCAP,BSE SmallCap,2020-12-14,17683.22,,BSE_INDIA_OFFICIAL,https://www.bseindia.com/indices/IndexArchiveData/,2026-07-17T15:24:01,BSE_PRICE_INDEX
BSE_SMALLCAP,BSE SmallCap,2020-12-15,17696.17,,BSE_INDIA_OFFICIAL,https://www.bseindia.com/indices/IndexArchiveData/,2026-07-17T15:24:01,BSE_PRICE_INDEX
BSE_SMALLCAP,BSE SmallCap,2020-12-16,17852.13,,BSE_INDIA_OFFICIAL,https://www.bseindia.com/indices/IndexArchiveData/,2026-07-17T15:24:01,BSE_PRICE_INDEX
BSE_SMALLCAP,BSE SmallCap,2020-12-17,17811.30,,BSE_INDIA_OFFICIAL,https://www.bseindia.com/indices/IndexArchiveData/,2026-07-17T15:24:01,BSE_PRICE_INDEX
BSE_SMALLCAP,BSE SmallCap,2020-12-18,17769.10,,BSE_INDIA_OFFICIAL,https://www.bseindia.com/indices/IndexArchiveData/,2026-07-17T15:24:01,BSE_PRICE_INDEX
BSE_SMALLCAP,BSE SmallCap,2020-12-21,16956.99,,BSE_INDIA_OFFICIAL,https://www.bseindia.com/indices/IndexArchiveData/,2026-07-17T15:24:01,BSE_PRICE_INDEX
BSE_SMALLCAP,BSE SmallCap,2020-12-22,17117.66,,BSE_INDIA_OFFICIAL,https://www.bseindia.com/indices/IndexArchiveData/,2026-07-17T15:24:01,BSE_PRICE_INDEX
BSE_SMALLCAP,BSE SmallCap,2020-12-23,17572.02,,BSE_INDIA_OFFICIAL,https://www.bseindia.com/indices/IndexArchiveData/,2026-07-17T15:24:01,BSE_PRICE_INDEX
BSE_SMALLCAP,BSE SmallCap,2020-12-24,17675.53,,BSE_INDIA_OFFICIAL,https://www.bseindia.com/indices/IndexArchiveData/,2026-07-17T15:24:01,BSE_PRICE_INDEX
BSE_SMALLCAP,BSE SmallCap,2020-12-28,17938.59,,BSE_INDIA_OFFICIAL,https://www.bseindia.com/indices/IndexArchiveData/,2026-07-17T15:24:01,BSE_PRICE_INDEX
BSE_SMALLCAP,BSE SmallCap,2020-12-29,17967.67,,BSE_INDIA_OFFICIAL,https://www.bseindia.com/indices/IndexArchiveData/,2026-07-17T15:24:01,BSE_PRICE_INDEX
BSE_SMALLCAP,BSE SmallCap,2020-12-30,18033.31,,BSE_INDIA_OFFICIAL,https://www.bseindia.com/indices/IndexArchiveData/,2026-07-17T15:24:01,BSE_PRICE_INDEX
BSE_SMALLCAP,BSE SmallCap,2020-12-31,18098.11,,BSE_INDIA_OFFICIAL,https://www.bseindia.com/indices/IndexArchiveData/,2026-07-17T15:24:01,BSE_PRICE_INDEX
BSE_SMALLCAP,BSE SmallCap,2021-01-01,18261.03,,BSE_INDIA_OFFICIAL,https://www.bseindia.com/indices/IndexArchiveData/,2026-07-17T15:24:01,BSE_PRICE_INDEX
BSE_SMALLCAP,BSE SmallCap,2021-01-04,18510.83,,BSE_INDIA_OFFICIAL,https://www.bseindia.com/indices/IndexArchiveData/,2026-07-17T15:24:01,BSE_PRICE_INDEX
BSE_SMALLCAP,BSE SmallCap,2021-01-05,18641.74,,BSE_INDIA_OFFICIAL,https://www.bseindia.com/indices/IndexArchiveData/,2026-07-17T15:24:01,BSE_PRICE_INDEX
BSE_SMALLCAP,BSE SmallCap,2021-01-06,18615.17,,BSE_INDIA_OFFICIAL,https://www.bseindia.com/indices/IndexArchiveData/,2026-07-17T15:24:01,BSE_PRICE_INDEX
BSE_SMALLCAP,BSE SmallCap,2021-01-07,18772.86,,BSE_INDIA_OFFICIAL,https://www.bseindia.com/indices/IndexArchiveData/,2026-07-17T15:24:01,BSE_PRICE_INDEX
BSE_SMALLCAP,BSE SmallCap,2021-01-08,18908.59,,BSE_INDIA_OFFICIAL,https://www.bseindia.com/indices/IndexArchiveData/,2026-07-17T15:24:01,BSE_PRICE_INDEX
BSE_SMALLCAP,BSE SmallCap,2021-01-11,18876.44,,BSE_INDIA_OFFICIAL,https://www.bseindia.com/indices/IndexArchiveData/,2026-07-17T15:24:01,BSE_PRICE_INDEX
BSE_SMALLCAP,BSE SmallCap,2021-01-12,18922.73,,BSE_INDIA_OFFICIAL,https://www.bseindia.com/indices/IndexArchiveData/,2026-07-17T15:24:01,BSE_PRICE_INDEX
BSE_SMALLCAP,BSE SmallCap,2021-01-13,18850.66,,BSE_INDIA_OFFICIAL,https://www.bseindia.com/indices/IndexArchiveData/,2026-07-17T15:24:01,BSE_PRICE_INDEX
BSE_SMALLCAP,BSE SmallCap,2021-01-14,18882.23,,BSE_INDIA_OFFICIAL,https://www.bseindia.com/indices/IndexArchiveData/,2026-07-17T15:24:01,BSE_PRICE_INDEX
BSE_SMALLCAP,BSE SmallCap,2021-01-15,18682.12,,BSE_INDIA_OFFICIAL,https://www.bseindia.com/indices/IndexArchiveData/,2026-07-17T15:24:01,BSE_PRICE_INDEX
BSE_SMALLCAP,BSE SmallCap,2021-01-18,18329.79,,BSE_INDIA_OFFICIAL,https://www.bseindia.com/indices/IndexArchiveData/,2026-07-17T15:24:01,BSE_PRICE_INDEX
BSE_SMALLCAP,BSE SmallCap,2021-01-19,18634.97,,BSE_INDIA_OFFICIAL,https://www.bseindia.com/indices/IndexArchiveData/,2026-07-17T15:24:01,BSE_PRICE_INDEX
BSE_SMALLCAP,BSE SmallCap,2021-01-20,18743.39,,BSE_INDIA_OFFICIAL,https://www.bseindia.com/indices/IndexArchiveData/,2026-07-17T15:24:01,BSE_PRICE_INDEX
BSE_SMALLCAP,BSE SmallCap,2021-01-21,18615.10,,BSE_INDIA_OFFICIAL,https://www.bseindia.com/indices/IndexArchiveData/,2026-07-17T15:24:01,BSE_PRICE_INDEX
BSE_SMALLCAP,BSE SmallCap,2021-01-22,18422.05,,BSE_INDIA_OFFICIAL,https://www.bseindia.com/indices/IndexArchiveData/,2026-07-17T15:24:01,BSE_PRICE_INDEX
BSE_SMALLCAP,BSE SmallCap,2021-01-25,18210.80,,BSE_INDIA_OFFICIAL,https://www.bseindia.com/indices/IndexArchiveData/,2026-07-17T15:24:01,BSE_PRICE_INDEX
BSE_SMALLCAP,BSE SmallCap,2021-01-27,18115.31,,BSE_INDIA_OFFICIAL,https://www.bseindia.com/indices/IndexArchiveData/,2026-07-17T15:24:01,BSE_PRICE_INDEX
BSE_SMALLCAP,BSE SmallCap,2021-01-28,18033.90,,BSE_INDIA_OFFICIAL,https://www.bseindia.com/indices/IndexArchiveData/,2026-07-17T15:24:01,BSE_PRICE_INDEX
BSE_SMALLCAP,BSE SmallCap,2021-01-29,17988.20,,BSE_INDIA_OFFICIAL,https://www.bseindia.com/indices/IndexArchiveData/,2026-07-17T15:24:01,BSE_PRICE_INDEX
BSE_SMALLCAP,BSE SmallCap,2021-02-01,18353.32,,BSE_INDIA_OFFICIAL,https://www.bseindia.com/indices/IndexArchiveData/,2026-07-17T15:24:01,BSE_PRICE_INDEX
BSE_SMALLCAP,BSE SmallCap,2021-02-02,18645.94,,BSE_INDIA_OFFICIAL,https://www.bseindia.com/indices/IndexArchiveData/,2026-07-17T15:24:01,BSE_PRICE_INDEX
BSE_SMALLCAP,BSE SmallCap,2021-02-03,18919.47,,BSE_INDIA_OFFICIAL,https://www.bseindia.com/indices/IndexArchiveData/,2026-07-17T15:24:01,BSE_PRICE_INDEX
BSE_SMALLCAP,BSE SmallCap,2021-02-04,19148.74,,BSE_INDIA_OFFICIAL,https://www.bseindia.com/indices/IndexArchiveData/,2026-07-17T15:24:01,BSE_PRICE_INDEX
BSE_SMALLCAP,BSE SmallCap,2021-02-05,19096.06,,BSE_INDIA_OFFICIAL,https://www.bseindia.com/indices/IndexArchiveData/,2026-07-17T15:24:01,BSE_PRICE_INDEX
BSE_SMALLCAP,BSE SmallCap,2021-02-08,19388.71,,BSE_INDIA_OFFICIAL,https://www.bseindia.com/indices/IndexArchiveData/,2026-07-17T15:24:01,BSE_PRICE_INDEX
BSE_SMALLCAP,BSE SmallCap,2021-02-09,19338.77,,BSE_INDIA_OFFICIAL,https://www.bseindia.com/indices/IndexArchiveData/,2026-07-17T15:24:01,BSE_PRICE_INDEX
BSE_SMALLCAP,BSE SmallCap,2021-02-10,19420.07,,BSE_INDIA_OFFICIAL,https://www.bseindia.com/indices/IndexArchiveData/,2026-07-17T15:24:01,BSE_PRICE_INDEX
BSE_SMALLCAP,BSE SmallCap,2021-02-11,19626.01,,BSE_INDIA_OFFICIAL,https://www.bseindia.com/indices/IndexArchiveData/,2026-07-17T15:24:01,BSE_PRICE_INDEX
BSE_SMALLCAP,BSE SmallCap,2021-02-12,19622.05,,BSE_INDIA_OFFICIAL,https://www.bseindia.com/indices/IndexArchiveData/,2026-07-17T15:24:01,BSE_PRICE_INDEX
BSE_SMALLCAP,BSE SmallCap,2021-02-15,19693.87,,BSE_INDIA_OFFICIAL,https://www.bseindia.com/indices/IndexArchiveData/,2026-07-17T15:24:01,BSE_PRICE_INDEX
BSE_SMALLCAP,BSE SmallCap,2021-02-16,19778.67,,BSE_INDIA_OFFICIAL,https://www.bseindia.com/indices/IndexArchiveData/,2026-07-17T15:24:01,BSE_PRICE_INDEX
BSE_SMALLCAP,BSE SmallCap,2021-02-17,19883.29,,BSE_INDIA_OFFICIAL,https://www.bseindia.com/indices/IndexArchiveData/,2026-07-17T15:24:01,BSE_PRICE_INDEX
BSE_SMALLCAP,BSE SmallCap,2021-02-18,20016.43,,BSE_INDIA_OFFICIAL,https://www.bseindia.com/indices/IndexArchiveData/,2026-07-17T15:24:01,BSE_PRICE_INDEX
BSE_SMALLCAP,BSE SmallCap,2021-02-19,19863.41,,BSE_INDIA_OFFICIAL,https://www.bseindia.com/indices/IndexArchiveData/,2026-07-17T15:24:01,BSE_PRICE_INDEX
BSE_SMALLCAP,BSE SmallCap,2021-02-22,19661.89,,BSE_INDIA_OFFICIAL,https://www.bseindia.com/indices/IndexArchiveData/,2026-07-17T15:24:01,BSE_PRICE_INDEX
BSE_SMALLCAP,BSE SmallCap,2021-02-23,19806.45,,BSE_INDIA_OFFICIAL,https://www.bseindia.com/indices/IndexArchiveData/,2026-07-17T15:24:01,BSE_PRICE_INDEX
BSE_SMALLCAP,BSE SmallCap,2021-02-24,20019.97,,BSE_INDIA_OFFICIAL,https://www.bseindia.com/indices/IndexArchiveData/,2026-07-17T15:24:01,BSE_PRICE_INDEX
BSE_SMALLCAP,BSE SmallCap,2021-02-25,20304.98,,BSE_INDIA_OFFICIAL,https://www.bseindia.com/indices/IndexArchiveData/,2026-07-17T15:24:01,BSE_PRICE_INDEX
BSE_SMALLCAP,BSE SmallCap,2021-02-26,20155.35,,BSE_INDIA_OFFICIAL,https://www.bseindia.com/indices/IndexArchiveData/,2026-07-17T15:24:01,BSE_PRICE_INDEX
BSE_SMALLCAP,BSE SmallCap,2021-03-01,20479.09,,BSE_INDIA_OFFICIAL,https://www.bseindia.com/indices/IndexArchiveData/,2026-07-17T15:24:01,BSE_PRICE_INDEX
BSE_SMALLCAP,BSE SmallCap,2021-03-02,20806.24,,BSE_INDIA_OFFICIAL,https://www.bseindia.com/indices/IndexArchiveData/,2026-07-17T15:24:01,BSE_PRICE_INDEX
BSE_SMALLCAP,BSE SmallCap,2021-03-03,21085.29,,BSE_INDIA_OFFICIAL,https://www.bseindia.com/indices/IndexArchiveData/,2026-07-17T15:24:01,BSE_PRICE_INDEX
BSE_SMALLCAP,BSE SmallCap,2021-03-04,21254.07,,BSE_INDIA_OFFICIAL,https://www.bseindia.com/indices/IndexArchiveData/,2026-07-17T15:24:01,BSE_PRICE_INDEX
BSE_SMALLCAP,BSE SmallCap,2021-03-05,20936.02,,BSE_INDIA_OFFICIAL,https://www.bseindia.com/indices/IndexArchiveData/,2026-07-17T15:24:01,BSE_PRICE_INDEX
BSE_SMALLCAP,BSE SmallCap,2021-03-08,21067.20,,BSE_INDIA_OFFICIAL,https://www.bseindia.com/indices/IndexArchiveData/,2026-07-17T15:24:01,BSE_PRICE_INDEX
BSE_SMALLCAP,BSE SmallCap,2021-03-09,20981.64,,BSE_INDIA_OFFICIAL,https://www.bseindia.com/indices/IndexArchiveData/,2026-07-17T15:24:01,BSE_PRICE_INDEX
BSE_SMALLCAP,BSE SmallCap,2021-03-10,21180.25,,BSE_INDIA_OFFICIAL,https://www.bseindia.com/indices/IndexArchiveData/,2026-07-17T15:24:01,BSE_PRICE_INDEX
BSE_SMALLCAP,BSE SmallCap,2021-03-12,21209.07,,BSE_INDIA_OFFICIAL,https://www.bseindia.com/indices/IndexArchiveData/,2026-07-17T15:24:01,BSE_PRICE_INDEX
BSE_SMALLCAP,BSE SmallCap,2021-03-15,21095.79,,BSE_INDIA_OFFICIAL,https://www.bseindia.com/indices/IndexArchiveData/,2026-07-17T15:24:01,BSE_PRICE_INDEX
BSE_SMALLCAP,BSE SmallCap,2021-03-16,21162.50,,BSE_INDIA_OFFICIAL,https://www.bseindia.com/indices/IndexArchiveData/,2026-07-17T15:24:01,BSE_PRICE_INDEX
BSE_SMALLCAP,BSE SmallCap,2021-03-17,20713.58,,BSE_INDIA_OFFICIAL,https://www.bseindia.com/indices/IndexArchiveData/,2026-07-17T15:24:01,BSE_PRICE_INDEX
BSE_SMALLCAP,BSE SmallCap,2021-03-18,20386.16,,BSE_INDIA_OFFICIAL,https://www.bseindia.com/indices/IndexArchiveData/,2026-07-17T15:24:01,BSE_PRICE_INDEX
BSE_SMALLCAP,BSE SmallCap,2021-03-19,20470.54,,BSE_INDIA_OFFICIAL,https://www.bseindia.com/indices/IndexArchiveData/,2026-07-17T15:24:01,BSE_PRICE_INDEX
BSE_SMALLCAP,BSE SmallCap,2021-03-22,20619.29,,BSE_INDIA_OFFICIAL,https://www.bseindia.com/indices/IndexArchiveData/,2026-07-17T15:24:01,BSE_PRICE_INDEX
BSE_SMALLCAP,BSE SmallCap,2021-03-23,20773.05,,BSE_INDIA_OFFICIAL,https://www.bseindia.com/indices/IndexArchiveData/,2026-07-17T15:24:01,BSE_PRICE_INDEX
BSE_SMALLCAP,BSE SmallCap,2021-03-24,20440.92,,BSE_INDIA_OFFICIAL,https://www.bseindia.com/indices/IndexArchiveData/,2026-07-17T15:24:01,BSE_PRICE_INDEX
BSE_SMALLCAP,BSE SmallCap,2021-03-25,20062.06,,BSE_INDIA_OFFICIAL,https://www.bseindia.com/indices/IndexArchiveData/,2026-07-17T15:24:01,BSE_PRICE_INDEX
BSE_SMALLCAP,BSE SmallCap,2021-03-26,20278.96,,BSE_INDIA_OFFICIAL,https://www.bseindia.com/indices/IndexArchiveData/,2026-07-17T15:24:01,BSE_PRICE_INDEX
BSE_SMALLCAP,BSE SmallCap,2021-03-30,20543.39,,BSE_INDIA_OFFICIAL,https://www.bseindia.com/indices/IndexArchiveData/,2026-07-17T15:24:01,BSE_PRICE_INDEX
BSE_SMALLCAP,BSE SmallCap,2021-03-31,20649.33,,BSE_INDIA_OFFICIAL,https://www.bseindia.com/indices/IndexArchiveData/,2026-07-17T15:24:01,BSE_PRICE_INDEX
BSE_SMALLCAP,BSE SmallCap,2021-04-01,21071.69,,BSE_INDIA_OFFICIAL,https://www.bseindia.com/indices/IndexArchiveData/,2026-07-17T15:24:01,BSE_PRICE_INDEX
BSE_SMALLCAP,BSE SmallCap,2021-04-05,20844.99,,BSE_INDIA_OFFICIAL,https://www.bseindia.com/indices/IndexArchiveData/,2026-07-17T15:24:01,BSE_PRICE_INDEX
BSE_SMALLCAP,BSE SmallCap,2021-04-06,21020.10,,BSE_INDIA_OFFICIAL,https://www.bseindia.com/indices/IndexArchiveData/,2026-07-17T15:24:01,BSE_PRICE_INDEX
BSE_SMALLCAP,BSE SmallCap,2021-04-07,21293.40,,BSE_INDIA_OFFICIAL,https://www.bseindia.com/indices/IndexArchiveData/,2026-07-17T15:24:01,BSE_PRICE_INDEX
BSE_SMALLCAP,BSE SmallCap,2021-04-08,21449.57,,BSE_INDIA_OFFICIAL,https://www.bseindia.com/indices/IndexArchiveData/,2026-07-17T15:24:01,BSE_PRICE_INDEX
BSE_SMALLCAP,BSE SmallCap,2021-04-09,21596.85,,BSE_INDIA_OFFICIAL,https://www.bseindia.com/indices/IndexArchiveData/,2026-07-17T15:24:01,BSE_PRICE_INDEX
BSE_SMALLCAP,BSE SmallCap,2021-04-12,20557.01,,BSE_INDIA_OFFICIAL,https://www.bseindia.com/indices/IndexArchiveData/,2026-07-17T15:24:01,BSE_PRICE_INDEX
BSE_SMALLCAP,BSE SmallCap,2021-04-13,20805.48,,BSE_INDIA_OFFICIAL,https://www.bseindia.com/indices/IndexArchiveData/,2026-07-17T15:24:01,BSE_PRICE_INDEX
BSE_SMALLCAP,BSE SmallCap,2021-04-15,20799.69,,BSE_INDIA_OFFICIAL,https://www.bseindia.com/indices/IndexArchiveData/,2026-07-17T15:24:01,BSE_PRICE_INDEX
BSE_SMALLCAP,BSE SmallCap,2021-04-16,21018.55,,BSE_INDIA_OFFICIAL,https://www.bseindia.com/indices/IndexArchiveData/,2026-07-17T15:24:01,BSE_PRICE_INDEX
BSE_SMALLCAP,BSE SmallCap,2021-04-19,20674.07,,BSE_INDIA_OFFICIAL,https://www.bseindia.com/indices/IndexArchiveData/,2026-07-17T15:24:01,BSE_PRICE_INDEX
BSE_SMALLCAP,BSE SmallCap,2021-04-20,20775.50,,BSE_INDIA_OFFICIAL,https://www.bseindia.com/indices/IndexArchiveData/,2026-07-17T15:24:01,BSE_PRICE_INDEX
BSE_SMALLCAP,BSE SmallCap,2021-04-22,20898.53,,BSE_INDIA_OFFICIAL,https://www.bseindia.com/indices/IndexArchiveData/,2026-07-17T15:24:01,BSE_PRICE_INDEX
BSE_SMALLCAP,BSE SmallCap,2021-04-23,21005.01,,BSE_INDIA_OFFICIAL,https://www.bseindia.com/indices/IndexArchiveData/,2026-07-17T15:24:01,BSE_PRICE_INDEX
BSE_SMALLCAP,BSE SmallCap,2021-04-26,21190.37,,BSE_INDIA_OFFICIAL,https://www.bseindia.com/indices/IndexArchiveData/,2026-07-17T15:24:01,BSE_PRICE_INDEX
BSE_SMALLCAP,BSE SmallCap,2021-04-27,21506.70,,BSE_INDIA_OFFICIAL,https://www.bseindia.com/indices/IndexArchiveData/,2026-07-17T15:24:01,BSE_PRICE_INDEX
BSE_SMALLCAP,BSE SmallCap,2021-04-28,21658.44,,BSE_INDIA_OFFICIAL,https://www.bseindia.com/indices/IndexArchiveData/,2026-07-17T15:24:01,BSE_PRICE_INDEX
BSE_SMALLCAP,BSE SmallCap,2021-04-29,21686.04,,BSE_INDIA_OFFICIAL,https://www.bseindia.com/indices/IndexArchiveData/,2026-07-17T15:24:01,BSE_PRICE_INDEX
BSE_SMALLCAP,BSE SmallCap,2021-04-30,21670.11,,BSE_INDIA_OFFICIAL,https://www.bseindia.com/indices/IndexArchiveData/,2026-07-17T15:24:01,BSE_PRICE_INDEX
BSE_SMALLCAP,BSE SmallCap,2021-05-03,22011.14,,BSE_INDIA_OFFICIAL,https://www.bseindia.com/indices/IndexArchiveData/,2026-07-17T15:24:01,BSE_PRICE_INDEX
BSE_SMALLCAP,BSE SmallCap,2021-05-04,21885.69,,BSE_INDIA_OFFICIAL,https://www.bseindia.com/indices/IndexArchiveData/,2026-07-17T15:24:01,BSE_PRICE_INDEX
BSE_SMALLCAP,BSE SmallCap,2021-05-05,22053.24,,BSE_INDIA_OFFICIAL,https://www.bseindia.com/indices/IndexArchiveData/,2026-07-17T15:24:01,BSE_PRICE_INDEX
BSE_SMALLCAP,BSE SmallCap,2021-05-06,22183.93,,BSE_INDIA_OFFICIAL,https://www.bseindia.com/indices/IndexArchiveData/,2026-07-17T15:24:01,BSE_PRICE_INDEX
BSE_SMALLCAP,BSE SmallCap,2021-05-07,22218.10,,BSE_INDIA_OFFICIAL,https://www.bseindia.com/indices/IndexArchiveData/,2026-07-17T15:24:01,BSE_PRICE_INDEX
BSE_SMALLCAP,BSE SmallCap,2021-05-10,22426.16,,BSE_INDIA_OFFICIAL,https://www.bseindia.com/indices/IndexArchiveData/,2026-07-17T15:24:01,BSE_PRICE_INDEX
BSE_SMALLCAP,BSE SmallCap,2021-05-11,22606.17,,BSE_INDIA_OFFICIAL,https://www.bseindia.com/indices/IndexArchiveData/,2026-07-17T15:24:01,BSE_PRICE_INDEX
BSE_SMALLCAP,BSE SmallCap,2021-05-12,22466.28,,BSE_INDIA_OFFICIAL,https://www.bseindia.com/indices/IndexArchiveData/,2026-07-17T15:24:01,BSE_PRICE_INDEX
BSE_SMALLCAP,BSE SmallCap,2021-05-14,22200.54,,BSE_INDIA_OFFICIAL,https://www.bseindia.com/indices/IndexArchiveData/,2026-07-17T15:24:01,BSE_PRICE_INDEX
BSE_SMALLCAP,BSE SmallCap,2021-05-17,22558.92,,BSE_INDIA_OFFICIAL,https://www.bseindia.com/indices/IndexArchiveData/,2026-07-17T15:24:01,BSE_PRICE_INDEX
BSE_SMALLCAP,BSE SmallCap,2021-05-18,22847.90,,BSE_INDIA_OFFICIAL,https://www.bseindia.com/indices/IndexArchiveData/,2026-07-17T15:24:01,BSE_PRICE_INDEX
BSE_SMALLCAP,BSE SmallCap,2021-05-19,22928.97,,BSE_INDIA_OFFICIAL,https://www.bseindia.com/indices/IndexArchiveData/,2026-07-17T15:24:01,BSE_PRICE_INDEX
BSE_SMALLCAP,BSE SmallCap,2021-05-20,22980.48,,BSE_INDIA_OFFICIAL,https://www.bseindia.com/indices/IndexArchiveData/,2026-07-17T15:24:01,BSE_PRICE_INDEX
BSE_SMALLCAP,BSE SmallCap,2021-05-21,23130.40,,BSE_INDIA_OFFICIAL,https://www.bseindia.com/indices/IndexArchiveData/,2026-07-17T15:24:01,BSE_PRICE_INDEX
BSE_SMALLCAP,BSE SmallCap,2021-05-24,23291.87,,BSE_INDIA_OFFICIAL,https://www.bseindia.com/indices/IndexArchiveData/,2026-07-17T15:24:01,BSE_PRICE_INDEX
BSE_SMALLCAP,BSE SmallCap,2021-05-25,23351.87,,BSE_INDIA_OFFICIAL,https://www.bseindia.com/indices/IndexArchiveData/,2026-07-17T15:24:01,BSE_PRICE_INDEX
BSE_SMALLCAP,BSE SmallCap,2021-05-26,23512.62,,BSE_INDIA_OFFICIAL,https://www.bseindia.com/indices/IndexArchiveData/,2026-07-17T15:24:01,BSE_PRICE_INDEX
BSE_SMALLCAP,BSE SmallCap,2021-05-27,23591.49,,BSE_INDIA_OFFICIAL,https://www.bseindia.com/indices/IndexArchiveData/,2026-07-17T15:24:01,BSE_PRICE_INDEX
BSE_SMALLCAP,BSE SmallCap,2021-05-28,23478.69,,BSE_INDIA_OFFICIAL,https://www.bseindia.com/indices/IndexArchiveData/,2026-07-17T15:24:01,BSE_PRICE_INDEX
BSE_SMALLCAP,BSE SmallCap,2021-05-31,23595.98,,BSE_INDIA_OFFICIAL,https://www.bseindia.com/indices/IndexArchiveData/,2026-07-17T15:24:01,BSE_PRICE_INDEX
BSE_SMALLCAP,BSE SmallCap,2021-06-01,23522.99,,BSE_INDIA_OFFICIAL,https://www.bseindia.com/indices/IndexArchiveData/,2026-07-17T15:24:01,BSE_PRICE_INDEX
BSE_SMALLCAP,BSE SmallCap,2021-06-02,23826.12,,BSE_INDIA_OFFICIAL,https://www.bseindia.com/indices/IndexArchiveData/,2026-07-17T15:24:01,BSE_PRICE_INDEX
BSE_SMALLCAP,BSE SmallCap,2021-06-03,24075.06,,BSE_INDIA_OFFICIAL,https://www.bseindia.com/indices/IndexArchiveData/,2026-07-17T15:24:01,BSE_PRICE_INDEX
BSE_SMALLCAP,BSE SmallCap,2021-06-04,24261.90,,BSE_INDIA_OFFICIAL,https://www.bseindia.com/indices/IndexArchiveData/,2026-07-17T15:24:01,BSE_PRICE_INDEX
BSE_SMALLCAP,BSE SmallCap,2021-06-07,24597.37,,BSE_INDIA_OFFICIAL,https://www.bseindia.com/indices/IndexArchiveData/,2026-07-17T15:24:01,BSE_PRICE_INDEX
BSE_SMALLCAP,BSE SmallCap,2021-06-08,24826.64,,BSE_INDIA_OFFICIAL,https://www.bseindia.com/indices/IndexArchiveData/,2026-07-17T15:24:01,BSE_PRICE_INDEX
BSE_SMALLCAP,BSE SmallCap,2021-06-09,24591.61,,BSE_INDIA_OFFICIAL,https://www.bseindia.com/indices/IndexArchiveData/,2026-07-17T15:24:01,BSE_PRICE_INDEX
BSE_SMALLCAP,BSE SmallCap,2021-06-10,25015.89,,BSE_INDIA_OFFICIAL,https://www.bseindia.com/indices/IndexArchiveData/,2026-07-17T15:24:01,BSE_PRICE_INDEX
BSE_SMALLCAP,BSE SmallCap,2021-06-11,25116.30,,BSE_INDIA_OFFICIAL,https://www.bseindia.com/indices/IndexArchiveData/,2026-07-17T15:24:01,BSE_PRICE_INDEX
BSE_SMALLCAP,BSE SmallCap,2021-06-14,25075.42,,BSE_INDIA_OFFICIAL,https://www.bseindia.com/indices/IndexArchiveData/,2026-07-17T15:24:01,BSE_PRICE_INDEX
BSE_SMALLCAP,BSE SmallCap,2021-06-15,25186.27,,BSE_INDIA_OFFICIAL,https://www.bseindia.com/indices/IndexArchiveData/,2026-07-17T15:24:01,BSE_PRICE_INDEX
BSE_SMALLCAP,BSE SmallCap,2021-06-16,25015.06,,BSE_INDIA_OFFICIAL,https://www.bseindia.com/indices/IndexArchiveData/,2026-07-17T15:24:01,BSE_PRICE_INDEX
BSE_SMALLCAP,BSE SmallCap,2021-06-17,24868.93,,BSE_INDIA_OFFICIAL,https://www.bseindia.com/indices/IndexArchiveData/,2026-07-17T15:24:01,BSE_PRICE_INDEX
BSE_SMALLCAP,BSE SmallCap,2021-06-18,24648.83,,BSE_INDIA_OFFICIAL,https://www.bseindia.com/indices/IndexArchiveData/,2026-07-17T15:24:01,BSE_PRICE_INDEX
BSE_SMALLCAP,BSE SmallCap,2021-06-21,24854.25,,BSE_INDIA_OFFICIAL,https://www.bseindia.com/indices/IndexArchiveData/,2026-07-17T15:24:01,BSE_PRICE_INDEX
BSE_SMALLCAP,BSE SmallCap,2021-06-22,25060.31,,BSE_INDIA_OFFICIAL,https://www.bseindia.com/indices/IndexArchiveData/,2026-07-17T15:24:01,BSE_PRICE_INDEX
BSE_SMALLCAP,BSE SmallCap,2021-06-23,24952.62,,BSE_INDIA_OFFICIAL,https://www.bseindia.com/indices/IndexArchiveData/,2026-07-17T15:24:01,BSE_PRICE_INDEX
BSE_SMALLCAP,BSE SmallCap,2021-06-24,24896.86,,BSE_INDIA_OFFICIAL,https://www.bseindia.com/indices/IndexArchiveData/,2026-07-17T15:24:01,BSE_PRICE_INDEX
BSE_SMALLCAP,BSE SmallCap,2021-06-25,24996.23,,BSE_INDIA_OFFICIAL,https://www.bseindia.com/indices/IndexArchiveData/,2026-07-17T15:24:01,BSE_PRICE_INDEX
BSE_SMALLCAP,BSE SmallCap,2021-06-28,25111.36,,BSE_INDIA_OFFICIAL,https://www.bseindia.com/indices/IndexArchiveData/,2026-07-17T15:24:01,BSE_PRICE_INDEX
BSE_SMALLCAP,BSE SmallCap,2021-06-29,25092.69,,BSE_INDIA_OFFICIAL,https://www.bseindia.com/indices/IndexArchiveData/,2026-07-17T15:24:01,BSE_PRICE_INDEX
BSE_SMALLCAP,BSE SmallCap,2021-06-30,25232.17,,BSE_INDIA_OFFICIAL,https://www.bseindia.com/indices/IndexArchiveData/,2026-07-17T15:24:01,BSE_PRICE_INDEX
BSE_SMALLCAP,BSE SmallCap,2021-07-01,25312.59,,BSE_INDIA_OFFICIAL,https://www.bseindia.com/indices/IndexArchiveData/,2026-07-17T15:24:01,BSE_PRICE_INDEX
BSE_SMALLCAP,BSE SmallCap,2021-07-02,25567.26,,BSE_INDIA_OFFICIAL,https://www.bseindia.com/indices/IndexArchiveData/,2026-07-17T15:24:01,BSE_PRICE_INDEX
BSE_SMALLCAP,BSE SmallCap,2021-07-05,25765.73,,BSE_INDIA_OFFICIAL,https://www.bseindia.com/indices/IndexArchiveData/,2026-07-17T15:24:01,BSE_PRICE_INDEX
BSE_SMALLCAP,BSE SmallCap,2021-07-06,25699.97,,BSE_INDIA_OFFICIAL,https://www.bseindia.com/indices/IndexArchiveData/,2026-07-17T15:24:01,BSE_PRICE_INDEX
BSE_SMALLCAP,BSE SmallCap,2021-07-07,25798.51,,BSE_INDIA_OFFICIAL,https://www.bseindia.com/indices/IndexArchiveData/,2026-07-17T15:24:01,BSE_PRICE_INDEX
BSE_SMALLCAP,BSE SmallCap,2021-07-08,25775.12,,BSE_INDIA_OFFICIAL,https://www.bseindia.com/indices/IndexArchiveData/,2026-07-17T15:24:01,BSE_PRICE_INDEX
BSE_SMALLCAP,BSE SmallCap,2021-07-09,25874.40,,BSE_INDIA_OFFICIAL,https://www.bseindia.com/indices/IndexArchiveData/,2026-07-17T15:24:01,BSE_PRICE_INDEX
BSE_SMALLCAP,BSE SmallCap,2021-07-12,26068.13,,BSE_INDIA_OFFICIAL,https://www.bseindia.com/indices/IndexArchiveData/,2026-07-17T15:24:01,BSE_PRICE_INDEX
BSE_SMALLCAP,BSE SmallCap,2021-07-13,26188.45,,BSE_INDIA_OFFICIAL,https://www.bseindia.com/indices/IndexArchiveData/,2026-07-17T15:24:01,BSE_PRICE_INDEX
BSE_SMALLCAP,BSE SmallCap,2021-07-14,26251.19,,BSE_INDIA_OFFICIAL,https://www.bseindia.com/indices/IndexArchiveData/,2026-07-17T15:24:01,BSE_PRICE_INDEX
BSE_SMALLCAP,BSE SmallCap,2021-07-15,26362.80,,BSE_INDIA_OFFICIAL,https://www.bseindia.com/indices/IndexArchiveData/,2026-07-17T15:24:01,BSE_PRICE_INDEX
BSE_SMALLCAP,BSE SmallCap,2021-07-16,26462.31,,BSE_INDIA_OFFICIAL,https://www.bseindia.com/indices/IndexArchiveData/,2026-07-17T15:24:01,BSE_PRICE_INDEX
BSE_SMALLCAP,BSE SmallCap,2021-07-19,26381.08,,BSE_INDIA_OFFICIAL,https://www.bseindia.com/indices/IndexArchiveData/,2026-07-17T15:24:01,BSE_PRICE_INDEX
BSE_SMALLCAP,BSE SmallCap,2021-07-20,26001.76,,BSE_INDIA_OFFICIAL,https://www.bseindia.com/indices/IndexArchiveData/,2026-07-17T15:24:01,BSE_PRICE_INDEX
BSE_SMALLCAP,BSE SmallCap,2021-07-22,26397.78,,BSE_INDIA_OFFICIAL,https://www.bseindia.com/indices/IndexArchiveData/,2026-07-17T15:24:01,BSE_PRICE_INDEX
BSE_SMALLCAP,BSE SmallCap,2021-07-23,26425.91,,BSE_INDIA_OFFICIAL,https://www.bseindia.com/indices/IndexArchiveData/,2026-07-17T15:24:01,BSE_PRICE_INDEX
BSE_SMALLCAP,BSE SmallCap,2021-07-26,26514.94,,BSE_INDIA_OFFICIAL,https://www.bseindia.com/indices/IndexArchiveData/,2026-07-17T15:24:01,BSE_PRICE_INDEX
BSE_SMALLCAP,BSE SmallCap,2021-07-27,26485.13,,BSE_INDIA_OFFICIAL,https://www.bseindia.com/indices/IndexArchiveData/,2026-07-17T15:24:01,BSE_PRICE_INDEX
BSE_SMALLCAP,BSE SmallCap,2021-07-28,26365.97,,BSE_INDIA_OFFICIAL,https://www.bseindia.com/indices/IndexArchiveData/,2026-07-17T15:24:01,BSE_PRICE_INDEX
BSE_SMALLCAP,BSE SmallCap,2021-07-29,26603.29,,BSE_INDIA_OFFICIAL,https://www.bseindia.com/indices/IndexArchiveData/,2026-07-17T15:24:01,BSE_PRICE_INDEX
BSE_SMALLCAP,BSE SmallCap,2021-07-30,26786.62,,BSE_INDIA_OFFICIAL,https://www.bseindia.com/indices/IndexArchiveData/,2026-07-17T15:24:01,BSE_PRICE_INDEX
BSE_SMALLCAP,BSE SmallCap,2021-08-02,27072.06,,BSE_INDIA_OFFICIAL,https://www.bseindia.com/indices/IndexArchiveData/,2026-07-17T15:24:01,BSE_PRICE_INDEX
BSE_SMALLCAP,BSE SmallCap,2021-08-03,27134.00,,BSE_INDIA_OFFICIAL,https://www.bseindia.com/indices/IndexArchiveData/,2026-07-17T15:24:01,BSE_PRICE_INDEX
BSE_SMALLCAP,BSE SmallCap,2021-08-04,26847.56,,BSE_INDIA_OFFICIAL,https://www.bseindia.com/indices/IndexArchiveData/,2026-07-17T15:24:01,BSE_PRICE_INDEX
BSE_SMALLCAP,BSE SmallCap,2021-08-05,26731.50,,BSE_INDIA_OFFICIAL,https://www.bseindia.com/indices/IndexArchiveData/,2026-07-17T15:24:01,BSE_PRICE_INDEX
BSE_SMALLCAP,BSE SmallCap,2021-08-06,26805.97,,BSE_INDIA_OFFICIAL,https://www.bseindia.com/indices/IndexArchiveData/,2026-07-17T15:24:01,BSE_PRICE_INDEX
BSE_SMALLCAP,BSE SmallCap,2021-08-09,26611.67,,BSE_INDIA_OFFICIAL,https://www.bseindia.com/indices/IndexArchiveData/,2026-07-17T15:24:01,BSE_PRICE_INDEX
BSE_SMALLCAP,BSE SmallCap,2021-08-10,26065.95,,BSE_INDIA_OFFICIAL,https://www.bseindia.com/indices/IndexArchiveData/,2026-07-17T15:24:01,BSE_PRICE_INDEX
BSE_SMALLCAP,BSE SmallCap,2021-08-11,25849.20,,BSE_INDIA_OFFICIAL,https://www.bseindia.com/indices/IndexArchiveData/,2026-07-17T15:24:01,BSE_PRICE_INDEX
BSE_SMALLCAP,BSE SmallCap,2021-08-12,26357.96,,BSE_INDIA_OFFICIAL,https://www.bseindia.com/indices/IndexArchiveData/,2026-07-17T15:24:01,BSE_PRICE_INDEX
BSE_SMALLCAP,BSE SmallCap,2021-08-13,26355.20,,BSE_INDIA_OFFICIAL,https://www.bseindia.com/indices/IndexArchiveData/,2026-07-17T15:24:01,BSE_PRICE_INDEX
BSE_SMALLCAP,BSE SmallCap,2021-08-16,26205.84,,BSE_INDIA_OFFICIAL,https://www.bseindia.com/indices/IndexArchiveData/,2026-07-17T15:24:01,BSE_PRICE_INDEX
BSE_SMALLCAP,BSE SmallCap,2021-08-17,26284.83,,BSE_INDIA_OFFICIAL,https://www.bseindia.com/indices/IndexArchiveData/,2026-07-17T15:24:01,BSE_PRICE_INDEX
BSE_SMALLCAP,BSE SmallCap,2021-08-18,26237.88,,BSE_INDIA_OFFICIAL,https://www.bseindia.com/indices/IndexArchiveData/,2026-07-17T15:24:01,BSE_PRICE_INDEX
BSE_SMALLCAP,BSE SmallCap,2021-08-20,25758.11,,BSE_INDIA_OFFICIAL,https://www.bseindia.com/indices/IndexArchiveData/,2026-07-17T15:24:01,BSE_PRICE_INDEX
BSE_SMALLCAP,BSE SmallCap,2021-08-23,25358.02,,BSE_INDIA_OFFICIAL,https://www.bseindia.com/indices/IndexArchiveData/,2026-07-17T15:24:01,BSE_PRICE_INDEX
BSE_SMALLCAP,BSE SmallCap,2021-08-24,25786.96,,BSE_INDIA_OFFICIAL,https://www.bseindia.com/indices/IndexArchiveData/,2026-07-17T15:24:01,BSE_PRICE_INDEX
BSE_SMALLCAP,BSE SmallCap,2021-08-25,25961.50,,BSE_INDIA_OFFICIAL,https://www.bseindia.com/indices/IndexArchiveData/,2026-07-17T15:24:01,BSE_PRICE_INDEX
BSE_SMALLCAP,BSE SmallCap,2021-08-26,26042.54,,BSE_INDIA_OFFICIAL,https://www.bseindia.com/indices/IndexArchiveData/,2026-07-17T15:24:01,BSE_PRICE_INDEX
BSE_SMALLCAP,BSE SmallCap,2021-08-27,26284.15,,BSE_INDIA_OFFICIAL,https://www.bseindia.com/indices/IndexArchiveData/,2026-07-17T15:24:01,BSE_PRICE_INDEX
BSE_SMALLCAP,BSE SmallCap,2021-08-30,26690.28,,BSE_INDIA_OFFICIAL,https://www.bseindia.com/indices/IndexArchiveData/,2026-07-17T15:24:01,BSE_PRICE_INDEX
BSE_SMALLCAP,BSE SmallCap,2021-08-31,26919.94,,BSE_INDIA_OFFICIAL,https://www.bseindia.com/indices/IndexArchiveData/,2026-07-17T15:24:01,BSE_PRICE_INDEX
BSE_SMALLCAP,BSE SmallCap,2021-09-01,26979.89,,BSE_INDIA_OFFICIAL,https://www.bseindia.com/indices/IndexArchiveData/,2026-07-17T15:24:01,BSE_PRICE_INDEX
BSE_SMALLCAP,BSE SmallCap,2021-09-02,27195.12,,BSE_INDIA_OFFICIAL,https://www.bseindia.com/indices/IndexArchiveData/,2026-07-17T15:24:01,BSE_PRICE_INDEX
BSE_SMALLCAP,BSE SmallCap,2021-09-03,27305.31,,BSE_INDIA_OFFICIAL,https://www.bseindia.com/indices/IndexArchiveData/,2026-07-17T15:24:01,BSE_PRICE_INDEX
BSE_SMALLCAP,BSE SmallCap,2021-09-06,27466.66,,BSE_INDIA_OFFICIAL,https://www.bseindia.com/indices/IndexArchiveData/,2026-07-17T15:24:01,BSE_PRICE_INDEX
BSE_SMALLCAP,BSE SmallCap,2021-09-07,27350.03,,BSE_INDIA_OFFICIAL,https://www.bseindia.com/indices/IndexArchiveData/,2026-07-17T15:24:01,BSE_PRICE_INDEX
BSE_SMALLCAP,BSE SmallCap,2021-09-08,27501.28,,BSE_INDIA_OFFICIAL,https://www.bseindia.com/indices/IndexArchiveData/,2026-07-17T15:24:01,BSE_PRICE_INDEX
BSE_SMALLCAP,BSE SmallCap,2021-09-09,27645.10,,BSE_INDIA_OFFICIAL,https://www.bseindia.com/indices/IndexArchiveData/,2026-07-17T15:24:01,BSE_PRICE_INDEX
BSE_SMALLCAP,BSE SmallCap,2021-09-13,27866.14,,BSE_INDIA_OFFICIAL,https://www.bseindia.com/indices/IndexArchiveData/,2026-07-17T15:24:01,BSE_PRICE_INDEX
BSE_SMALLCAP,BSE SmallCap,2021-09-14,28042.45,,BSE_INDIA_OFFICIAL,https://www.bseindia.com/indices/IndexArchiveData/,2026-07-17T15:24:01,BSE_PRICE_INDEX
BSE_SMALLCAP,BSE SmallCap,2021-09-15,28284.07,,BSE_INDIA_OFFICIAL,https://www.bseindia.com/indices/IndexArchiveData/,2026-07-17T15:24:01,BSE_PRICE_INDEX
BSE_SMALLCAP,BSE SmallCap,2021-09-16,28306.05,,BSE_INDIA_OFFICIAL,https://www.bseindia.com/indices/IndexArchiveData/,2026-07-17T15:24:01,BSE_PRICE_INDEX
BSE_SMALLCAP,BSE SmallCap,2021-09-17,28006.79,,BSE_INDIA_OFFICIAL,https://www.bseindia.com/indices/IndexArchiveData/,2026-07-17T15:24:01,BSE_PRICE_INDEX
BSE_SMALLCAP,BSE SmallCap,2021-09-20,27490.27,,BSE_INDIA_OFFICIAL,https://www.bseindia.com/indices/IndexArchiveData/,2026-07-17T15:24:01,BSE_PRICE_INDEX
BSE_SMALLCAP,BSE SmallCap,2021-09-21,27529.12,,BSE_INDIA_OFFICIAL,https://www.bseindia.com/indices/IndexArchiveData/,2026-07-17T15:24:01,BSE_PRICE_INDEX
BSE_SMALLCAP,BSE SmallCap,2021-09-22,27856.10,,BSE_INDIA_OFFICIAL,https://www.bseindia.com/indices/IndexArchiveData/,2026-07-17T15:24:01,BSE_PRICE_INDEX
BSE_SMALLCAP,BSE SmallCap,2021-09-23,28108.92,,BSE_INDIA_OFFICIAL,https://www.bseindia.com/indices/IndexArchiveData/,2026-07-17T15:24:01,BSE_PRICE_INDEX
BSE_SMALLCAP,BSE SmallCap,2021-09-24,28023.34,,BSE_INDIA_OFFICIAL,https://www.bseindia.com/indices/IndexArchiveData/,2026-07-17T15:24:01,BSE_PRICE_INDEX
BSE_SMALLCAP,BSE SmallCap,2021-09-27,27988.19,,BSE_INDIA_OFFICIAL,https://www.bseindia.com/indices/IndexArchiveData/,2026-07-17T15:24:01,BSE_PRICE_INDEX
BSE_SMALLCAP,BSE SmallCap,2021-09-28,27814.98,,BSE_INDIA_OFFICIAL,https://www.bseindia.com/indices/IndexArchiveData/,2026-07-17T15:24:01,BSE_PRICE_INDEX
BSE_SMALLCAP,BSE SmallCap,2021-09-29,27926.54,,BSE_INDIA_OFFICIAL,https://www.bseindia.com/indices/IndexArchiveData/,2026-07-17T15:24:01,BSE_PRICE_INDEX
BSE_SMALLCAP,BSE SmallCap,2021-09-30,28081.74,,BSE_INDIA_OFFICIAL,https://www.bseindia.com/indices/IndexArchiveData/,2026-07-17T15:24:01,BSE_PRICE_INDEX
BSE_SMALLCAP,BSE SmallCap,2021-10-01,28215.62,,BSE_INDIA_OFFICIAL,https://www.bseindia.com/indices/IndexArchiveData/,2026-07-17T15:24:01,BSE_PRICE_INDEX
BSE_SMALLCAP,BSE SmallCap,2021-10-04,28696.72,,BSE_INDIA_OFFICIAL,https://www.bseindia.com/indices/IndexArchiveData/,2026-07-17T15:24:01,BSE_PRICE_INDEX
BSE_SMALLCAP,BSE SmallCap,2021-10-05,28851.62,,BSE_INDIA_OFFICIAL,https://www.bseindia.com/indices/IndexArchiveData/,2026-07-17T15:24:01,BSE_PRICE_INDEX
BSE_SMALLCAP,BSE SmallCap,2021-10-06,28693.00,,BSE_INDIA_OFFICIAL,https://www.bseindia.com/indices/IndexArchiveData/,2026-07-17T15:24:01,BSE_PRICE_INDEX
BSE_SMALLCAP,BSE SmallCap,2021-10-07,29088.57,,BSE_INDIA_OFFICIAL,https://www.bseindia.com/indices/IndexArchiveData/,2026-07-17T15:24:01,BSE_PRICE_INDEX
BSE_SMALLCAP,BSE SmallCap,2021-10-08,29329.99,,BSE_INDIA_OFFICIAL,https://www.bseindia.com/indices/IndexArchiveData/,2026-07-17T15:24:01,BSE_PRICE_INDEX
BSE_SMALLCAP,BSE SmallCap,2021-10-11,29506.36,,BSE_INDIA_OFFICIAL,https://www.bseindia.com/indices/IndexArchiveData/,2026-07-17T15:24:01,BSE_PRICE_INDEX
BSE_SMALLCAP,BSE SmallCap,2021-10-12,29582.26,,BSE_INDIA_OFFICIAL,https://www.bseindia.com/indices/IndexArchiveData/,2026-07-17T15:24:01,BSE_PRICE_INDEX
BSE_SMALLCAP,BSE SmallCap,2021-10-13,29755.41,,BSE_INDIA_OFFICIAL,https://www.bseindia.com/indices/IndexArchiveData/,2026-07-17T15:24:01,BSE_PRICE_INDEX
BSE_SMALLCAP,BSE SmallCap,2021-10-14,29893.06,,BSE_INDIA_OFFICIAL,https://www.bseindia.com/indices/IndexArchiveData/,2026-07-17T15:24:01,BSE_PRICE_INDEX
BSE_SMALLCAP,BSE SmallCap,2021-10-18,30100.80,,BSE_INDIA_OFFICIAL,https://www.bseindia.com/indices/IndexArchiveData/,2026-07-17T15:24:01,BSE_PRICE_INDEX
BSE_SMALLCAP,BSE SmallCap,2021-10-19,29562.60,,BSE_INDIA_OFFICIAL,https://www.bseindia.com/indices/IndexArchiveData/,2026-07-17T15:24:01,BSE_PRICE_INDEX
BSE_SMALLCAP,BSE SmallCap,2021-10-20,28878.73,,BSE_INDIA_OFFICIAL,https://www.bseindia.com/indices/IndexArchiveData/,2026-07-17T15:24:01,BSE_PRICE_INDEX
BSE_SMALLCAP,BSE SmallCap,2021-10-21,28680.13,,BSE_INDIA_OFFICIAL,https://www.bseindia.com/indices/IndexArchiveData/,2026-07-17T15:24:01,BSE_PRICE_INDEX
BSE_SMALLCAP,BSE SmallCap,2021-10-22,28336.31,,BSE_INDIA_OFFICIAL,https://www.bseindia.com/indices/IndexArchiveData/,2026-07-17T15:24:01,BSE_PRICE_INDEX
BSE_SMALLCAP,BSE SmallCap,2021-10-25,27836.28,,BSE_INDIA_OFFICIAL,https://www.bseindia.com/indices/IndexArchiveData/,2026-07-17T15:24:01,BSE_PRICE_INDEX
BSE_SMALLCAP,BSE SmallCap,2021-10-26,28449.00,,BSE_INDIA_OFFICIAL,https://www.bseindia.com/indices/IndexArchiveData/,2026-07-17T15:24:01,BSE_PRICE_INDEX
BSE_SMALLCAP,BSE SmallCap,2021-10-27,28534.45,,BSE_INDIA_OFFICIAL,https://www.bseindia.com/indices/IndexArchiveData/,2026-07-17T15:24:01,BSE_PRICE_INDEX
BSE_SMALLCAP,BSE SmallCap,2021-10-28,28089.97,,BSE_INDIA_OFFICIAL,https://www.bseindia.com/indices/IndexArchiveData/,2026-07-17T15:24:01,BSE_PRICE_INDEX
BSE_SMALLCAP,BSE SmallCap,2021-10-29,27982.80,,BSE_INDIA_OFFICIAL,https://www.bseindia.com/indices/IndexArchiveData/,2026-07-17T15:24:01,BSE_PRICE_INDEX
BSE_SMALLCAP,BSE SmallCap,2021-11-01,28293.05,,BSE_INDIA_OFFICIAL,https://www.bseindia.com/indices/IndexArchiveData/,2026-07-17T15:24:01,BSE_PRICE_INDEX
BSE_SMALLCAP,BSE SmallCap,2021-11-02,28605.70,,BSE_INDIA_OFFICIAL,https://www.bseindia.com/indices/IndexArchiveData/,2026-07-17T15:24:01,BSE_PRICE_INDEX
BSE_SMALLCAP,BSE SmallCap,2021-11-03,28512.62,,BSE_INDIA_OFFICIAL,https://www.bseindia.com/indices/IndexArchiveData/,2026-07-17T15:24:01,BSE_PRICE_INDEX
BSE_SMALLCAP,BSE SmallCap,2021-11-04,28900.93,,BSE_INDIA_OFFICIAL,https://www.bseindia.com/indices/IndexArchiveData/,2026-07-17T15:24:01,BSE_PRICE_INDEX
BSE_SMALLCAP,BSE SmallCap,2021-11-08,29126.96,,BSE_INDIA_OFFICIAL,https://www.bseindia.com/indices/IndexArchiveData/,2026-07-17T15:24:01,BSE_PRICE_INDEX
BSE_SMALLCAP,BSE SmallCap,2021-11-09,29320.76,,BSE_INDIA_OFFICIAL,https://www.bseindia.com/indices/IndexArchiveData/,2026-07-17T15:24:01,BSE_PRICE_INDEX
BSE_SMALLCAP,BSE SmallCap,2021-11-10,29317.63,,BSE_INDIA_OFFICIAL,https://www.bseindia.com/indices/IndexArchiveData/,2026-07-17T15:24:01,BSE_PRICE_INDEX
BSE_SMALLCAP,BSE SmallCap,2021-11-11,29159.39,,BSE_INDIA_OFFICIAL,https://www.bseindia.com/indices/IndexArchiveData/,2026-07-17T15:24:01,BSE_PRICE_INDEX
BSE_SMALLCAP,BSE SmallCap,2021-11-12,29232.53,,BSE_INDIA_OFFICIAL,https://www.bseindia.com/indices/IndexArchiveData/,2026-07-17T15:24:01,BSE_PRICE_INDEX
BSE_SMALLCAP,BSE SmallCap,2021-11-15,29175.71,,BSE_INDIA_OFFICIAL,https://www.bseindia.com/indices/IndexArchiveData/,2026-07-17T15:24:01,BSE_PRICE_INDEX
BSE_SMALLCAP,BSE SmallCap,2021-11-16,29228.34,,BSE_INDIA_OFFICIAL,https://www.bseindia.com/indices/IndexArchiveData/,2026-07-17T15:24:01,BSE_PRICE_INDEX
BSE_SMALLCAP,BSE SmallCap,2021-11-17,29243.64,,BSE_INDIA_OFFICIAL,https://www.bseindia.com/indices/IndexArchiveData/,2026-07-17T15:24:01,BSE_PRICE_INDEX
BSE_SMALLCAP,BSE SmallCap,2021-11-18,28798.23,,BSE_INDIA_OFFICIAL,https://www.bseindia.com/indices/IndexArchiveData/,2026-07-17T15:24:01,BSE_PRICE_INDEX
BSE_SMALLCAP,BSE SmallCap,2021-11-22,27945.57,,BSE_INDIA_OFFICIAL,https://www.bseindia.com/indices/IndexArchiveData/,2026-07-17T15:24:01,BSE_PRICE_INDEX
BSE_SMALLCAP,BSE SmallCap,2021-11-23,28450.31,,BSE_INDIA_OFFICIAL,https://www.bseindia.com/indices/IndexArchiveData/,2026-07-17T15:24:01,BSE_PRICE_INDEX
BSE_SMALLCAP,BSE SmallCap,2021-11-24,28575.06,,BSE_INDIA_OFFICIAL,https://www.bseindia.com/indices/IndexArchiveData/,2026-07-17T15:24:01,BSE_PRICE_INDEX
BSE_SMALLCAP,BSE SmallCap,2021-11-25,28822.75,,BSE_INDIA_OFFICIAL,https://www.bseindia.com/indices/IndexArchiveData/,2026-07-17T15:24:01,BSE_PRICE_INDEX
BSE_SMALLCAP,BSE SmallCap,2021-11-26,28071.41,,BSE_INDIA_OFFICIAL,https://www.bseindia.com/indices/IndexArchiveData/,2026-07-17T15:24:01,BSE_PRICE_INDEX
BSE_SMALLCAP,BSE SmallCap,2021-11-29,27538.93,,BSE_INDIA_OFFICIAL,https://www.bseindia.com/indices/IndexArchiveData/,2026-07-17T15:24:01,BSE_PRICE_INDEX
BSE_SMALLCAP,BSE SmallCap,2021-11-30,27937.31,,BSE_INDIA_OFFICIAL,https://www.bseindia.com/indices/IndexArchiveData/,2026-07-17T15:24:01,BSE_PRICE_INDEX
BSE_SMALLCAP,BSE SmallCap,2021-12-01,28013.77,,BSE_INDIA_OFFICIAL,https://www.bseindia.com/indices/IndexArchiveData/,2026-07-17T15:24:01,BSE_PRICE_INDEX
BSE_SMALLCAP,BSE SmallCap,2021-12-02,28327.64,,BSE_INDIA_OFFICIAL,https://www.bseindia.com/indices/IndexArchiveData/,2026-07-17T15:24:01,BSE_PRICE_INDEX
BSE_SMALLCAP,BSE SmallCap,2021-12-03,28421.89,,BSE_INDIA_OFFICIAL,https://www.bseindia.com/indices/IndexArchiveData/,2026-07-17T15:24:01,BSE_PRICE_INDEX
BSE_SMALLCAP,BSE SmallCap,2021-12-06,28038.53,,BSE_INDIA_OFFICIAL,https://www.bseindia.com/indices/IndexArchiveData/,2026-07-17T15:24:01,BSE_PRICE_INDEX
BSE_SMALLCAP,BSE SmallCap,2021-12-07,28358.02,,BSE_INDIA_OFFICIAL,https://www.bseindia.com/indices/IndexArchiveData/,2026-07-17T15:24:01,BSE_PRICE_INDEX
BSE_SMALLCAP,BSE SmallCap,2021-12-08,28784.77,,BSE_INDIA_OFFICIAL,https://www.bseindia.com/indices/IndexArchiveData/,2026-07-17T15:24:01,BSE_PRICE_INDEX
BSE_SMALLCAP,BSE SmallCap,2021-12-09,29014.46,,BSE_INDIA_OFFICIAL,https://www.bseindia.com/indices/IndexArchiveData/,2026-07-17T15:24:01,BSE_PRICE_INDEX
BSE_SMALLCAP,BSE SmallCap,2021-12-10,29260.81,,BSE_INDIA_OFFICIAL,https://www.bseindia.com/indices/IndexArchiveData/,2026-07-17T15:24:01,BSE_PRICE_INDEX
BSE_SMALLCAP,BSE SmallCap,2021-12-13,29332.19,,BSE_INDIA_OFFICIAL,https://www.bseindia.com/indices/IndexArchiveData/,2026-07-17T15:24:01,BSE_PRICE_INDEX
BSE_SMALLCAP,BSE SmallCap,2021-12-14,29346.12,,BSE_INDIA_OFFICIAL,https://www.bseindia.com/indices/IndexArchiveData/,2026-07-17T15:24:01,BSE_PRICE_INDEX
BSE_SMALLCAP,BSE SmallCap,2021-12-15,29244.83,,BSE_INDIA_OFFICIAL,https://www.bseindia.com/indices/IndexArchiveData/,2026-07-17T15:24:01,BSE_PRICE_INDEX
BSE_SMALLCAP,BSE SmallCap,2021-12-16,29055.82,,BSE_INDIA_OFFICIAL,https://www.bseindia.com/indices/IndexArchiveData/,2026-07-17T15:24:01,BSE_PRICE_INDEX
BSE_SMALLCAP,BSE SmallCap,2021-12-17,28455.20,,BSE_INDIA_OFFICIAL,https://www.bseindia.com/indices/IndexArchiveData/,2026-07-17T15:24:01,BSE_PRICE_INDEX
BSE_SMALLCAP,BSE SmallCap,2021-12-20,27514.42,,BSE_INDIA_OFFICIAL,https://www.bseindia.com/indices/IndexArchiveData/,2026-07-17T15:24:01,BSE_PRICE_INDEX
BSE_SMALLCAP,BSE SmallCap,2021-12-21,27869.12,,BSE_INDIA_OFFICIAL,https://www.bseindia.com/indices/IndexArchiveData/,2026-07-17T15:24:01,BSE_PRICE_INDEX
BSE_SMALLCAP,BSE SmallCap,2021-12-22,28332.09,,BSE_INDIA_OFFICIAL,https://www.bseindia.com/indices/IndexArchiveData/,2026-07-17T15:24:01,BSE_PRICE_INDEX
BSE_SMALLCAP,BSE SmallCap,2021-12-23,28538.52,,BSE_INDIA_OFFICIAL,https://www.bseindia.com/indices/IndexArchiveData/,2026-07-17T15:24:01,BSE_PRICE_INDEX
BSE_SMALLCAP,BSE SmallCap,2021-12-24,28366.55,,BSE_INDIA_OFFICIAL,https://www.bseindia.com/indices/IndexArchiveData/,2026-07-17T15:24:01,BSE_PRICE_INDEX
BSE_SMALLCAP,BSE SmallCap,2021-12-27,28514.92,,BSE_INDIA_OFFICIAL,https://www.bseindia.com/indices/IndexArchiveData/,2026-07-17T15:24:01,BSE_PRICE_INDEX
BSE_SMALLCAP,BSE SmallCap,2021-12-28,28922.89,,BSE_INDIA_OFFICIAL,https://www.bseindia.com/indices/IndexArchiveData/,2026-07-17T15:24:01,BSE_PRICE_INDEX
BSE_SMALLCAP,BSE SmallCap,2021-12-29,29066.03,,BSE_INDIA_OFFICIAL,https://www.bseindia.com/indices/IndexArchiveData/,2026-07-17T15:24:01,BSE_PRICE_INDEX
BSE_SMALLCAP,BSE SmallCap,2021-12-30,29121.04,,BSE_INDIA_OFFICIAL,https://www.bseindia.com/indices/IndexArchiveData/,2026-07-17T15:24:01,BSE_PRICE_INDEX
BSE_SMALLCAP,BSE SmallCap,2021-12-31,29457.76,,BSE_INDIA_OFFICIAL,https://www.bseindia.com/indices/IndexArchiveData/,2026-07-17T15:24:01,BSE_PRICE_INDEX
BSE_SMALLCAP,BSE SmallCap,2022-01-03,29807.95,,BSE_INDIA_OFFICIAL,https://www.bseindia.com/indices/IndexArchiveData/,2026-07-17T15:24:01,BSE_PRICE_INDEX
BSE_SMALLCAP,BSE SmallCap,2022-01-04,29925.67,,BSE_INDIA_OFFICIAL,https://www.bseindia.com/indices/IndexArchiveData/,2026-07-17T15:24:01,BSE_PRICE_INDEX
BSE_SMALLCAP,BSE SmallCap,2022-01-05,29901.12,,BSE_INDIA_OFFICIAL,https://www.bseindia.com/indices/IndexArchiveData/,2026-07-17T15:24:01,BSE_PRICE_INDEX
BSE_SMALLCAP,BSE SmallCap,2022-01-06,29904.78,,BSE_INDIA_OFFICIAL,https://www.bseindia.com/indices/IndexArchiveData/,2026-07-17T15:24:01,BSE_PRICE_INDEX
BSE_SMALLCAP,BSE SmallCap,2022-01-07,30032.14,,BSE_INDIA_OFFICIAL,https://www.bseindia.com/indices/IndexArchiveData/,2026-07-17T15:24:01,BSE_PRICE_INDEX
BSE_SMALLCAP,BSE SmallCap,2022-01-10,30388.89,,BSE_INDIA_OFFICIAL,https://www.bseindia.com/indices/IndexArchiveData/,2026-07-17T15:24:01,BSE_PRICE_INDEX
BSE_SMALLCAP,BSE SmallCap,2022-01-11,30434.02,,BSE_INDIA_OFFICIAL,https://www.bseindia.com/indices/IndexArchiveData/,2026-07-17T15:24:01,BSE_PRICE_INDEX
BSE_SMALLCAP,BSE SmallCap,2022-01-12,30646.24,,BSE_INDIA_OFFICIAL,https://www.bseindia.com/indices/IndexArchiveData/,2026-07-17T15:24:01,BSE_PRICE_INDEX
BSE_SMALLCAP,BSE SmallCap,2022-01-13,30797.65,,BSE_INDIA_OFFICIAL,https://www.bseindia.com/indices/IndexArchiveData/,2026-07-17T15:24:01,BSE_PRICE_INDEX
BSE_SMALLCAP,BSE SmallCap,2022-01-14,30951.28,,BSE_INDIA_OFFICIAL,https://www.bseindia.com/indices/IndexArchiveData/,2026-07-17T15:24:01,BSE_PRICE_INDEX
BSE_SMALLCAP,BSE SmallCap,2022-01-17,31140.28,,BSE_INDIA_OFFICIAL,https://www.bseindia.com/indices/IndexArchiveData/,2026-07-17T15:24:01,BSE_PRICE_INDEX
BSE_SMALLCAP,BSE SmallCap,2022-01-18,30543.09,,BSE_INDIA_OFFICIAL,https://www.bseindia.com/indices/IndexArchiveData/,2026-07-17T15:24:01,BSE_PRICE_INDEX
BSE_SMALLCAP,BSE SmallCap,2022-01-19,30551.15,,BSE_INDIA_OFFICIAL,https://www.bseindia.com/indices/IndexArchiveData/,2026-07-17T15:24:01,BSE_PRICE_INDEX
BSE_SMALLCAP,BSE SmallCap,2022-01-20,30565.63,,BSE_INDIA_OFFICIAL,https://www.bseindia.com/indices/IndexArchiveData/,2026-07-17T15:24:01,BSE_PRICE_INDEX
BSE_SMALLCAP,BSE SmallCap,2022-01-21,29967.21,,BSE_INDIA_OFFICIAL,https://www.bseindia.com/indices/IndexArchiveData/,2026-07-17T15:24:01,BSE_PRICE_INDEX
BSE_SMALLCAP,BSE SmallCap,2022-01-24,28638.23,,BSE_INDIA_OFFICIAL,https://www.bseindia.com/indices/IndexArchiveData/,2026-07-17T15:24:01,BSE_PRICE_INDEX
BSE_SMALLCAP,BSE SmallCap,2022-01-25,28869.33,,BSE_INDIA_OFFICIAL,https://www.bseindia.com/indices/IndexArchiveData/,2026-07-17T15:24:01,BSE_PRICE_INDEX
BSE_SMALLCAP,BSE SmallCap,2022-01-27,28633.52,,BSE_INDIA_OFFICIAL,https://www.bseindia.com/indices/IndexArchiveData/,2026-07-17T15:24:01,BSE_PRICE_INDEX
BSE_SMALLCAP,BSE SmallCap,2022-01-28,28940.18,,BSE_INDIA_OFFICIAL,https://www.bseindia.com/indices/IndexArchiveData/,2026-07-17T15:24:01,BSE_PRICE_INDEX
BSE_SMALLCAP,BSE SmallCap,2022-01-31,29226.73,,BSE_INDIA_OFFICIAL,https://www.bseindia.com/indices/IndexArchiveData/,2026-07-17T15:24:01,BSE_PRICE_INDEX
BSE_SMALLCAP,BSE SmallCap,2022-02-01,29496.59,,BSE_INDIA_OFFICIAL,https://www.bseindia.com/indices/IndexArchiveData/,2026-07-17T15:24:01,BSE_PRICE_INDEX
BSE_SMALLCAP,BSE SmallCap,2022-02-02,29950.60,,BSE_INDIA_OFFICIAL,https://www.bseindia.com/indices/IndexArchiveData/,2026-07-17T15:24:01,BSE_PRICE_INDEX
BSE_SMALLCAP,BSE SmallCap,2022-02-03,29838.05,,BSE_INDIA_OFFICIAL,https://www.bseindia.com/indices/IndexArchiveData/,2026-07-17T15:24:01,BSE_PRICE_INDEX
BSE_SMALLCAP,BSE SmallCap,2022-02-04,29702.58,,BSE_INDIA_OFFICIAL,https://www.bseindia.com/indices/IndexArchiveData/,2026-07-17T15:24:01,BSE_PRICE_INDEX
BSE_SMALLCAP,BSE SmallCap,2022-02-07,29480.13,,BSE_INDIA_OFFICIAL,https://www.bseindia.com/indices/IndexArchiveData/,2026-07-17T15:24:01,BSE_PRICE_INDEX
BSE_SMALLCAP,BSE SmallCap,2022-02-08,29068.03,,BSE_INDIA_OFFICIAL,https://www.bseindia.com/indices/IndexArchiveData/,2026-07-17T15:24:01,BSE_PRICE_INDEX
BSE_SMALLCAP,BSE SmallCap,2022-02-09,29233.31,,BSE_INDIA_OFFICIAL,https://www.bseindia.com/indices/IndexArchiveData/,2026-07-17T15:24:01,BSE_PRICE_INDEX
BSE_SMALLCAP,BSE SmallCap,2022-02-10,29246.05,,BSE_INDIA_OFFICIAL,https://www.bseindia.com/indices/IndexArchiveData/,2026-07-17T15:24:01,BSE_PRICE_INDEX
BSE_SMALLCAP,BSE SmallCap,2022-02-11,28691.82,,BSE_INDIA_OFFICIAL,https://www.bseindia.com/indices/IndexArchiveData/,2026-07-17T15:24:01,BSE_PRICE_INDEX
BSE_SMALLCAP,BSE SmallCap,2022-02-14,27501.30,,BSE_INDIA_OFFICIAL,https://www.bseindia.com/indices/IndexArchiveData/,2026-07-17T15:24:01,BSE_PRICE_INDEX
BSE_SMALLCAP,BSE SmallCap,2022-02-15,28043.69,,BSE_INDIA_OFFICIAL,https://www.bseindia.com/indices/IndexArchiveData/,2026-07-17T15:24:01,BSE_PRICE_INDEX
BSE_SMALLCAP,BSE SmallCap,2022-02-16,28161.67,,BSE_INDIA_OFFICIAL,https://www.bseindia.com/indices/IndexArchiveData/,2026-07-17T15:24:01,BSE_PRICE_INDEX
BSE_SMALLCAP,BSE SmallCap,2022-02-17,27972.45,,BSE_INDIA_OFFICIAL,https://www.bseindia.com/indices/IndexArchiveData/,2026-07-17T15:24:01,BSE_PRICE_INDEX
BSE_SMALLCAP,BSE SmallCap,2022-02-18,27748.30,,BSE_INDIA_OFFICIAL,https://www.bseindia.com/indices/IndexArchiveData/,2026-07-17T15:24:01,BSE_PRICE_INDEX
BSE_SMALLCAP,BSE SmallCap,2022-02-21,27137.15,,BSE_INDIA_OFFICIAL,https://www.bseindia.com/indices/IndexArchiveData/,2026-07-17T15:24:01,BSE_PRICE_INDEX
BSE_SMALLCAP,BSE SmallCap,2022-02-22,26697.23,,BSE_INDIA_OFFICIAL,https://www.bseindia.com/indices/IndexArchiveData/,2026-07-17T15:24:01,BSE_PRICE_INDEX
BSE_SMALLCAP,BSE SmallCap,2022-02-23,26946.34,,BSE_INDIA_OFFICIAL,https://www.bseindia.com/indices/IndexArchiveData/,2026-07-17T15:24:01,BSE_PRICE_INDEX
BSE_SMALLCAP,BSE SmallCap,2022-02-24,25390.95,,BSE_INDIA_OFFICIAL,https://www.bseindia.com/indices/IndexArchiveData/,2026-07-17T15:24:01,BSE_PRICE_INDEX
BSE_SMALLCAP,BSE SmallCap,2022-02-25,26450.38,,BSE_INDIA_OFFICIAL,https://www.bseindia.com/indices/IndexArchiveData/,2026-07-17T15:24:01,BSE_PRICE_INDEX
BSE_SMALLCAP,BSE SmallCap,2022-02-28,26662.33,,BSE_INDIA_OFFICIAL,https://www.bseindia.com/indices/IndexArchiveData/,2026-07-17T15:24:01,BSE_PRICE_INDEX
BSE_SMALLCAP,BSE SmallCap,2022-03-02,26631.33,,BSE_INDIA_OFFICIAL,https://www.bseindia.com/indices/IndexArchiveData/,2026-07-17T15:24:01,BSE_PRICE_INDEX
BSE_SMALLCAP,BSE SmallCap,2022-03-03,26724.09,,BSE_INDIA_OFFICIAL,https://www.bseindia.com/indices/IndexArchiveData/,2026-07-17T15:24:01,BSE_PRICE_INDEX
BSE_SMALLCAP,BSE SmallCap,2022-03-04,26286.66,,BSE_INDIA_OFFICIAL,https://www.bseindia.com/indices/IndexArchiveData/,2026-07-17T15:24:01,BSE_PRICE_INDEX
BSE_SMALLCAP,BSE SmallCap,2022-03-07,25681.12,,BSE_INDIA_OFFICIAL,https://www.bseindia.com/indices/IndexArchiveData/,2026-07-17T15:24:01,BSE_PRICE_INDEX
BSE_SMALLCAP,BSE SmallCap,2022-03-08,26021.90,,BSE_INDIA_OFFICIAL,https://www.bseindia.com/indices/IndexArchiveData/,2026-07-17T15:24:01,BSE_PRICE_INDEX
BSE_SMALLCAP,BSE SmallCap,2022-03-09,26583.64,,BSE_INDIA_OFFICIAL,https://www.bseindia.com/indices/IndexArchiveData/,2026-07-17T15:24:01,BSE_PRICE_INDEX
BSE_SMALLCAP,BSE SmallCap,2022-03-10,26898.29,,BSE_INDIA_OFFICIAL,https://www.bseindia.com/indices/IndexArchiveData/,2026-07-17T15:24:01,BSE_PRICE_INDEX
BSE_SMALLCAP,BSE SmallCap,2022-03-11,27141.43,,BSE_INDIA_OFFICIAL,https://www.bseindia.com/indices/IndexArchiveData/,2026-07-17T15:24:01,BSE_PRICE_INDEX
BSE_SMALLCAP,BSE SmallCap,2022-03-14,27226.34,,BSE_INDIA_OFFICIAL,https://www.bseindia.com/indices/IndexArchiveData/,2026-07-17T15:24:01,BSE_PRICE_INDEX
BSE_SMALLCAP,BSE SmallCap,2022-03-15,26987.85,,BSE_INDIA_OFFICIAL,https://www.bseindia.com/indices/IndexArchiveData/,2026-07-17T15:24:01,BSE_PRICE_INDEX
BSE_SMALLCAP,BSE SmallCap,2022-03-16,27383.82,,BSE_INDIA_OFFICIAL,https://www.bseindia.com/indices/IndexArchiveData/,2026-07-17T15:24:01,BSE_PRICE_INDEX
BSE_SMALLCAP,BSE SmallCap,2022-03-17,27706.32,,BSE_INDIA_OFFICIAL,https://www.bseindia.com/indices/IndexArchiveData/,2026-07-17T15:24:01,BSE_PRICE_INDEX
BSE_SMALLCAP,BSE SmallCap,2022-03-21,27811.06,,BSE_INDIA_OFFICIAL,https://www.bseindia.com/indices/IndexArchiveData/,2026-07-17T15:24:01,BSE_PRICE_INDEX
BSE_SMALLCAP,BSE SmallCap,2022-03-22,27852.64,,BSE_INDIA_OFFICIAL,https://www.bseindia.com/indices/IndexArchiveData/,2026-07-17T15:24:01,BSE_PRICE_INDEX
BSE_SMALLCAP,BSE SmallCap,2022-03-23,27847.11,,BSE_INDIA_OFFICIAL,https://www.bseindia.com/indices/IndexArchiveData/,2026-07-17T15:24:01,BSE_PRICE_INDEX
BSE_SMALLCAP,BSE SmallCap,2022-03-24,27892.67,,BSE_INDIA_OFFICIAL,https://www.bseindia.com/indices/IndexArchiveData/,2026-07-17T15:24:01,BSE_PRICE_INDEX
BSE_SMALLCAP,BSE SmallCap,2022-03-25,27800.60,,BSE_INDIA_OFFICIAL,https://www.bseindia.com/indices/IndexArchiveData/,2026-07-17T15:24:01,BSE_PRICE_INDEX
BSE_SMALLCAP,BSE SmallCap,2022-03-28,27653.23,,BSE_INDIA_OFFICIAL,https://www.bseindia.com/indices/IndexArchiveData/,2026-07-17T15:24:01,BSE_PRICE_INDEX
BSE_SMALLCAP,BSE SmallCap,2022-03-29,27827.35,,BSE_INDIA_OFFICIAL,https://www.bseindia.com/indices/IndexArchiveData/,2026-07-17T15:24:01,BSE_PRICE_INDEX
BSE_SMALLCAP,BSE SmallCap,2022-03-30,28129.47,,BSE_INDIA_OFFICIAL,https://www.bseindia.com/indices/IndexArchiveData/,2026-07-17T15:24:01,BSE_PRICE_INDEX
BSE_SMALLCAP,BSE SmallCap,2022-03-31,28215.65,,BSE_INDIA_OFFICIAL,https://www.bseindia.com/indices/IndexArchiveData/,2026-07-17T15:24:01,BSE_PRICE_INDEX
BSE_SMALLCAP,BSE SmallCap,2022-04-01,28699.41,,BSE_INDIA_OFFICIAL,https://www.bseindia.com/indices/IndexArchiveData/,2026-07-17T15:24:01,BSE_PRICE_INDEX
BSE_SMALLCAP,BSE SmallCap,2022-04-04,29182.42,,BSE_INDIA_OFFICIAL,https://www.bseindia.com/indices/IndexArchiveData/,2026-07-17T15:24:01,BSE_PRICE_INDEX
BSE_SMALLCAP,BSE SmallCap,2022-04-05,29582.49,,BSE_INDIA_OFFICIAL,https://www.bseindia.com/indices/IndexArchiveData/,2026-07-17T15:24:01,BSE_PRICE_INDEX
BSE_SMALLCAP,BSE SmallCap,2022-04-06,29695.94,,BSE_INDIA_OFFICIAL,https://www.bseindia.com/indices/IndexArchiveData/,2026-07-17T15:24:01,BSE_PRICE_INDEX
BSE_SMALLCAP,BSE SmallCap,2022-04-07,29474.70,,BSE_INDIA_OFFICIAL,https://www.bseindia.com/indices/IndexArchiveData/,2026-07-17T15:24:01,BSE_PRICE_INDEX
BSE_SMALLCAP,BSE SmallCap,2022-04-08,29765.79,,BSE_INDIA_OFFICIAL,https://www.bseindia.com/indices/IndexArchiveData/,2026-07-17T15:24:01,BSE_PRICE_INDEX
BSE_SMALLCAP,BSE SmallCap,2022-04-11,29880.07,,BSE_INDIA_OFFICIAL,https://www.bseindia.com/indices/IndexArchiveData/,2026-07-17T15:24:01,BSE_PRICE_INDEX
BSE_SMALLCAP,BSE SmallCap,2022-04-12,29441.67,,BSE_INDIA_OFFICIAL,https://www.bseindia.com/indices/IndexArchiveData/,2026-07-17T15:24:01,BSE_PRICE_INDEX
BSE_SMALLCAP,BSE SmallCap,2022-04-13,29521.60,,BSE_INDIA_OFFICIAL,https://www.bseindia.com/indices/IndexArchiveData/,2026-07-17T15:24:01,BSE_PRICE_INDEX
BSE_SMALLCAP,BSE SmallCap,2022-04-18,29223.81,,BSE_INDIA_OFFICIAL,https://www.bseindia.com/indices/IndexArchiveData/,2026-07-17T15:24:01,BSE_PRICE_INDEX
BSE_SMALLCAP,BSE SmallCap,2022-04-19,28869.58,,BSE_INDIA_OFFICIAL,https://www.bseindia.com/indices/IndexArchiveData/,2026-07-17T15:24:01,BSE_PRICE_INDEX
BSE_SMALLCAP,BSE SmallCap,2022-04-20,28973.23,,BSE_INDIA_OFFICIAL,https://www.bseindia.com/indices/IndexArchiveData/,2026-07-17T15:24:01,BSE_PRICE_INDEX
BSE_SMALLCAP,BSE SmallCap,2022-04-21,29358.43,,BSE_INDIA_OFFICIAL,https://www.bseindia.com/indices/IndexArchiveData/,2026-07-17T15:24:01,BSE_PRICE_INDEX
BSE_SMALLCAP,BSE SmallCap,2022-04-22,29247.98,,BSE_INDIA_OFFICIAL,https://www.bseindia.com/indices/IndexArchiveData/,2026-07-17T15:24:01,BSE_PRICE_INDEX
BSE_SMALLCAP,BSE SmallCap,2022-04-25,28699.35,,BSE_INDIA_OFFICIAL,https://www.bseindia.com/indices/IndexArchiveData/,2026-07-17T15:24:01,BSE_PRICE_INDEX
BSE_SMALLCAP,BSE SmallCap,2022-04-26,28918.83,,BSE_INDIA_OFFICIAL,https://www.bseindia.com/indices/IndexArchiveData/,2026-07-17T15:24:01,BSE_PRICE_INDEX
BSE_SMALLCAP,BSE SmallCap,2022-04-27,28742.27,,BSE_INDIA_OFFICIAL,https://www.bseindia.com/indices/IndexArchiveData/,2026-07-17T15:24:01,BSE_PRICE_INDEX
BSE_SMALLCAP,BSE SmallCap,2022-04-28,28778.04,,BSE_INDIA_OFFICIAL,https://www.bseindia.com/indices/IndexArchiveData/,2026-07-17T15:24:01,BSE_PRICE_INDEX
BSE_SMALLCAP,BSE SmallCap,2022-04-29,28611.92,,BSE_INDIA_OFFICIAL,https://www.bseindia.com/indices/IndexArchiveData/,2026-07-17T15:24:01,BSE_PRICE_INDEX
BSE_SMALLCAP,BSE SmallCap,2022-05-02,28361.78,,BSE_INDIA_OFFICIAL,https://www.bseindia.com/indices/IndexArchiveData/,2026-07-17T15:24:01,BSE_PRICE_INDEX
BSE_SMALLCAP,BSE SmallCap,2022-05-04,27762.59,,BSE_INDIA_OFFICIAL,https://www.bseindia.com/indices/IndexArchiveData/,2026-07-17T15:24:01,BSE_PRICE_INDEX
BSE_SMALLCAP,BSE SmallCap,2022-05-05,27673.97,,BSE_INDIA_OFFICIAL,https://www.bseindia.com/indices/IndexArchiveData/,2026-07-17T15:24:01,BSE_PRICE_INDEX
BSE_SMALLCAP,BSE SmallCap,2022-05-06,27092.41,,BSE_INDIA_OFFICIAL,https://www.bseindia.com/indices/IndexArchiveData/,2026-07-17T15:24:01,BSE_PRICE_INDEX
BSE_SMALLCAP,BSE SmallCap,2022-05-09,26641.21,,BSE_INDIA_OFFICIAL,https://www.bseindia.com/indices/IndexArchiveData/,2026-07-17T15:24:01,BSE_PRICE_INDEX
BSE_SMALLCAP,BSE SmallCap,2022-05-10,26078.58,,BSE_INDIA_OFFICIAL,https://www.bseindia.com/indices/IndexArchiveData/,2026-07-17T15:24:01,BSE_PRICE_INDEX
BSE_SMALLCAP,BSE SmallCap,2022-05-11,25495.92,,BSE_INDIA_OFFICIAL,https://www.bseindia.com/indices/IndexArchiveData/,2026-07-17T15:24:01,BSE_PRICE_INDEX
BSE_SMALLCAP,BSE SmallCap,2022-05-12,24995.51,,BSE_INDIA_OFFICIAL,https://www.bseindia.com/indices/IndexArchiveData/,2026-07-17T15:24:01,BSE_PRICE_INDEX
BSE_SMALLCAP,BSE SmallCap,2022-05-13,25315.75,,BSE_INDIA_OFFICIAL,https://www.bseindia.com/indices/IndexArchiveData/,2026-07-17T15:24:01,BSE_PRICE_INDEX
BSE_SMALLCAP,BSE SmallCap,2022-05-16,25605.99,,BSE_INDIA_OFFICIAL,https://www.bseindia.com/indices/IndexArchiveData/,2026-07-17T15:24:01,BSE_PRICE_INDEX
BSE_SMALLCAP,BSE SmallCap,2022-05-17,26318.08,,BSE_INDIA_OFFICIAL,https://www.bseindia.com/indices/IndexArchiveData/,2026-07-17T15:24:01,BSE_PRICE_INDEX
BSE_SMALLCAP,BSE SmallCap,2022-05-18,26404.78,,BSE_INDIA_OFFICIAL,https://www.bseindia.com/indices/IndexArchiveData/,2026-07-17T15:24:01,BSE_PRICE_INDEX
BSE_SMALLCAP,BSE SmallCap,2022-05-19,25801.04,,BSE_INDIA_OFFICIAL,https://www.bseindia.com/indices/IndexArchiveData/,2026-07-17T15:24:01,BSE_PRICE_INDEX
BSE_SMALLCAP,BSE SmallCap,2022-05-20,26351.29,,BSE_INDIA_OFFICIAL,https://www.bseindia.com/indices/IndexArchiveData/,2026-07-17T15:24:01,BSE_PRICE_INDEX
BSE_SMALLCAP,BSE SmallCap,2022-05-23,26182.06,,BSE_INDIA_OFFICIAL,https://www.bseindia.com/indices/IndexArchiveData/,2026-07-17T15:24:01,BSE_PRICE_INDEX
BSE_SMALLCAP,BSE SmallCap,2022-05-24,25883.85,,BSE_INDIA_OFFICIAL,https://www.bseindia.com/indices/IndexArchiveData/,2026-07-17T15:24:01,BSE_PRICE_INDEX
BSE_SMALLCAP,BSE SmallCap,2022-05-25,25123.30,,BSE_INDIA_OFFICIAL,https://www.bseindia.com/indices/IndexArchiveData/,2026-07-17T15:24:01,BSE_PRICE_INDEX
BSE_SMALLCAP,BSE SmallCap,2022-05-26,25318.05,,BSE_INDIA_OFFICIAL,https://www.bseindia.com/indices/IndexArchiveData/,2026-07-17T15:24:01,BSE_PRICE_INDEX
BSE_SMALLCAP,BSE SmallCap,2022-05-27,25621.57,,BSE_INDIA_OFFICIAL,https://www.bseindia.com/indices/IndexArchiveData/,2026-07-17T15:24:01,BSE_PRICE_INDEX
BSE_SMALLCAP,BSE SmallCap,2022-05-30,26192.30,,BSE_INDIA_OFFICIAL,https://www.bseindia.com/indices/IndexArchiveData/,2026-07-17T15:24:01,BSE_PRICE_INDEX
BSE_SMALLCAP,BSE SmallCap,2022-05-31,26370.81,,BSE_INDIA_OFFICIAL,https://www.bseindia.com/indices/IndexArchiveData/,2026-07-17T15:24:01,BSE_PRICE_INDEX
BSE_SMALLCAP,BSE SmallCap,2022-06-01,26534.53,,BSE_INDIA_OFFICIAL,https://www.bseindia.com/indices/IndexArchiveData/,2026-07-17T15:24:01,BSE_PRICE_INDEX
BSE_SMALLCAP,BSE SmallCap,2022-06-02,26694.78,,BSE_INDIA_OFFICIAL,https://www.bseindia.com/indices/IndexArchiveData/,2026-07-17T15:24:01,BSE_PRICE_INDEX
BSE_SMALLCAP,BSE SmallCap,2022-06-03,26384.14,,BSE_INDIA_OFFICIAL,https://www.bseindia.com/indices/IndexArchiveData/,2026-07-17T15:24:01,BSE_PRICE_INDEX
BSE_SMALLCAP,BSE SmallCap,2022-06-06,26240.44,,BSE_INDIA_OFFICIAL,https://www.bseindia.com/indices/IndexArchiveData/,2026-07-17T15:24:01,BSE_PRICE_INDEX
BSE_SMALLCAP,BSE SmallCap,2022-06-07,26065.30,,BSE_INDIA_OFFICIAL,https://www.bseindia.com/indices/IndexArchiveData/,2026-07-17T15:24:01,BSE_PRICE_INDEX
BSE_SMALLCAP,BSE SmallCap,2022-06-08,25978.00,,BSE_INDIA_OFFICIAL,https://www.bseindia.com/indices/IndexArchiveData/,2026-07-17T15:24:01,BSE_PRICE_INDEX
BSE_SMALLCAP,BSE SmallCap,2022-06-09,26039.27,,BSE_INDIA_OFFICIAL,https://www.bseindia.com/indices/IndexArchiveData/,2026-07-17T15:24:01,BSE_PRICE_INDEX
BSE_SMALLCAP,BSE SmallCap,2022-06-10,25857.42,,BSE_INDIA_OFFICIAL,https://www.bseindia.com/indices/IndexArchiveData/,2026-07-17T15:24:01,BSE_PRICE_INDEX
BSE_SMALLCAP,BSE SmallCap,2022-06-13,25043.33,,BSE_INDIA_OFFICIAL,https://www.bseindia.com/indices/IndexArchiveData/,2026-07-17T15:24:01,BSE_PRICE_INDEX
BSE_SMALLCAP,BSE SmallCap,2022-06-14,24942.63,,BSE_INDIA_OFFICIAL,https://www.bseindia.com/indices/IndexArchiveData/,2026-07-17T15:24:01,BSE_PRICE_INDEX
BSE_SMALLCAP,BSE SmallCap,2022-06-15,25065.95,,BSE_INDIA_OFFICIAL,https://www.bseindia.com/indices/IndexArchiveData/,2026-07-17T15:24:01,BSE_PRICE_INDEX
BSE_SMALLCAP,BSE SmallCap,2022-06-16,24346.96,,BSE_INDIA_OFFICIAL,https://www.bseindia.com/indices/IndexArchiveData/,2026-07-17T15:24:01,BSE_PRICE_INDEX
BSE_SMALLCAP,BSE SmallCap,2022-06-17,24133.88,,BSE_INDIA_OFFICIAL,https://www.bseindia.com/indices/IndexArchiveData/,2026-07-17T15:24:01,BSE_PRICE_INDEX
BSE_SMALLCAP,BSE SmallCap,2022-06-20,23422.16,,BSE_INDIA_OFFICIAL,https://www.bseindia.com/indices/IndexArchiveData/,2026-07-17T15:24:01,BSE_PRICE_INDEX
BSE_SMALLCAP,BSE SmallCap,2022-06-21,24121.65,,BSE_INDIA_OFFICIAL,https://www.bseindia.com/indices/IndexArchiveData/,2026-07-17T15:24:01,BSE_PRICE_INDEX
BSE_SMALLCAP,BSE SmallCap,2022-06-22,23854.62,,BSE_INDIA_OFFICIAL,https://www.bseindia.com/indices/IndexArchiveData/,2026-07-17T15:24:01,BSE_PRICE_INDEX
BSE_SMALLCAP,BSE SmallCap,2022-06-23,24136.33,,BSE_INDIA_OFFICIAL,https://www.bseindia.com/indices/IndexArchiveData/,2026-07-17T15:24:01,BSE_PRICE_INDEX
BSE_SMALLCAP,BSE SmallCap,2022-06-24,24521.93,,BSE_INDIA_OFFICIAL,https://www.bseindia.com/indices/IndexArchiveData/,2026-07-17T15:24:01,BSE_PRICE_INDEX
BSE_SMALLCAP,BSE SmallCap,2022-06-27,24905.94,,BSE_INDIA_OFFICIAL,https://www.bseindia.com/indices/IndexArchiveData/,2026-07-17T15:24:01,BSE_PRICE_INDEX
BSE_SMALLCAP,BSE SmallCap,2022-06-28,24965.24,,BSE_INDIA_OFFICIAL,https://www.bseindia.com/indices/IndexArchiveData/,2026-07-17T15:24:01,BSE_PRICE_INDEX
BSE_SMALLCAP,BSE SmallCap,2022-06-29,24921.40,,BSE_INDIA_OFFICIAL,https://www.bseindia.com/indices/IndexArchiveData/,2026-07-17T15:24:01,BSE_PRICE_INDEX
BSE_SMALLCAP,BSE SmallCap,2022-06-30,24786.42,,BSE_INDIA_OFFICIAL,https://www.bseindia.com/indices/IndexArchiveData/,2026-07-17T15:24:01,BSE_PRICE_INDEX
BSE_SMALLCAP,BSE SmallCap,2022-07-01,24807.74,,BSE_INDIA_OFFICIAL,https://www.bseindia.com/indices/IndexArchiveData/,2026-07-17T15:24:01,BSE_PRICE_INDEX
BSE_SMALLCAP,BSE SmallCap,2022-07-04,24954.54,,BSE_INDIA_OFFICIAL,https://www.bseindia.com/indices/IndexArchiveData/,2026-07-17T15:24:01,BSE_PRICE_INDEX
BSE_SMALLCAP,BSE SmallCap,2022-07-05,25003.90,,BSE_INDIA_OFFICIAL,https://www.bseindia.com/indices/IndexArchiveData/,2026-07-17T15:24:01,BSE_PRICE_INDEX
BSE_SMALLCAP,BSE SmallCap,2022-07-06,25239.68,,BSE_INDIA_OFFICIAL,https://www.bseindia.com/indices/IndexArchiveData/,2026-07-17T15:24:01,BSE_PRICE_INDEX
BSE_SMALLCAP,BSE SmallCap,2022-07-07,25568.55,,BSE_INDIA_OFFICIAL,https://www.bseindia.com/indices/IndexArchiveData/,2026-07-17T15:24:01,BSE_PRICE_INDEX
BSE_SMALLCAP,BSE SmallCap,2022-07-08,25640.81,,BSE_INDIA_OFFICIAL,https://www.bseindia.com/indices/IndexArchiveData/,2026-07-17T15:24:01,BSE_PRICE_INDEX
BSE_SMALLCAP,BSE SmallCap,2022-07-11,25916.41,,BSE_INDIA_OFFICIAL,https://www.bseindia.com/indices/IndexArchiveData/,2026-07-17T15:24:01,BSE_PRICE_INDEX
BSE_SMALLCAP,BSE SmallCap,2022-07-12,25781.41,,BSE_INDIA_OFFICIAL,https://www.bseindia.com/indices/IndexArchiveData/,2026-07-17T15:24:01,BSE_PRICE_INDEX
BSE_SMALLCAP,BSE SmallCap,2022-07-13,25790.71,,BSE_INDIA_OFFICIAL,https://www.bseindia.com/indices/IndexArchiveData/,2026-07-17T15:24:01,BSE_PRICE_INDEX
BSE_SMALLCAP,BSE SmallCap,2022-07-14,25645.68,,BSE_INDIA_OFFICIAL,https://www.bseindia.com/indices/IndexArchiveData/,2026-07-17T15:24:01,BSE_PRICE_INDEX
BSE_SMALLCAP,BSE SmallCap,2022-07-15,25779.56,,BSE_INDIA_OFFICIAL,https://www.bseindia.com/indices/IndexArchiveData/,2026-07-17T15:24:01,BSE_PRICE_INDEX
BSE_SMALLCAP,BSE SmallCap,2022-07-18,26137.13,,BSE_INDIA_OFFICIAL,https://www.bseindia.com/indices/IndexArchiveData/,2026-07-17T15:24:01,BSE_PRICE_INDEX
BSE_SMALLCAP,BSE SmallCap,2022-07-19,26367.49,,BSE_INDIA_OFFICIAL,https://www.bseindia.com/indices/IndexArchiveData/,2026-07-17T15:24:01,BSE_PRICE_INDEX
BSE_SMALLCAP,BSE SmallCap,2022-07-20,26477.85,,BSE_INDIA_OFFICIAL,https://www.bseindia.com/indices/IndexArchiveData/,2026-07-17T15:24:01,BSE_PRICE_INDEX
BSE_SMALLCAP,BSE SmallCap,2022-07-21,26716.56,,BSE_INDIA_OFFICIAL,https://www.bseindia.com/indices/IndexArchiveData/,2026-07-17T15:24:01,BSE_PRICE_INDEX
BSE_SMALLCAP,BSE SmallCap,2022-07-22,26773.41,,BSE_INDIA_OFFICIAL,https://www.bseindia.com/indices/IndexArchiveData/,2026-07-17T15:24:01,BSE_PRICE_INDEX
BSE_SMALLCAP,BSE SmallCap,2022-07-25,26739.14,,BSE_INDIA_OFFICIAL,https://www.bseindia.com/indices/IndexArchiveData/,2026-07-17T15:24:01,BSE_PRICE_INDEX
BSE_SMALLCAP,BSE SmallCap,2022-07-26,26417.91,,BSE_INDIA_OFFICIAL,https://www.bseindia.com/indices/IndexArchiveData/,2026-07-17T15:24:01,BSE_PRICE_INDEX
BSE_SMALLCAP,BSE SmallCap,2022-07-27,26517.80,,BSE_INDIA_OFFICIAL,https://www.bseindia.com/indices/IndexArchiveData/,2026-07-17T15:24:01,BSE_PRICE_INDEX
BSE_SMALLCAP,BSE SmallCap,2022-07-28,26689.31,,BSE_INDIA_OFFICIAL,https://www.bseindia.com/indices/IndexArchiveData/,2026-07-17T15:24:01,BSE_PRICE_INDEX
BSE_SMALLCAP,BSE SmallCap,2022-07-29,27056.38,,BSE_INDIA_OFFICIAL,https://www.bseindia.com/indices/IndexArchiveData/,2026-07-17T15:24:01,BSE_PRICE_INDEX
BSE_SMALLCAP,BSE SmallCap,2022-08-01,27455.38,,BSE_INDIA_OFFICIAL,https://www.bseindia.com/indices/IndexArchiveData/,2026-07-17T15:24:01,BSE_PRICE_INDEX
BSE_SMALLCAP,BSE SmallCap,2022-08-02,27549.73,,BSE_INDIA_OFFICIAL,https://www.bseindia.com/indices/IndexArchiveData/,2026-07-17T15:24:01,BSE_PRICE_INDEX
BSE_SMALLCAP,BSE SmallCap,2022-08-03,27471.79,,BSE_INDIA_OFFICIAL,https://www.bseindia.com/indices/IndexArchiveData/,2026-07-17T15:24:01,BSE_PRICE_INDEX
BSE_SMALLCAP,BSE SmallCap,2022-08-04,27541.52,,BSE_INDIA_OFFICIAL,https://www.bseindia.com/indices/IndexArchiveData/,2026-07-17T15:24:01,BSE_PRICE_INDEX
BSE_SMALLCAP,BSE SmallCap,2022-08-05,27605.08,,BSE_INDIA_OFFICIAL,https://www.bseindia.com/indices/IndexArchiveData/,2026-07-17T15:24:01,BSE_PRICE_INDEX
BSE_SMALLCAP,BSE SmallCap,2022-08-08,27682.44,,BSE_INDIA_OFFICIAL,https://www.bseindia.com/indices/IndexArchiveData/,2026-07-17T15:24:01,BSE_PRICE_INDEX
BSE_SMALLCAP,BSE SmallCap,2022-08-10,27655.27,,BSE_INDIA_OFFICIAL,https://www.bseindia.com/indices/IndexArchiveData/,2026-07-17T15:24:01,BSE_PRICE_INDEX
BSE_SMALLCAP,BSE SmallCap,2022-08-11,27798.02,,BSE_INDIA_OFFICIAL,https://www.bseindia.com/indices/IndexArchiveData/,2026-07-17T15:24:01,BSE_PRICE_INDEX
BSE_SMALLCAP,BSE SmallCap,2022-08-12,27905.91,,BSE_INDIA_OFFICIAL,https://www.bseindia.com/indices/IndexArchiveData/,2026-07-17T15:24:01,BSE_PRICE_INDEX
BSE_SMALLCAP,BSE SmallCap,2022-08-16,28194.37,,BSE_INDIA_OFFICIAL,https://www.bseindia.com/indices/IndexArchiveData/,2026-07-17T15:24:01,BSE_PRICE_INDEX
BSE_SMALLCAP,BSE SmallCap,2022-08-17,28343.00,,BSE_INDIA_OFFICIAL,https://www.bseindia.com/indices/IndexArchiveData/,2026-07-17T15:24:01,BSE_PRICE_INDEX
BSE_SMALLCAP,BSE SmallCap,2022-08-18,28438.57,,BSE_INDIA_OFFICIAL,https://www.bseindia.com/indices/IndexArchiveData/,2026-07-17T15:24:01,BSE_PRICE_INDEX
BSE_SMALLCAP,BSE SmallCap,2022-08-19,28175.38,,BSE_INDIA_OFFICIAL,https://www.bseindia.com/indices/IndexArchiveData/,2026-07-17T15:24:01,BSE_PRICE_INDEX
BSE_SMALLCAP,BSE SmallCap,2022-08-22,27844.73,,BSE_INDIA_OFFICIAL,https://www.bseindia.com/indices/IndexArchiveData/,2026-07-17T15:24:01,BSE_PRICE_INDEX
BSE_SMALLCAP,BSE SmallCap,2022-08-23,28062.93,,BSE_INDIA_OFFICIAL,https://www.bseindia.com/indices/IndexArchiveData/,2026-07-17T15:24:01,BSE_PRICE_INDEX
BSE_SMALLCAP,BSE SmallCap,2022-08-24,28266.64,,BSE_INDIA_OFFICIAL,https://www.bseindia.com/indices/IndexArchiveData/,2026-07-17T15:24:01,BSE_PRICE_INDEX
BSE_SMALLCAP,BSE SmallCap,2022-08-25,28315.61,,BSE_INDIA_OFFICIAL,https://www.bseindia.com/indices/IndexArchiveData/,2026-07-17T15:24:01,BSE_PRICE_INDEX
BSE_SMALLCAP,BSE SmallCap,2022-08-26,28415.89,,BSE_INDIA_OFFICIAL,https://www.bseindia.com/indices/IndexArchiveData/,2026-07-17T15:24:01,BSE_PRICE_INDEX
BSE_SMALLCAP,BSE SmallCap,2022-08-29,28254.99,,BSE_INDIA_OFFICIAL,https://www.bseindia.com/indices/IndexArchiveData/,2026-07-17T15:24:01,BSE_PRICE_INDEX
BSE_SMALLCAP,BSE SmallCap,2022-08-30,28650.88,,BSE_INDIA_OFFICIAL,https://www.bseindia.com/indices/IndexArchiveData/,2026-07-17T15:24:01,BSE_PRICE_INDEX
BSE_SMALLCAP,BSE SmallCap,2022-09-01,28789.30,,BSE_INDIA_OFFICIAL,https://www.bseindia.com/indices/IndexArchiveData/,2026-07-17T15:24:01,BSE_PRICE_INDEX
BSE_SMALLCAP,BSE SmallCap,2022-09-02,28800.82,,BSE_INDIA_OFFICIAL,https://www.bseindia.com/indices/IndexArchiveData/,2026-07-17T15:24:01,BSE_PRICE_INDEX
BSE_SMALLCAP,BSE SmallCap,2022-09-05,29056.74,,BSE_INDIA_OFFICIAL,https://www.bseindia.com/indices/IndexArchiveData/,2026-07-17T15:24:01,BSE_PRICE_INDEX
BSE_SMALLCAP,BSE SmallCap,2022-09-06,29086.44,,BSE_INDIA_OFFICIAL,https://www.bseindia.com/indices/IndexArchiveData/,2026-07-17T15:24:01,BSE_PRICE_INDEX
BSE_SMALLCAP,BSE SmallCap,2022-09-07,29298.67,,BSE_INDIA_OFFICIAL,https://www.bseindia.com/indices/IndexArchiveData/,2026-07-17T15:24:01,BSE_PRICE_INDEX
BSE_SMALLCAP,BSE SmallCap,2022-09-08,29474.63,,BSE_INDIA_OFFICIAL,https://www.bseindia.com/indices/IndexArchiveData/,2026-07-17T15:24:01,BSE_PRICE_INDEX
BSE_SMALLCAP,BSE SmallCap,2022-09-09,29528.74,,BSE_INDIA_OFFICIAL,https://www.bseindia.com/indices/IndexArchiveData/,2026-07-17T15:24:01,BSE_PRICE_INDEX
BSE_SMALLCAP,BSE SmallCap,2022-09-12,29823.68,,BSE_INDIA_OFFICIAL,https://www.bseindia.com/indices/IndexArchiveData/,2026-07-17T15:24:01,BSE_PRICE_INDEX
BSE_SMALLCAP,BSE SmallCap,2022-09-13,29893.97,,BSE_INDIA_OFFICIAL,https://www.bseindia.com/indices/IndexArchiveData/,2026-07-17T15:24:01,BSE_PRICE_INDEX
BSE_SMALLCAP,BSE SmallCap,2022-09-14,29892.37,,BSE_INDIA_OFFICIAL,https://www.bseindia.com/indices/IndexArchiveData/,2026-07-17T15:24:01,BSE_PRICE_INDEX
BSE_SMALLCAP,BSE SmallCap,2022-09-15,29911.51,,BSE_INDIA_OFFICIAL,https://www.bseindia.com/indices/IndexArchiveData/,2026-07-17T15:24:01,BSE_PRICE_INDEX
BSE_SMALLCAP,BSE SmallCap,2022-09-16,29199.39,,BSE_INDIA_OFFICIAL,https://www.bseindia.com/indices/IndexArchiveData/,2026-07-17T15:24:01,BSE_PRICE_INDEX
BSE_SMALLCAP,BSE SmallCap,2022-09-19,29149.78,,BSE_INDIA_OFFICIAL,https://www.bseindia.com/indices/IndexArchiveData/,2026-07-17T15:24:01,BSE_PRICE_INDEX
BSE_SMALLCAP,BSE SmallCap,2022-09-20,29442.79,,BSE_INDIA_OFFICIAL,https://www.bseindia.com/indices/IndexArchiveData/,2026-07-17T15:24:01,BSE_PRICE_INDEX
BSE_SMALLCAP,BSE SmallCap,2022-09-21,29238.99,,BSE_INDIA_OFFICIAL,https://www.bseindia.com/indices/IndexArchiveData/,2026-07-17T15:24:01,BSE_PRICE_INDEX
BSE_SMALLCAP,BSE SmallCap,2022-09-22,29377.35,,BSE_INDIA_OFFICIAL,https://www.bseindia.com/indices/IndexArchiveData/,2026-07-17T15:24:01,BSE_PRICE_INDEX
BSE_SMALLCAP,BSE SmallCap,2022-09-23,28812.76,,BSE_INDIA_OFFICIAL,https://www.bseindia.com/indices/IndexArchiveData/,2026-07-17T15:24:01,BSE_PRICE_INDEX
BSE_SMALLCAP,BSE SmallCap,2022-09-26,27853.67,,BSE_INDIA_OFFICIAL,https://www.bseindia.com/indices/IndexArchiveData/,2026-07-17T15:24:01,BSE_PRICE_INDEX
BSE_SMALLCAP,BSE SmallCap,2022-09-27,27990.87,,BSE_INDIA_OFFICIAL,https://www.bseindia.com/indices/IndexArchiveData/,2026-07-17T15:24:01,BSE_PRICE_INDEX
BSE_SMALLCAP,BSE SmallCap,2022-09-28,27870.64,,BSE_INDIA_OFFICIAL,https://www.bseindia.com/indices/IndexArchiveData/,2026-07-17T15:24:01,BSE_PRICE_INDEX
BSE_SMALLCAP,BSE SmallCap,2022-09-29,28047.11,,BSE_INDIA_OFFICIAL,https://www.bseindia.com/indices/IndexArchiveData/,2026-07-17T15:24:01,BSE_PRICE_INDEX
BSE_SMALLCAP,BSE SmallCap,2022-09-30,28452.91,,BSE_INDIA_OFFICIAL,https://www.bseindia.com/indices/IndexArchiveData/,2026-07-17T15:24:01,BSE_PRICE_INDEX
BSE_SMALLCAP,BSE SmallCap,2022-10-03,28300.22,,BSE_INDIA_OFFICIAL,https://www.bseindia.com/indices/IndexArchiveData/,2026-07-17T15:24:01,BSE_PRICE_INDEX
BSE_SMALLCAP,BSE SmallCap,2022-10-04,28723.02,,BSE_INDIA_OFFICIAL,https://www.bseindia.com/indices/IndexArchiveData/,2026-07-17T15:24:01,BSE_PRICE_INDEX
BSE_SMALLCAP,BSE SmallCap,2022-10-06,29096.16,,BSE_INDIA_OFFICIAL,https://www.bseindia.com/indices/IndexArchiveData/,2026-07-17T15:24:01,BSE_PRICE_INDEX
BSE_SMALLCAP,BSE SmallCap,2022-10-07,29182.93,,BSE_INDIA_OFFICIAL,https://www.bseindia.com/indices/IndexArchiveData/,2026-07-17T15:24:01,BSE_PRICE_INDEX
BSE_SMALLCAP,BSE SmallCap,2022-10-10,29014.41,,BSE_INDIA_OFFICIAL,https://www.bseindia.com/indices/IndexArchiveData/,2026-07-17T15:24:01,BSE_PRICE_INDEX
BSE_SMALLCAP,BSE SmallCap,2022-10-11,28589.23,,BSE_INDIA_OFFICIAL,https://www.bseindia.com/indices/IndexArchiveData/,2026-07-17T15:24:01,BSE_PRICE_INDEX
BSE_SMALLCAP,BSE SmallCap,2022-10-12,28650.73,,BSE_INDIA_OFFICIAL,https://www.bseindia.com/indices/IndexArchiveData/,2026-07-17T15:24:01,BSE_PRICE_INDEX
BSE_SMALLCAP,BSE SmallCap,2022-10-13,28520.55,,BSE_INDIA_OFFICIAL,https://www.bseindia.com/indices/IndexArchiveData/,2026-07-17T15:24:01,BSE_PRICE_INDEX
BSE_SMALLCAP,BSE SmallCap,2022-10-14,28522.85,,BSE_INDIA_OFFICIAL,https://www.bseindia.com/indices/IndexArchiveData/,2026-07-17T15:24:01,BSE_PRICE_INDEX
BSE_SMALLCAP,BSE SmallCap,2022-10-17,28548.08,,BSE_INDIA_OFFICIAL,https://www.bseindia.com/indices/IndexArchiveData/,2026-07-17T15:24:01,BSE_PRICE_INDEX
BSE_SMALLCAP,BSE SmallCap,2022-10-18,28750.60,,BSE_INDIA_OFFICIAL,https://www.bseindia.com/indices/IndexArchiveData/,2026-07-17T15:24:01,BSE_PRICE_INDEX
BSE_SMALLCAP,BSE SmallCap,2022-10-19,28741.78,,BSE_INDIA_OFFICIAL,https://www.bseindia.com/indices/IndexArchiveData/,2026-07-17T15:24:01,BSE_PRICE_INDEX
BSE_SMALLCAP,BSE SmallCap,2022-10-20,28738.71,,BSE_INDIA_OFFICIAL,https://www.bseindia.com/indices/IndexArchiveData/,2026-07-17T15:24:01,BSE_PRICE_INDEX
BSE_SMALLCAP,BSE SmallCap,2022-10-21,28566.82,,BSE_INDIA_OFFICIAL,https://www.bseindia.com/indices/IndexArchiveData/,2026-07-17T15:24:01,BSE_PRICE_INDEX
BSE_SMALLCAP,BSE SmallCap,2022-10-24,28848.42,,BSE_INDIA_OFFICIAL,https://www.bseindia.com/indices/IndexArchiveData/,2026-07-17T15:24:01,BSE_PRICE_INDEX
BSE_SMALLCAP,BSE SmallCap,2022-10-25,28747.94,,BSE_INDIA_OFFICIAL,https://www.bseindia.com/indices/IndexArchiveData/,2026-07-17T15:24:01,BSE_PRICE_INDEX
BSE_SMALLCAP,BSE SmallCap,2022-10-27,28866.12,,BSE_INDIA_OFFICIAL,https://www.bseindia.com/indices/IndexArchiveData/,2026-07-17T15:24:01,BSE_PRICE_INDEX
BSE_SMALLCAP,BSE SmallCap,2022-10-28,28688.57,,BSE_INDIA_OFFICIAL,https://www.bseindia.com/indices/IndexArchiveData/,2026-07-17T15:24:01,BSE_PRICE_INDEX
BSE_SMALLCAP,BSE SmallCap,2022-10-31,28817.59,,BSE_INDIA_OFFICIAL,https://www.bseindia.com/indices/IndexArchiveData/,2026-07-17T15:24:01,BSE_PRICE_INDEX
BSE_SMALLCAP,BSE SmallCap,2022-11-01,28891.11,,BSE_INDIA_OFFICIAL,https://www.bseindia.com/indices/IndexArchiveData/,2026-07-17T15:24:01,BSE_PRICE_INDEX
BSE_SMALLCAP,BSE SmallCap,2022-11-02,28956.28,,BSE_INDIA_OFFICIAL,https://www.bseindia.com/indices/IndexArchiveData/,2026-07-17T15:24:01,BSE_PRICE_INDEX
BSE_SMALLCAP,BSE SmallCap,2022-11-03,28988.29,,BSE_INDIA_OFFICIAL,https://www.bseindia.com/indices/IndexArchiveData/,2026-07-17T15:24:01,BSE_PRICE_INDEX
BSE_SMALLCAP,BSE SmallCap,2022-11-04,29107.24,,BSE_INDIA_OFFICIAL,https://www.bseindia.com/indices/IndexArchiveData/,2026-07-17T15:24:01,BSE_PRICE_INDEX
BSE_SMALLCAP,BSE SmallCap,2022-11-07,29292.56,,BSE_INDIA_OFFICIAL,https://www.bseindia.com/indices/IndexArchiveData/,2026-07-17T15:24:01,BSE_PRICE_INDEX
BSE_SMALLCAP,BSE SmallCap,2022-11-09,29197.14,,BSE_INDIA_OFFICIAL,https://www.bseindia.com/indices/IndexArchiveData/,2026-07-17T15:24:01,BSE_PRICE_INDEX
BSE_SMALLCAP,BSE SmallCap,2022-11-10,28889.48,,BSE_INDIA_OFFICIAL,https://www.bseindia.com/indices/IndexArchiveData/,2026-07-17T15:24:01,BSE_PRICE_INDEX
BSE_SMALLCAP,BSE SmallCap,2022-11-11,28985.06,,BSE_INDIA_OFFICIAL,https://www.bseindia.com/indices/IndexArchiveData/,2026-07-17T15:24:01,BSE_PRICE_INDEX
BSE_SMALLCAP,BSE SmallCap,2022-11-14,29056.34,,BSE_INDIA_OFFICIAL,https://www.bseindia.com/indices/IndexArchiveData/,2026-07-17T15:24:01,BSE_PRICE_INDEX
BSE_SMALLCAP,BSE SmallCap,2022-11-15,29058.35,,BSE_INDIA_OFFICIAL,https://www.bseindia.com/indices/IndexArchiveData/,2026-07-17T15:24:01,BSE_PRICE_INDEX
BSE_SMALLCAP,BSE SmallCap,2022-11-16,28958.87,,BSE_INDIA_OFFICIAL,https://www.bseindia.com/indices/IndexArchiveData/,2026-07-17T15:24:01,BSE_PRICE_INDEX
BSE_SMALLCAP,BSE SmallCap,2022-11-17,28880.09,,BSE_INDIA_OFFICIAL,https://www.bseindia.com/indices/IndexArchiveData/,2026-07-17T15:24:01,BSE_PRICE_INDEX
BSE_SMALLCAP,BSE SmallCap,2022-11-18,28750.11,,BSE_INDIA_OFFICIAL,https://www.bseindia.com/indices/IndexArchiveData/,2026-07-17T15:24:01,BSE_PRICE_INDEX
BSE_SMALLCAP,BSE SmallCap,2022-11-21,28752.59,,BSE_INDIA_OFFICIAL,https://www.bseindia.com/indices/IndexArchiveData/,2026-07-17T15:24:01,BSE_PRICE_INDEX
BSE_SMALLCAP,BSE SmallCap,2022-11-22,28723.25,,BSE_INDIA_OFFICIAL,https://www.bseindia.com/indices/IndexArchiveData/,2026-07-17T15:24:01,BSE_PRICE_INDEX
BSE_SMALLCAP,BSE SmallCap,2022-11-23,28878.26,,BSE_INDIA_OFFICIAL,https://www.bseindia.com/indices/IndexArchiveData/,2026-07-17T15:24:01,BSE_PRICE_INDEX
BSE_SMALLCAP,BSE SmallCap,2022-11-24,29000.60,,BSE_INDIA_OFFICIAL,https://www.bseindia.com/indices/IndexArchiveData/,2026-07-17T15:24:01,BSE_PRICE_INDEX
BSE_SMALLCAP,BSE SmallCap,2022-11-25,29201.69,,BSE_INDIA_OFFICIAL,https://www.bseindia.com/indices/IndexArchiveData/,2026-07-17T15:24:01,BSE_PRICE_INDEX
BSE_SMALLCAP,BSE SmallCap,2022-11-28,29426.74,,BSE_INDIA_OFFICIAL,https://www.bseindia.com/indices/IndexArchiveData/,2026-07-17T15:24:01,BSE_PRICE_INDEX
BSE_SMALLCAP,BSE SmallCap,2022-11-29,29341.21,,BSE_INDIA_OFFICIAL,https://www.bseindia.com/indices/IndexArchiveData/,2026-07-17T15:24:01,BSE_PRICE_INDEX
BSE_SMALLCAP,BSE SmallCap,2022-11-30,29519.61,,BSE_INDIA_OFFICIAL,https://www.bseindia.com/indices/IndexArchiveData/,2026-07-17T15:24:01,BSE_PRICE_INDEX
BSE_SMALLCAP,BSE SmallCap,2022-12-01,29704.91,,BSE_INDIA_OFFICIAL,https://www.bseindia.com/indices/IndexArchiveData/,2026-07-17T15:24:01,BSE_PRICE_INDEX
BSE_SMALLCAP,BSE SmallCap,2022-12-02,29911.79,,BSE_INDIA_OFFICIAL,https://www.bseindia.com/indices/IndexArchiveData/,2026-07-17T15:24:01,BSE_PRICE_INDEX
BSE_SMALLCAP,BSE SmallCap,2022-12-05,29986.30,,BSE_INDIA_OFFICIAL,https://www.bseindia.com/indices/IndexArchiveData/,2026-07-17T15:24:01,BSE_PRICE_INDEX
BSE_SMALLCAP,BSE SmallCap,2022-12-06,29889.84,,BSE_INDIA_OFFICIAL,https://www.bseindia.com/indices/IndexArchiveData/,2026-07-17T15:24:01,BSE_PRICE_INDEX
BSE_SMALLCAP,BSE SmallCap,2022-12-07,29759.79,,BSE_INDIA_OFFICIAL,https://www.bseindia.com/indices/IndexArchiveData/,2026-07-17T15:24:01,BSE_PRICE_INDEX
BSE_SMALLCAP,BSE SmallCap,2022-12-08,29855.79,,BSE_INDIA_OFFICIAL,https://www.bseindia.com/indices/IndexArchiveData/,2026-07-17T15:24:01,BSE_PRICE_INDEX
BSE_SMALLCAP,BSE SmallCap,2022-12-09,29558.56,,BSE_INDIA_OFFICIAL,https://www.bseindia.com/indices/IndexArchiveData/,2026-07-17T15:24:01,BSE_PRICE_INDEX
BSE_SMALLCAP,BSE SmallCap,2022-12-12,29665.37,,BSE_INDIA_OFFICIAL,https://www.bseindia.com/indices/IndexArchiveData/,2026-07-17T15:24:01,BSE_PRICE_INDEX
BSE_SMALLCAP,BSE SmallCap,2022-12-13,29785.49,,BSE_INDIA_OFFICIAL,https://www.bseindia.com/indices/IndexArchiveData/,2026-07-17T15:24:01,BSE_PRICE_INDEX
BSE_SMALLCAP,BSE SmallCap,2022-12-14,29986.62,,BSE_INDIA_OFFICIAL,https://www.bseindia.com/indices/IndexArchiveData/,2026-07-17T15:24:01,BSE_PRICE_INDEX
BSE_SMALLCAP,BSE SmallCap,2022-12-15,29802.29,,BSE_INDIA_OFFICIAL,https://www.bseindia.com/indices/IndexArchiveData/,2026-07-17T15:24:01,BSE_PRICE_INDEX
BSE_SMALLCAP,BSE SmallCap,2022-12-16,29516.75,,BSE_INDIA_OFFICIAL,https://www.bseindia.com/indices/IndexArchiveData/,2026-07-17T15:24:01,BSE_PRICE_INDEX
BSE_SMALLCAP,BSE SmallCap,2022-12-19,29602.03,,BSE_INDIA_OFFICIAL,https://www.bseindia.com/indices/IndexArchiveData/,2026-07-17T15:24:01,BSE_PRICE_INDEX
BSE_SMALLCAP,BSE SmallCap,2022-12-20,29596.46,,BSE_INDIA_OFFICIAL,https://www.bseindia.com/indices/IndexArchiveData/,2026-07-17T15:24:01,BSE_PRICE_INDEX
BSE_SMALLCAP,BSE SmallCap,2022-12-21,28949.96,,BSE_INDIA_OFFICIAL,https://www.bseindia.com/indices/IndexArchiveData/,2026-07-17T15:24:01,BSE_PRICE_INDEX
BSE_SMALLCAP,BSE SmallCap,2022-12-22,28421.52,,BSE_INDIA_OFFICIAL,https://www.bseindia.com/indices/IndexArchiveData/,2026-07-17T15:24:01,BSE_PRICE_INDEX
BSE_SMALLCAP,BSE SmallCap,2022-12-23,27252.68,,BSE_INDIA_OFFICIAL,https://www.bseindia.com/indices/IndexArchiveData/,2026-07-17T15:24:01,BSE_PRICE_INDEX
BSE_SMALLCAP,BSE SmallCap,2022-12-26,28106.75,,BSE_INDIA_OFFICIAL,https://www.bseindia.com/indices/IndexArchiveData/,2026-07-17T15:24:01,BSE_PRICE_INDEX
BSE_SMALLCAP,BSE SmallCap,2022-12-27,28517.04,,BSE_INDIA_OFFICIAL,https://www.bseindia.com/indices/IndexArchiveData/,2026-07-17T15:24:01,BSE_PRICE_INDEX
BSE_SMALLCAP,BSE SmallCap,2022-12-28,28645.49,,BSE_INDIA_OFFICIAL,https://www.bseindia.com/indices/IndexArchiveData/,2026-07-17T15:24:01,BSE_PRICE_INDEX
BSE_SMALLCAP,BSE SmallCap,2022-12-29,28707.42,,BSE_INDIA_OFFICIAL,https://www.bseindia.com/indices/IndexArchiveData/,2026-07-17T15:24:01,BSE_PRICE_INDEX
BSE_SMALLCAP,BSE SmallCap,2022-12-30,28926.79,,BSE_INDIA_OFFICIAL,https://www.bseindia.com/indices/IndexArchiveData/,2026-07-17T15:24:01,BSE_PRICE_INDEX
BSE_SMALLCAP,BSE SmallCap,2023-01-02,29169.29,,BSE_INDIA_OFFICIAL,https://www.bseindia.com/indices/IndexArchiveData/,2026-07-17T15:24:01,BSE_PRICE_INDEX
BSE_SMALLCAP,BSE SmallCap,2023-01-03,29222.69,,BSE_INDIA_OFFICIAL,https://www.bseindia.com/indices/IndexArchiveData/,2026-07-17T15:24:01,BSE_PRICE_INDEX
BSE_SMALLCAP,BSE SmallCap,2023-01-04,28993.03,,BSE_INDIA_OFFICIAL,https://www.bseindia.com/indices/IndexArchiveData/,2026-07-17T15:24:01,BSE_PRICE_INDEX
BSE_SMALLCAP,BSE SmallCap,2023-01-05,28995.87,,BSE_INDIA_OFFICIAL,https://www.bseindia.com/indices/IndexArchiveData/,2026-07-17T15:24:01,BSE_PRICE_INDEX
BSE_SMALLCAP,BSE SmallCap,2023-01-06,28783.56,,BSE_INDIA_OFFICIAL,https://www.bseindia.com/indices/IndexArchiveData/,2026-07-17T15:24:01,BSE_PRICE_INDEX
BSE_SMALLCAP,BSE SmallCap,2023-01-09,28928.06,,BSE_INDIA_OFFICIAL,https://www.bseindia.com/indices/IndexArchiveData/,2026-07-17T15:24:01,BSE_PRICE_INDEX
BSE_SMALLCAP,BSE SmallCap,2023-01-10,28794.89,,BSE_INDIA_OFFICIAL,https://www.bseindia.com/indices/IndexArchiveData/,2026-07-17T15:24:01,BSE_PRICE_INDEX
BSE_SMALLCAP,BSE SmallCap,2023-01-11,28800.51,,BSE_INDIA_OFFICIAL,https://www.bseindia.com/indices/IndexArchiveData/,2026-07-17T15:24:01,BSE_PRICE_INDEX
BSE_SMALLCAP,BSE SmallCap,2023-01-12,28795.33,,BSE_INDIA_OFFICIAL,https://www.bseindia.com/indices/IndexArchiveData/,2026-07-17T15:24:01,BSE_PRICE_INDEX
BSE_SMALLCAP,BSE SmallCap,2023-01-13,28858.30,,BSE_INDIA_OFFICIAL,https://www.bseindia.com/indices/IndexArchiveData/,2026-07-17T15:24:01,BSE_PRICE_INDEX
BSE_SMALLCAP,BSE SmallCap,2023-01-16,28830.05,,BSE_INDIA_OFFICIAL,https://www.bseindia.com/indices/IndexArchiveData/,2026-07-17T15:24:01,BSE_PRICE_INDEX
BSE_SMALLCAP,BSE SmallCap,2023-01-17,28792.83,,BSE_INDIA_OFFICIAL,https://www.bseindia.com/indices/IndexArchiveData/,2026-07-17T15:24:01,BSE_PRICE_INDEX
BSE_SMALLCAP,BSE SmallCap,2023-01-18,28841.63,,BSE_INDIA_OFFICIAL,https://www.bseindia.com/indices/IndexArchiveData/,2026-07-17T15:24:01,BSE_PRICE_INDEX
BSE_SMALLCAP,BSE SmallCap,2023-01-19,28773.27,,BSE_INDIA_OFFICIAL,https://www.bseindia.com/indices/IndexArchiveData/,2026-07-17T15:24:01,BSE_PRICE_INDEX
BSE_SMALLCAP,BSE SmallCap,2023-01-20,28630.19,,BSE_INDIA_OFFICIAL,https://www.bseindia.com/indices/IndexArchiveData/,2026-07-17T15:24:01,BSE_PRICE_INDEX
BSE_SMALLCAP,BSE SmallCap,2023-01-23,28544.40,,BSE_INDIA_OFFICIAL,https://www.bseindia.com/indices/IndexArchiveData/,2026-07-17T15:24:01,BSE_PRICE_INDEX
BSE_SMALLCAP,BSE SmallCap,2023-01-24,28422.45,,BSE_INDIA_OFFICIAL,https://www.bseindia.com/indices/IndexArchiveData/,2026-07-17T15:24:01,BSE_PRICE_INDEX
BSE_SMALLCAP,BSE SmallCap,2023-01-25,28154.89,,BSE_INDIA_OFFICIAL,https://www.bseindia.com/indices/IndexArchiveData/,2026-07-17T15:24:01,BSE_PRICE_INDEX
BSE_SMALLCAP,BSE SmallCap,2023-01-27,27623.85,,BSE_INDIA_OFFICIAL,https://www.bseindia.com/indices/IndexArchiveData/,2026-07-17T15:24:01,BSE_PRICE_INDEX
BSE_SMALLCAP,BSE SmallCap,2023-01-30,27596.70,,BSE_INDIA_OFFICIAL,https://www.bseindia.com/indices/IndexArchiveData/,2026-07-17T15:24:01,BSE_PRICE_INDEX
BSE_SMALLCAP,BSE SmallCap,2023-01-31,28205.89,,BSE_INDIA_OFFICIAL,https://www.bseindia.com/indices/IndexArchiveData/,2026-07-17T15:24:01,BSE_PRICE_INDEX
BSE_SMALLCAP,BSE SmallCap,2023-02-01,27894.98,,BSE_INDIA_OFFICIAL,https://www.bseindia.com/indices/IndexArchiveData/,2026-07-17T15:24:01,BSE_PRICE_INDEX
BSE_SMALLCAP,BSE SmallCap,2023-02-02,27994.16,,BSE_INDIA_OFFICIAL,https://www.bseindia.com/indices/IndexArchiveData/,2026-07-17T15:24:01,BSE_PRICE_INDEX
BSE_SMALLCAP,BSE SmallCap,2023-02-03,27862.68,,BSE_INDIA_OFFICIAL,https://www.bseindia.com/indices/IndexArchiveData/,2026-07-17T15:24:01,BSE_PRICE_INDEX
BSE_SMALLCAP,BSE SmallCap,2023-02-06,28000.37,,BSE_INDIA_OFFICIAL,https://www.bseindia.com/indices/IndexArchiveData/,2026-07-17T15:24:01,BSE_PRICE_INDEX
BSE_SMALLCAP,BSE SmallCap,2023-02-07,27956.74,,BSE_INDIA_OFFICIAL,https://www.bseindia.com/indices/IndexArchiveData/,2026-07-17T15:24:01,BSE_PRICE_INDEX
BSE_SMALLCAP,BSE SmallCap,2023-02-08,28169.62,,BSE_INDIA_OFFICIAL,https://www.bseindia.com/indices/IndexArchiveData/,2026-07-17T15:24:01,BSE_PRICE_INDEX
BSE_SMALLCAP,BSE SmallCap,2023-02-09,28127.41,,BSE_INDIA_OFFICIAL,https://www.bseindia.com/indices/IndexArchiveData/,2026-07-17T15:24:01,BSE_PRICE_INDEX
BSE_SMALLCAP,BSE SmallCap,2023-02-10,28263.05,,BSE_INDIA_OFFICIAL,https://www.bseindia.com/indices/IndexArchiveData/,2026-07-17T15:24:01,BSE_PRICE_INDEX
BSE_SMALLCAP,BSE SmallCap,2023-02-13,27932.15,,BSE_INDIA_OFFICIAL,https://www.bseindia.com/indices/IndexArchiveData/,2026-07-17T15:24:01,BSE_PRICE_INDEX
BSE_SMALLCAP,BSE SmallCap,2023-02-14,27761.38,,BSE_INDIA_OFFICIAL,https://www.bseindia.com/indices/IndexArchiveData/,2026-07-17T15:24:01,BSE_PRICE_INDEX
BSE_SMALLCAP,BSE SmallCap,2023-02-15,27861.86,,BSE_INDIA_OFFICIAL,https://www.bseindia.com/indices/IndexArchiveData/,2026-07-17T15:24:01,BSE_PRICE_INDEX
BSE_SMALLCAP,BSE SmallCap,2023-02-16,28112.76,,BSE_INDIA_OFFICIAL,https://www.bseindia.com/indices/IndexArchiveData/,2026-07-17T15:24:01,BSE_PRICE_INDEX
BSE_SMALLCAP,BSE SmallCap,2023-02-17,28046.40,,BSE_INDIA_OFFICIAL,https://www.bseindia.com/indices/IndexArchiveData/,2026-07-17T15:24:01,BSE_PRICE_INDEX
BSE_SMALLCAP,BSE SmallCap,2023-02-20,28002.27,,BSE_INDIA_OFFICIAL,https://www.bseindia.com/indices/IndexArchiveData/,2026-07-17T15:24:01,BSE_PRICE_INDEX
BSE_SMALLCAP,BSE SmallCap,2023-02-21,27914.41,,BSE_INDIA_OFFICIAL,https://www.bseindia.com/indices/IndexArchiveData/,2026-07-17T15:24:01,BSE_PRICE_INDEX
BSE_SMALLCAP,BSE SmallCap,2023-02-22,27610.32,,BSE_INDIA_OFFICIAL,https://www.bseindia.com/indices/IndexArchiveData/,2026-07-17T15:24:01,BSE_PRICE_INDEX
BSE_SMALLCAP,BSE SmallCap,2023-02-23,27626.56,,BSE_INDIA_OFFICIAL,https://www.bseindia.com/indices/IndexArchiveData/,2026-07-17T15:24:01,BSE_PRICE_INDEX
BSE_SMALLCAP,BSE SmallCap,2023-02-24,27584.59,,BSE_INDIA_OFFICIAL,https://www.bseindia.com/indices/IndexArchiveData/,2026-07-17T15:24:01,BSE_PRICE_INDEX
BSE_SMALLCAP,BSE SmallCap,2023-02-27,27232.39,,BSE_INDIA_OFFICIAL,https://www.bseindia.com/indices/IndexArchiveData/,2026-07-17T15:24:01,BSE_PRICE_INDEX
BSE_SMALLCAP,BSE SmallCap,2023-02-28,27341.14,,BSE_INDIA_OFFICIAL,https://www.bseindia.com/indices/IndexArchiveData/,2026-07-17T15:24:01,BSE_PRICE_INDEX
BSE_SMALLCAP,BSE SmallCap,2023-03-01,27718.13,,BSE_INDIA_OFFICIAL,https://www.bseindia.com/indices/IndexArchiveData/,2026-07-17T15:24:01,BSE_PRICE_INDEX
BSE_SMALLCAP,BSE SmallCap,2023-03-02,27658.21,,BSE_INDIA_OFFICIAL,https://www.bseindia.com/indices/IndexArchiveData/,2026-07-17T15:24:01,BSE_PRICE_INDEX
BSE_SMALLCAP,BSE SmallCap,2023-03-03,27846.40,,BSE_INDIA_OFFICIAL,https://www.bseindia.com/indices/IndexArchiveData/,2026-07-17T15:24:01,BSE_PRICE_INDEX
BSE_SMALLCAP,BSE SmallCap,2023-03-06,28096.03,,BSE_INDIA_OFFICIAL,https://www.bseindia.com/indices/IndexArchiveData/,2026-07-17T15:24:01,BSE_PRICE_INDEX
BSE_SMALLCAP,BSE SmallCap,2023-03-08,28173.46,,BSE_INDIA_OFFICIAL,https://www.bseindia.com/indices/IndexArchiveData/,2026-07-17T15:24:01,BSE_PRICE_INDEX
BSE_SMALLCAP,BSE SmallCap,2023-03-09,28117.40,,BSE_INDIA_OFFICIAL,https://www.bseindia.com/indices/IndexArchiveData/,2026-07-17T15:24:01,BSE_PRICE_INDEX
BSE_SMALLCAP,BSE SmallCap,2023-03-10,27952.11,,BSE_INDIA_OFFICIAL,https://www.bseindia.com/indices/IndexArchiveData/,2026-07-17T15:24:01,BSE_PRICE_INDEX
BSE_SMALLCAP,BSE SmallCap,2023-03-13,27371.95,,BSE_INDIA_OFFICIAL,https://www.bseindia.com/indices/IndexArchiveData/,2026-07-17T15:24:01,BSE_PRICE_INDEX
BSE_SMALLCAP,BSE SmallCap,2023-03-14,27142.63,,BSE_INDIA_OFFICIAL,https://www.bseindia.com/indices/IndexArchiveData/,2026-07-17T15:24:01,BSE_PRICE_INDEX
BSE_SMALLCAP,BSE SmallCap,2023-03-15,27169.16,,BSE_INDIA_OFFICIAL,https://www.bseindia.com/indices/IndexArchiveData/,2026-07-17T15:24:01,BSE_PRICE_INDEX
BSE_SMALLCAP,BSE SmallCap,2023-03-16,26980.75,,BSE_INDIA_OFFICIAL,https://www.bseindia.com/indices/IndexArchiveData/,2026-07-17T15:24:01,BSE_PRICE_INDEX
BSE_SMALLCAP,BSE SmallCap,2023-03-17,27167.74,,BSE_INDIA_OFFICIAL,https://www.bseindia.com/indices/IndexArchiveData/,2026-07-17T15:24:01,BSE_PRICE_INDEX
BSE_SMALLCAP,BSE SmallCap,2023-03-20,26899.39,,BSE_INDIA_OFFICIAL,https://www.bseindia.com/indices/IndexArchiveData/,2026-07-17T15:24:01,BSE_PRICE_INDEX
BSE_SMALLCAP,BSE SmallCap,2023-03-21,27034.33,,BSE_INDIA_OFFICIAL,https://www.bseindia.com/indices/IndexArchiveData/,2026-07-17T15:24:01,BSE_PRICE_INDEX
BSE_SMALLCAP,BSE SmallCap,2023-03-22,27181.06,,BSE_INDIA_OFFICIAL,https://www.bseindia.com/indices/IndexArchiveData/,2026-07-17T15:24:01,BSE_PRICE_INDEX
BSE_SMALLCAP,BSE SmallCap,2023-03-23,27139.93,,BSE_INDIA_OFFICIAL,https://www.bseindia.com/indices/IndexArchiveData/,2026-07-17T15:24:01,BSE_PRICE_INDEX
BSE_SMALLCAP,BSE SmallCap,2023-03-24,26767.00,,BSE_INDIA_OFFICIAL,https://www.bseindia.com/indices/IndexArchiveData/,2026-07-17T15:24:01,BSE_PRICE_INDEX
BSE_SMALLCAP,BSE SmallCap,2023-03-27,26366.45,,BSE_INDIA_OFFICIAL,https://www.bseindia.com/indices/IndexArchiveData/,2026-07-17T15:24:01,BSE_PRICE_INDEX
BSE_SMALLCAP,BSE SmallCap,2023-03-28,26159.03,,BSE_INDIA_OFFICIAL,https://www.bseindia.com/indices/IndexArchiveData/,2026-07-17T15:24:01,BSE_PRICE_INDEX
BSE_SMALLCAP,BSE SmallCap,2023-03-29,26598.72,,BSE_INDIA_OFFICIAL,https://www.bseindia.com/indices/IndexArchiveData/,2026-07-17T15:24:01,BSE_PRICE_INDEX
BSE_SMALLCAP,BSE SmallCap,2023-03-31,26957.01,,BSE_INDIA_OFFICIAL,https://www.bseindia.com/indices/IndexArchiveData/,2026-07-17T15:24:01,BSE_PRICE_INDEX
BSE_SMALLCAP,BSE SmallCap,2023-04-03,27271.27,,BSE_INDIA_OFFICIAL,https://www.bseindia.com/indices/IndexArchiveData/,2026-07-17T15:24:01,BSE_PRICE_INDEX
BSE_SMALLCAP,BSE SmallCap,2023-04-05,27531.62,,BSE_INDIA_OFFICIAL,https://www.bseindia.com/indices/IndexArchiveData/,2026-07-17T15:24:01,BSE_PRICE_INDEX
BSE_SMALLCAP,BSE SmallCap,2023-04-06,27725.34,,BSE_INDIA_OFFICIAL,https://www.bseindia.com/indices/IndexArchiveData/,2026-07-17T15:24:01,BSE_PRICE_INDEX
BSE_SMALLCAP,BSE SmallCap,2023-04-10,27771.00,,BSE_INDIA_OFFICIAL,https://www.bseindia.com/indices/IndexArchiveData/,2026-07-17T15:24:01,BSE_PRICE_INDEX
BSE_SMALLCAP,BSE SmallCap,2023-04-11,27942.80,,BSE_INDIA_OFFICIAL,https://www.bseindia.com/indices/IndexArchiveData/,2026-07-17T15:24:01,BSE_PRICE_INDEX
BSE_SMALLCAP,BSE SmallCap,2023-04-12,28056.09,,BSE_INDIA_OFFICIAL,https://www.bseindia.com/indices/IndexArchiveData/,2026-07-17T15:24:01,BSE_PRICE_INDEX
BSE_SMALLCAP,BSE SmallCap,2023-04-13,28149.58,,BSE_INDIA_OFFICIAL,https://www.bseindia.com/indices/IndexArchiveData/,2026-07-17T15:24:01,BSE_PRICE_INDEX
BSE_SMALLCAP,BSE SmallCap,2023-04-17,28186.48,,BSE_INDIA_OFFICIAL,https://www.bseindia.com/indices/IndexArchiveData/,2026-07-17T15:24:01,BSE_PRICE_INDEX
BSE_SMALLCAP,BSE SmallCap,2023-04-18,28247.45,,BSE_INDIA_OFFICIAL,https://www.bseindia.com/indices/IndexArchiveData/,2026-07-17T15:24:01,BSE_PRICE_INDEX
BSE_SMALLCAP,BSE SmallCap,2023-04-19,28281.10,,BSE_INDIA_OFFICIAL,https://www.bseindia.com/indices/IndexArchiveData/,2026-07-17T15:24:01,BSE_PRICE_INDEX
BSE_SMALLCAP,BSE SmallCap,2023-04-20,28310.02,,BSE_INDIA_OFFICIAL,https://www.bseindia.com/indices/IndexArchiveData/,2026-07-17T15:24:01,BSE_PRICE_INDEX
BSE_SMALLCAP,BSE SmallCap,2023-04-21,28234.26,,BSE_INDIA_OFFICIAL,https://www.bseindia.com/indices/IndexArchiveData/,2026-07-17T15:24:01,BSE_PRICE_INDEX
BSE_SMALLCAP,BSE SmallCap,2023-04-24,28329.13,,BSE_INDIA_OFFICIAL,https://www.bseindia.com/indices/IndexArchiveData/,2026-07-17T15:24:01,BSE_PRICE_INDEX
BSE_SMALLCAP,BSE SmallCap,2023-04-25,28384.18,,BSE_INDIA_OFFICIAL,https://www.bseindia.com/indices/IndexArchiveData/,2026-07-17T15:24:01,BSE_PRICE_INDEX
BSE_SMALLCAP,BSE SmallCap,2023-04-26,28479.34,,BSE_INDIA_OFFICIAL,https://www.bseindia.com/indices/IndexArchiveData/,2026-07-17T15:24:01,BSE_PRICE_INDEX
BSE_SMALLCAP,BSE SmallCap,2023-04-27,28654.98,,BSE_INDIA_OFFICIAL,https://www.bseindia.com/indices/IndexArchiveData/,2026-07-17T15:24:01,BSE_PRICE_INDEX
BSE_SMALLCAP,BSE SmallCap,2023-04-28,28917.07,,BSE_INDIA_OFFICIAL,https://www.bseindia.com/indices/IndexArchiveData/,2026-07-17T15:24:01,BSE_PRICE_INDEX
BSE_SMALLCAP,BSE SmallCap,2023-05-02,29100.50,,BSE_INDIA_OFFICIAL,https://www.bseindia.com/indices/IndexArchiveData/,2026-07-17T15:24:01,BSE_PRICE_INDEX
BSE_SMALLCAP,BSE SmallCap,2023-05-03,29157.26,,BSE_INDIA_OFFICIAL,https://www.bseindia.com/indices/IndexArchiveData/,2026-07-17T15:24:01,BSE_PRICE_INDEX
BSE_SMALLCAP,BSE SmallCap,2023-05-04,29399.50,,BSE_INDIA_OFFICIAL,https://www.bseindia.com/indices/IndexArchiveData/,2026-07-17T15:24:01,BSE_PRICE_INDEX
BSE_SMALLCAP,BSE SmallCap,2023-05-05,29283.87,,BSE_INDIA_OFFICIAL,https://www.bseindia.com/indices/IndexArchiveData/,2026-07-17T15:24:01,BSE_PRICE_INDEX
BSE_SMALLCAP,BSE SmallCap,2023-05-08,29448.32,,BSE_INDIA_OFFICIAL,https://www.bseindia.com/indices/IndexArchiveData/,2026-07-17T15:24:01,BSE_PRICE_INDEX
BSE_SMALLCAP,BSE SmallCap,2023-05-09,29344.41,,BSE_INDIA_OFFICIAL,https://www.bseindia.com/indices/IndexArchiveData/,2026-07-17T15:24:01,BSE_PRICE_INDEX
BSE_SMALLCAP,BSE SmallCap,2023-05-10,29440.08,,BSE_INDIA_OFFICIAL,https://www.bseindia.com/indices/IndexArchiveData/,2026-07-17T15:24:01,BSE_PRICE_INDEX
BSE_SMALLCAP,BSE SmallCap,2023-05-11,29641.57,,BSE_INDIA_OFFICIAL,https://www.bseindia.com/indices/IndexArchiveData/,2026-07-17T15:24:01,BSE_PRICE_INDEX
BSE_SMALLCAP,BSE SmallCap,2023-05-12,29616.61,,BSE_INDIA_OFFICIAL,https://www.bseindia.com/indices/IndexArchiveData/,2026-07-17T15:24:01,BSE_PRICE_INDEX
BSE_SMALLCAP,BSE SmallCap,2023-05-15,29761.84,,BSE_INDIA_OFFICIAL,https://www.bseindia.com/indices/IndexArchiveData/,2026-07-17T15:24:01,BSE_PRICE_INDEX
BSE_SMALLCAP,BSE SmallCap,2023-05-16,29798.94,,BSE_INDIA_OFFICIAL,https://www.bseindia.com/indices/IndexArchiveData/,2026-07-17T15:24:01,BSE_PRICE_INDEX
BSE_SMALLCAP,BSE SmallCap,2023-05-17,29874.47,,BSE_INDIA_OFFICIAL,https://www.bseindia.com/indices/IndexArchiveData/,2026-07-17T15:24:01,BSE_PRICE_INDEX
BSE_SMALLCAP,BSE SmallCap,2023-05-18,29796.33,,BSE_INDIA_OFFICIAL,https://www.bseindia.com/indices/IndexArchiveData/,2026-07-17T15:24:01,BSE_PRICE_INDEX
BSE_SMALLCAP,BSE SmallCap,2023-05-19,29748.14,,BSE_INDIA_OFFICIAL,https://www.bseindia.com/indices/IndexArchiveData/,2026-07-17T15:24:01,BSE_PRICE_INDEX
BSE_SMALLCAP,BSE SmallCap,2023-05-22,29868.97,,BSE_INDIA_OFFICIAL,https://www.bseindia.com/indices/IndexArchiveData/,2026-07-17T15:24:01,BSE_PRICE_INDEX
BSE_SMALLCAP,BSE SmallCap,2023-05-23,29903.15,,BSE_INDIA_OFFICIAL,https://www.bseindia.com/indices/IndexArchiveData/,2026-07-17T15:24:01,BSE_PRICE_INDEX
BSE_SMALLCAP,BSE SmallCap,2023-05-24,29934.22,,BSE_INDIA_OFFICIAL,https://www.bseindia.com/indices/IndexArchiveData/,2026-07-17T15:24:01,BSE_PRICE_INDEX
BSE_SMALLCAP,BSE SmallCap,2023-05-25,30014.82,,BSE_INDIA_OFFICIAL,https://www.bseindia.com/indices/IndexArchiveData/,2026-07-17T15:24:01,BSE_PRICE_INDEX
BSE_SMALLCAP,BSE SmallCap,2023-05-26,30162.66,,BSE_INDIA_OFFICIAL,https://www.bseindia.com/indices/IndexArchiveData/,2026-07-17T15:24:01,BSE_PRICE_INDEX
BSE_SMALLCAP,BSE SmallCap,2023-05-29,30253.33,,BSE_INDIA_OFFICIAL,https://www.bseindia.com/indices/IndexArchiveData/,2026-07-17T15:24:01,BSE_PRICE_INDEX
BSE_SMALLCAP,BSE SmallCap,2023-05-30,30319.37,,BSE_INDIA_OFFICIAL,https://www.bseindia.com/indices/IndexArchiveData/,2026-07-17T15:24:01,BSE_PRICE_INDEX
BSE_SMALLCAP,BSE SmallCap,2023-05-31,30524.82,,BSE_INDIA_OFFICIAL,https://www.bseindia.com/indices/IndexArchiveData/,2026-07-17T15:24:01,BSE_PRICE_INDEX
BSE_SMALLCAP,BSE SmallCap,2023-06-01,30711.67,,BSE_INDIA_OFFICIAL,https://www.bseindia.com/indices/IndexArchiveData/,2026-07-17T15:24:01,BSE_PRICE_INDEX
BSE_SMALLCAP,BSE SmallCap,2023-06-02,30885.70,,BSE_INDIA_OFFICIAL,https://www.bseindia.com/indices/IndexArchiveData/,2026-07-17T15:24:01,BSE_PRICE_INDEX
BSE_SMALLCAP,BSE SmallCap,2023-06-05,31043.53,,BSE_INDIA_OFFICIAL,https://www.bseindia.com/indices/IndexArchiveData/,2026-07-17T15:24:01,BSE_PRICE_INDEX
BSE_SMALLCAP,BSE SmallCap,2023-06-06,31174.98,,BSE_INDIA_OFFICIAL,https://www.bseindia.com/indices/IndexArchiveData/,2026-07-17T15:24:01,BSE_PRICE_INDEX
BSE_SMALLCAP,BSE SmallCap,2023-06-07,31533.68,,BSE_INDIA_OFFICIAL,https://www.bseindia.com/indices/IndexArchiveData/,2026-07-17T15:24:01,BSE_PRICE_INDEX
BSE_SMALLCAP,BSE SmallCap,2023-06-08,31385.13,,BSE_INDIA_OFFICIAL,https://www.bseindia.com/indices/IndexArchiveData/,2026-07-17T15:24:01,BSE_PRICE_INDEX
BSE_SMALLCAP,BSE SmallCap,2023-06-09,31391.99,,BSE_INDIA_OFFICIAL,https://www.bseindia.com/indices/IndexArchiveData/,2026-07-17T15:24:01,BSE_PRICE_INDEX
BSE_SMALLCAP,BSE SmallCap,2023-06-12,31617.37,,BSE_INDIA_OFFICIAL,https://www.bseindia.com/indices/IndexArchiveData/,2026-07-17T15:24:01,BSE_PRICE_INDEX
BSE_SMALLCAP,BSE SmallCap,2023-06-13,31876.70,,BSE_INDIA_OFFICIAL,https://www.bseindia.com/indices/IndexArchiveData/,2026-07-17T15:24:01,BSE_PRICE_INDEX
BSE_SMALLCAP,BSE SmallCap,2023-06-14,32011.90,,BSE_INDIA_OFFICIAL,https://www.bseindia.com/indices/IndexArchiveData/,2026-07-17T15:24:01,BSE_PRICE_INDEX
BSE_SMALLCAP,BSE SmallCap,2023-06-15,32049.91,,BSE_INDIA_OFFICIAL,https://www.bseindia.com/indices/IndexArchiveData/,2026-07-17T15:24:01,BSE_PRICE_INDEX
BSE_SMALLCAP,BSE SmallCap,2023-06-16,32292.19,,BSE_INDIA_OFFICIAL,https://www.bseindia.com/indices/IndexArchiveData/,2026-07-17T15:24:01,BSE_PRICE_INDEX
BSE_SMALLCAP,BSE SmallCap,2023-06-19,32368.74,,BSE_INDIA_OFFICIAL,https://www.bseindia.com/indices/IndexArchiveData/,2026-07-17T15:24:01,BSE_PRICE_INDEX
BSE_SMALLCAP,BSE SmallCap,2023-06-20,32497.76,,BSE_INDIA_OFFICIAL,https://www.bseindia.com/indices/IndexArchiveData/,2026-07-17T15:24:01,BSE_PRICE_INDEX
BSE_SMALLCAP,BSE SmallCap,2023-06-21,32577.35,,BSE_INDIA_OFFICIAL,https://www.bseindia.com/indices/IndexArchiveData/,2026-07-17T15:24:01,BSE_PRICE_INDEX
BSE_SMALLCAP,BSE SmallCap,2023-06-22,32369.66,,BSE_INDIA_OFFICIAL,https://www.bseindia.com/indices/IndexArchiveData/,2026-07-17T15:24:01,BSE_PRICE_INDEX
BSE_SMALLCAP,BSE SmallCap,2023-06-23,31991.18,,BSE_INDIA_OFFICIAL,https://www.bseindia.com/indices/IndexArchiveData/,2026-07-17T15:24:01,BSE_PRICE_INDEX
BSE_SMALLCAP,BSE SmallCap,2023-06-26,32216.89,,BSE_INDIA_OFFICIAL,https://www.bseindia.com/indices/IndexArchiveData/,2026-07-17T15:24:01,BSE_PRICE_INDEX
BSE_SMALLCAP,BSE SmallCap,2023-06-27,32412.56,,BSE_INDIA_OFFICIAL,https://www.bseindia.com/indices/IndexArchiveData/,2026-07-17T15:24:01,BSE_PRICE_INDEX
BSE_SMALLCAP,BSE SmallCap,2023-06-28,32437.88,,BSE_INDIA_OFFICIAL,https://www.bseindia.com/indices/IndexArchiveData/,2026-07-17T15:24:01,BSE_PRICE_INDEX
BSE_SMALLCAP,BSE SmallCap,2023-06-30,32602.14,,BSE_INDIA_OFFICIAL,https://www.bseindia.com/indices/IndexArchiveData/,2026-07-17T15:24:01,BSE_PRICE_INDEX
BSE_SMALLCAP,BSE SmallCap,2023-07-03,32786.31,,BSE_INDIA_OFFICIAL,https://www.bseindia.com/indices/IndexArchiveData/,2026-07-17T15:24:01,BSE_PRICE_INDEX
BSE_SMALLCAP,BSE SmallCap,2023-07-04,32802.63,,BSE_INDIA_OFFICIAL,https://www.bseindia.com/indices/IndexArchiveData/,2026-07-17T15:24:01,BSE_PRICE_INDEX
BSE_SMALLCAP,BSE SmallCap,2023-07-05,33004.56,,BSE_INDIA_OFFICIAL,https://www.bseindia.com/indices/IndexArchiveData/,2026-07-17T15:24:01,BSE_PRICE_INDEX
BSE_SMALLCAP,BSE SmallCap,2023-07-06,33224.09,,BSE_INDIA_OFFICIAL,https://www.bseindia.com/indices/IndexArchiveData/,2026-07-17T15:24:01,BSE_PRICE_INDEX
BSE_SMALLCAP,BSE SmallCap,2023-07-07,33129.41,,BSE_INDIA_OFFICIAL,https://www.bseindia.com/indices/IndexArchiveData/,2026-07-17T15:24:01,BSE_PRICE_INDEX
BSE_SMALLCAP,BSE SmallCap,2023-07-10,33042.06,,BSE_INDIA_OFFICIAL,https://www.bseindia.com/indices/IndexArchiveData/,2026-07-17T15:24:01,BSE_PRICE_INDEX
BSE_SMALLCAP,BSE SmallCap,2023-07-11,33312.15,,BSE_INDIA_OFFICIAL,https://www.bseindia.com/indices/IndexArchiveData/,2026-07-17T15:24:01,BSE_PRICE_INDEX
BSE_SMALLCAP,BSE SmallCap,2023-07-12,33502.21,,BSE_INDIA_OFFICIAL,https://www.bseindia.com/indices/IndexArchiveData/,2026-07-17T15:24:01,BSE_PRICE_INDEX
BSE_SMALLCAP,BSE SmallCap,2023-07-13,33322.13,,BSE_INDIA_OFFICIAL,https://www.bseindia.com/indices/IndexArchiveData/,2026-07-17T15:24:01,BSE_PRICE_INDEX
BSE_SMALLCAP,BSE SmallCap,2023-07-14,33701.90,,BSE_INDIA_OFFICIAL,https://www.bseindia.com/indices/IndexArchiveData/,2026-07-17T15:24:01,BSE_PRICE_INDEX
BSE_SMALLCAP,BSE SmallCap,2023-07-17,33986.98,,BSE_INDIA_OFFICIAL,https://www.bseindia.com/indices/IndexArchiveData/,2026-07-17T15:24:01,BSE_PRICE_INDEX
BSE_SMALLCAP,BSE SmallCap,2023-07-18,33828.59,,BSE_INDIA_OFFICIAL,https://www.bseindia.com/indices/IndexArchiveData/,2026-07-17T15:24:01,BSE_PRICE_INDEX
BSE_SMALLCAP,BSE SmallCap,2023-07-19,34036.41,,BSE_INDIA_OFFICIAL,https://www.bseindia.com/indices/IndexArchiveData/,2026-07-17T15:24:01,BSE_PRICE_INDEX
BSE_SMALLCAP,BSE SmallCap,2023-07-20,34101.53,,BSE_INDIA_OFFICIAL,https://www.bseindia.com/indices/IndexArchiveData/,2026-07-17T15:24:01,BSE_PRICE_INDEX
BSE_SMALLCAP,BSE SmallCap,2023-07-21,34146.66,,BSE_INDIA_OFFICIAL,https://www.bseindia.com/indices/IndexArchiveData/,2026-07-17T15:24:01,BSE_PRICE_INDEX
BSE_SMALLCAP,BSE SmallCap,2023-07-24,34172.03,,BSE_INDIA_OFFICIAL,https://www.bseindia.com/indices/IndexArchiveData/,2026-07-17T15:24:01,BSE_PRICE_INDEX
BSE_SMALLCAP,BSE SmallCap,2023-07-25,34279.08,,BSE_INDIA_OFFICIAL,https://www.bseindia.com/indices/IndexArchiveData/,2026-07-17T15:24:01,BSE_PRICE_INDEX
BSE_SMALLCAP,BSE SmallCap,2023-07-26,34355.33,,BSE_INDIA_OFFICIAL,https://www.bseindia.com/indices/IndexArchiveData/,2026-07-17T15:24:01,BSE_PRICE_INDEX
BSE_SMALLCAP,BSE SmallCap,2023-07-27,34379.25,,BSE_INDIA_OFFICIAL,https://www.bseindia.com/indices/IndexArchiveData/,2026-07-17T15:24:01,BSE_PRICE_INDEX
BSE_SMALLCAP,BSE SmallCap,2023-07-28,34548.46,,BSE_INDIA_OFFICIAL,https://www.bseindia.com/indices/IndexArchiveData/,2026-07-17T15:24:01,BSE_PRICE_INDEX
BSE_SMALLCAP,BSE SmallCap,2023-07-31,35002.32,,BSE_INDIA_OFFICIAL,https://www.bseindia.com/indices/IndexArchiveData/,2026-07-17T15:24:01,BSE_PRICE_INDEX
BSE_SMALLCAP,BSE SmallCap,2023-08-01,35177.85,,BSE_INDIA_OFFICIAL,https://www.bseindia.com/indices/IndexArchiveData/,2026-07-17T15:24:01,BSE_PRICE_INDEX
BSE_SMALLCAP,BSE SmallCap,2023-08-02,34761.22,,BSE_INDIA_OFFICIAL,https://www.bseindia.com/indices/IndexArchiveData/,2026-07-17T15:24:01,BSE_PRICE_INDEX
BSE_SMALLCAP,BSE SmallCap,2023-08-03,34841.48,,BSE_INDIA_OFFICIAL,https://www.bseindia.com/indices/IndexArchiveData/,2026-07-17T15:24:01,BSE_PRICE_INDEX
BSE_SMALLCAP,BSE SmallCap,2023-08-04,35070.65,,BSE_INDIA_OFFICIAL,https://www.bseindia.com/indices/IndexArchiveData/,2026-07-17T15:24:01,BSE_PRICE_INDEX
BSE_SMALLCAP,BSE SmallCap,2023-08-07,35162.06,,BSE_INDIA_OFFICIAL,https://www.bseindia.com/indices/IndexArchiveData/,2026-07-17T15:24:01,BSE_PRICE_INDEX
BSE_SMALLCAP,BSE SmallCap,2023-08-08,35248.97,,BSE_INDIA_OFFICIAL,https://www.bseindia.com/indices/IndexArchiveData/,2026-07-17T15:24:01,BSE_PRICE_INDEX
BSE_SMALLCAP,BSE SmallCap,2023-08-09,35450.37,,BSE_INDIA_OFFICIAL,https://www.bseindia.com/indices/IndexArchiveData/,2026-07-17T15:24:01,BSE_PRICE_INDEX
BSE_SMALLCAP,BSE SmallCap,2023-08-10,35398.74,,BSE_INDIA_OFFICIAL,https://www.bseindia.com/indices/IndexArchiveData/,2026-07-17T15:24:01,BSE_PRICE_INDEX
BSE_SMALLCAP,BSE SmallCap,2023-08-11,35290.61,,BSE_INDIA_OFFICIAL,https://www.bseindia.com/indices/IndexArchiveData/,2026-07-17T15:24:01,BSE_PRICE_INDEX
BSE_SMALLCAP,BSE SmallCap,2023-08-14,35113.21,,BSE_INDIA_OFFICIAL,https://www.bseindia.com/indices/IndexArchiveData/,2026-07-17T15:24:01,BSE_PRICE_INDEX
BSE_SMALLCAP,BSE SmallCap,2023-08-16,35297.14,,BSE_INDIA_OFFICIAL,https://www.bseindia.com/indices/IndexArchiveData/,2026-07-17T15:24:01,BSE_PRICE_INDEX
BSE_SMALLCAP,BSE SmallCap,2023-08-17,35364.28,,BSE_INDIA_OFFICIAL,https://www.bseindia.com/indices/IndexArchiveData/,2026-07-17T15:24:01,BSE_PRICE_INDEX
BSE_SMALLCAP,BSE SmallCap,2023-08-18,35283.32,,BSE_INDIA_OFFICIAL,https://www.bseindia.com/indices/IndexArchiveData/,2026-07-17T15:24:01,BSE_PRICE_INDEX
BSE_SMALLCAP,BSE SmallCap,2023-08-21,35535.38,,BSE_INDIA_OFFICIAL,https://www.bseindia.com/indices/IndexArchiveData/,2026-07-17T15:24:01,BSE_PRICE_INDEX
BSE_SMALLCAP,BSE SmallCap,2023-08-22,35850.19,,BSE_INDIA_OFFICIAL,https://www.bseindia.com/indices/IndexArchiveData/,2026-07-17T15:24:01,BSE_PRICE_INDEX
BSE_SMALLCAP,BSE SmallCap,2023-08-23,36065.95,,BSE_INDIA_OFFICIAL,https://www.bseindia.com/indices/IndexArchiveData/,2026-07-17T15:24:01,BSE_PRICE_INDEX
BSE_SMALLCAP,BSE SmallCap,2023-08-24,36142.74,,BSE_INDIA_OFFICIAL,https://www.bseindia.com/indices/IndexArchiveData/,2026-07-17T15:24:01,BSE_PRICE_INDEX
BSE_SMALLCAP,BSE SmallCap,2023-08-25,36055.96,,BSE_INDIA_OFFICIAL,https://www.bseindia.com/indices/IndexArchiveData/,2026-07-17T15:24:01,BSE_PRICE_INDEX
BSE_SMALLCAP,BSE SmallCap,2023-08-28,36298.44,,BSE_INDIA_OFFICIAL,https://www.bseindia.com/indices/IndexArchiveData/,2026-07-17T15:24:01,BSE_PRICE_INDEX
BSE_SMALLCAP,BSE SmallCap,2023-08-29,36547.63,,BSE_INDIA_OFFICIAL,https://www.bseindia.com/indices/IndexArchiveData/,2026-07-17T15:24:01,BSE_PRICE_INDEX
BSE_SMALLCAP,BSE SmallCap,2023-08-30,36851.14,,BSE_INDIA_OFFICIAL,https://www.bseindia.com/indices/IndexArchiveData/,2026-07-17T15:24:01,BSE_PRICE_INDEX
BSE_SMALLCAP,BSE SmallCap,2023-08-31,37143.67,,BSE_INDIA_OFFICIAL,https://www.bseindia.com/indices/IndexArchiveData/,2026-07-17T15:24:01,BSE_PRICE_INDEX
BSE_SMALLCAP,BSE SmallCap,2023-09-01,37420.53,,BSE_INDIA_OFFICIAL,https://www.bseindia.com/indices/IndexArchiveData/,2026-07-17T15:24:01,BSE_PRICE_INDEX
BSE_SMALLCAP,BSE SmallCap,2023-09-04,37734.14,,BSE_INDIA_OFFICIAL,https://www.bseindia.com/indices/IndexArchiveData/,2026-07-17T15:24:01,BSE_PRICE_INDEX
BSE_SMALLCAP,BSE SmallCap,2023-09-05,37964.55,,BSE_INDIA_OFFICIAL,https://www.bseindia.com/indices/IndexArchiveData/,2026-07-17T15:24:01,BSE_PRICE_INDEX
BSE_SMALLCAP,BSE SmallCap,2023-09-06,37948.61,,BSE_INDIA_OFFICIAL,https://www.bseindia.com/indices/IndexArchiveData/,2026-07-17T15:24:01,BSE_PRICE_INDEX
BSE_SMALLCAP,BSE SmallCap,2023-09-07,38101.21,,BSE_INDIA_OFFICIAL,https://www.bseindia.com/indices/IndexArchiveData/,2026-07-17T15:24:01,BSE_PRICE_INDEX
BSE_SMALLCAP,BSE SmallCap,2023-09-08,38266.53,,BSE_INDIA_OFFICIAL,https://www.bseindia.com/indices/IndexArchiveData/,2026-07-17T15:24:01,BSE_PRICE_INDEX
BSE_SMALLCAP,BSE SmallCap,2023-09-11,38533.40,,BSE_INDIA_OFFICIAL,https://www.bseindia.com/indices/IndexArchiveData/,2026-07-17T15:24:01,BSE_PRICE_INDEX
BSE_SMALLCAP,BSE SmallCap,2023-09-12,36982.74,,BSE_INDIA_OFFICIAL,https://www.bseindia.com/indices/IndexArchiveData/,2026-07-17T15:24:01,BSE_PRICE_INDEX
BSE_SMALLCAP,BSE SmallCap,2023-09-13,37296.78,,BSE_INDIA_OFFICIAL,https://www.bseindia.com/indices/IndexArchiveData/,2026-07-17T15:24:01,BSE_PRICE_INDEX
BSE_SMALLCAP,BSE SmallCap,2023-09-14,37726.50,,BSE_INDIA_OFFICIAL,https://www.bseindia.com/indices/IndexArchiveData/,2026-07-17T15:24:01,BSE_PRICE_INDEX
BSE_SMALLCAP,BSE SmallCap,2023-09-15,37828.56,,BSE_INDIA_OFFICIAL,https://www.bseindia.com/indices/IndexArchiveData/,2026-07-17T15:24:01,BSE_PRICE_INDEX
BSE_SMALLCAP,BSE SmallCap,2023-09-18,37601.16,,BSE_INDIA_OFFICIAL,https://www.bseindia.com/indices/IndexArchiveData/,2026-07-17T15:24:01,BSE_PRICE_INDEX
BSE_SMALLCAP,BSE SmallCap,2023-09-20,37410.50,,BSE_INDIA_OFFICIAL,https://www.bseindia.com/indices/IndexArchiveData/,2026-07-17T15:24:01,BSE_PRICE_INDEX
BSE_SMALLCAP,BSE SmallCap,2023-09-21,37043.75,,BSE_INDIA_OFFICIAL,https://www.bseindia.com/indices/IndexArchiveData/,2026-07-17T15:24:01,BSE_PRICE_INDEX
BSE_SMALLCAP,BSE SmallCap,2023-09-22,37057.48,,BSE_INDIA_OFFICIAL,https://www.bseindia.com/indices/IndexArchiveData/,2026-07-17T15:24:01,BSE_PRICE_INDEX
BSE_SMALLCAP,BSE SmallCap,2023-09-25,37101.25,,BSE_INDIA_OFFICIAL,https://www.bseindia.com/indices/IndexArchiveData/,2026-07-17T15:24:01,BSE_PRICE_INDEX
BSE_SMALLCAP,BSE SmallCap,2023-09-26,37225.00,,BSE_INDIA_OFFICIAL,https://www.bseindia.com/indices/IndexArchiveData/,2026-07-17T15:24:01,BSE_PRICE_INDEX
BSE_SMALLCAP,BSE SmallCap,2023-09-27,37476.71,,BSE_INDIA_OFFICIAL,https://www.bseindia.com/indices/IndexArchiveData/,2026-07-17T15:24:01,BSE_PRICE_INDEX
BSE_SMALLCAP,BSE SmallCap,2023-09-28,37347.57,,BSE_INDIA_OFFICIAL,https://www.bseindia.com/indices/IndexArchiveData/,2026-07-17T15:24:01,BSE_PRICE_INDEX
BSE_SMALLCAP,BSE SmallCap,2023-09-29,37562.23,,BSE_INDIA_OFFICIAL,https://www.bseindia.com/indices/IndexArchiveData/,2026-07-17T15:24:01,BSE_PRICE_INDEX
BSE_SMALLCAP,BSE SmallCap,2023-10-03,37789.58,,BSE_INDIA_OFFICIAL,https://www.bseindia.com/indices/IndexArchiveData/,2026-07-17T15:24:01,BSE_PRICE_INDEX
BSE_SMALLCAP,BSE SmallCap,2023-10-04,37428.66,,BSE_INDIA_OFFICIAL,https://www.bseindia.com/indices/IndexArchiveData/,2026-07-17T15:24:01,BSE_PRICE_INDEX
BSE_SMALLCAP,BSE SmallCap,2023-10-05,37649.51,,BSE_INDIA_OFFICIAL,https://www.bseindia.com/indices/IndexArchiveData/,2026-07-17T15:24:01,BSE_PRICE_INDEX
BSE_SMALLCAP,BSE SmallCap,2023-10-06,37860.58,,BSE_INDIA_OFFICIAL,https://www.bseindia.com/indices/IndexArchiveData/,2026-07-17T15:24:01,BSE_PRICE_INDEX
BSE_SMALLCAP,BSE SmallCap,2023-10-09,37209.94,,BSE_INDIA_OFFICIAL,https://www.bseindia.com/indices/IndexArchiveData/,2026-07-17T15:24:01,BSE_PRICE_INDEX
BSE_SMALLCAP,BSE SmallCap,2023-10-10,37678.75,,BSE_INDIA_OFFICIAL,https://www.bseindia.com/indices/IndexArchiveData/,2026-07-17T15:24:01,BSE_PRICE_INDEX
BSE_SMALLCAP,BSE SmallCap,2023-10-11,37969.94,,BSE_INDIA_OFFICIAL,https://www.bseindia.com/indices/IndexArchiveData/,2026-07-17T15:24:01,BSE_PRICE_INDEX
BSE_SMALLCAP,BSE SmallCap,2023-10-12,38198.50,,BSE_INDIA_OFFICIAL,https://www.bseindia.com/indices/IndexArchiveData/,2026-07-17T15:24:01,BSE_PRICE_INDEX
BSE_SMALLCAP,BSE SmallCap,2023-10-13,38184.83,,BSE_INDIA_OFFICIAL,https://www.bseindia.com/indices/IndexArchiveData/,2026-07-17T15:24:01,BSE_PRICE_INDEX
BSE_SMALLCAP,BSE SmallCap,2023-10-16,38316.11,,BSE_INDIA_OFFICIAL,https://www.bseindia.com/indices/IndexArchiveData/,2026-07-17T15:24:01,BSE_PRICE_INDEX
BSE_SMALLCAP,BSE SmallCap,2023-10-17,38585.62,,BSE_INDIA_OFFICIAL,https://www.bseindia.com/indices/IndexArchiveData/,2026-07-17T15:24:01,BSE_PRICE_INDEX
BSE_SMALLCAP,BSE SmallCap,2023-10-18,38462.63,,BSE_INDIA_OFFICIAL,https://www.bseindia.com/indices/IndexArchiveData/,2026-07-17T15:24:01,BSE_PRICE_INDEX
BSE_SMALLCAP,BSE SmallCap,2023-10-19,38490.14,,BSE_INDIA_OFFICIAL,https://www.bseindia.com/indices/IndexArchiveData/,2026-07-17T15:24:01,BSE_PRICE_INDEX
BSE_SMALLCAP,BSE SmallCap,2023-10-20,38198.72,,BSE_INDIA_OFFICIAL,https://www.bseindia.com/indices/IndexArchiveData/,2026-07-17T15:24:01,BSE_PRICE_INDEX
BSE_SMALLCAP,BSE SmallCap,2023-10-23,36602.75,,BSE_INDIA_OFFICIAL,https://www.bseindia.com/indices/IndexArchiveData/,2026-07-17T15:24:01,BSE_PRICE_INDEX
BSE_SMALLCAP,BSE SmallCap,2023-10-25,36321.61,,BSE_INDIA_OFFICIAL,https://www.bseindia.com/indices/IndexArchiveData/,2026-07-17T15:24:01,BSE_PRICE_INDEX
BSE_SMALLCAP,BSE SmallCap,2023-10-26,36205.34,,BSE_INDIA_OFFICIAL,https://www.bseindia.com/indices/IndexArchiveData/,2026-07-17T15:24:01,BSE_PRICE_INDEX
BSE_SMALLCAP,BSE SmallCap,2023-10-27,36888.03,,BSE_INDIA_OFFICIAL,https://www.bseindia.com/indices/IndexArchiveData/,2026-07-17T15:24:01,BSE_PRICE_INDEX
BSE_SMALLCAP,BSE SmallCap,2023-10-30,36911.46,,BSE_INDIA_OFFICIAL,https://www.bseindia.com/indices/IndexArchiveData/,2026-07-17T15:24:01,BSE_PRICE_INDEX
BSE_SMALLCAP,BSE SmallCap,2023-10-31,36919.10,,BSE_INDIA_OFFICIAL,https://www.bseindia.com/indices/IndexArchiveData/,2026-07-17T15:24:01,BSE_PRICE_INDEX
BSE_SMALLCAP,BSE SmallCap,2023-11-01,36883.01,,BSE_INDIA_OFFICIAL,https://www.bseindia.com/indices/IndexArchiveData/,2026-07-17T15:24:01,BSE_PRICE_INDEX
BSE_SMALLCAP,BSE SmallCap,2023-11-02,37239.96,,BSE_INDIA_OFFICIAL,https://www.bseindia.com/indices/IndexArchiveData/,2026-07-17T15:24:01,BSE_PRICE_INDEX
BSE_SMALLCAP,BSE SmallCap,2023-11-03,37589.06,,BSE_INDIA_OFFICIAL,https://www.bseindia.com/indices/IndexArchiveData/,2026-07-17T15:24:01,BSE_PRICE_INDEX
BSE_SMALLCAP,BSE SmallCap,2023-11-06,37965.00,,BSE_INDIA_OFFICIAL,https://www.bseindia.com/indices/IndexArchiveData/,2026-07-17T15:24:01,BSE_PRICE_INDEX
BSE_SMALLCAP,BSE SmallCap,2023-11-07,38107.62,,BSE_INDIA_OFFICIAL,https://www.bseindia.com/indices/IndexArchiveData/,2026-07-17T15:24:01,BSE_PRICE_INDEX
BSE_SMALLCAP,BSE SmallCap,2023-11-08,38337.70,,BSE_INDIA_OFFICIAL,https://www.bseindia.com/indices/IndexArchiveData/,2026-07-17T15:24:01,BSE_PRICE_INDEX
BSE_SMALLCAP,BSE SmallCap,2023-11-09,38233.60,,BSE_INDIA_OFFICIAL,https://www.bseindia.com/indices/IndexArchiveData/,2026-07-17T15:24:01,BSE_PRICE_INDEX
BSE_SMALLCAP,BSE SmallCap,2023-11-10,38378.76,,BSE_INDIA_OFFICIAL,https://www.bseindia.com/indices/IndexArchiveData/,2026-07-17T15:24:01,BSE_PRICE_INDEX
BSE_SMALLCAP,BSE SmallCap,2023-11-12,38816.08,,BSE_INDIA_OFFICIAL,https://www.bseindia.com/indices/IndexArchiveData/,2026-07-17T15:24:01,BSE_PRICE_INDEX
BSE_SMALLCAP,BSE SmallCap,2023-11-13,38814.07,,BSE_INDIA_OFFICIAL,https://www.bseindia.com/indices/IndexArchiveData/,2026-07-17T15:24:01,BSE_PRICE_INDEX
BSE_SMALLCAP,BSE SmallCap,2023-11-15,39252.56,,BSE_INDIA_OFFICIAL,https://www.bseindia.com/indices/IndexArchiveData/,2026-07-17T15:24:01,BSE_PRICE_INDEX
BSE_SMALLCAP,BSE SmallCap,2023-11-16,39455.87,,BSE_INDIA_OFFICIAL,https://www.bseindia.com/indices/IndexArchiveData/,2026-07-17T15:24:01,BSE_PRICE_INDEX
BSE_SMALLCAP,BSE SmallCap,2023-11-17,39598.63,,BSE_INDIA_OFFICIAL,https://www.bseindia.com/indices/IndexArchiveData/,2026-07-17T15:24:01,BSE_PRICE_INDEX
BSE_SMALLCAP,BSE SmallCap,2023-11-20,39751.33,,BSE_INDIA_OFFICIAL,https://www.bseindia.com/indices/IndexArchiveData/,2026-07-17T15:24:01,BSE_PRICE_INDEX
BSE_SMALLCAP,BSE SmallCap,2023-11-21,39829.60,,BSE_INDIA_OFFICIAL,https://www.bseindia.com/indices/IndexArchiveData/,2026-07-17T15:24:01,BSE_PRICE_INDEX
BSE_SMALLCAP,BSE SmallCap,2023-11-22,39577.98,,BSE_INDIA_OFFICIAL,https://www.bseindia.com/indices/IndexArchiveData/,2026-07-17T15:24:01,BSE_PRICE_INDEX
BSE_SMALLCAP,BSE SmallCap,2023-11-23,39751.07,,BSE_INDIA_OFFICIAL,https://www.bseindia.com/indices/IndexArchiveData/,2026-07-17T15:24:01,BSE_PRICE_INDEX
BSE_SMALLCAP,BSE SmallCap,2023-11-24,39807.29,,BSE_INDIA_OFFICIAL,https://www.bseindia.com/indices/IndexArchiveData/,2026-07-17T15:24:01,BSE_PRICE_INDEX
BSE_SMALLCAP,BSE SmallCap,2023-11-28,39831.66,,BSE_INDIA_OFFICIAL,https://www.bseindia.com/indices/IndexArchiveData/,2026-07-17T15:24:01,BSE_PRICE_INDEX
BSE_SMALLCAP,BSE SmallCap,2023-11-29,39989.57,,BSE_INDIA_OFFICIAL,https://www.bseindia.com/indices/IndexArchiveData/,2026-07-17T15:24:01,BSE_PRICE_INDEX
BSE_SMALLCAP,BSE SmallCap,2023-11-30,40371.61,,BSE_INDIA_OFFICIAL,https://www.bseindia.com/indices/IndexArchiveData/,2026-07-17T15:24:01,BSE_PRICE_INDEX
BSE_SMALLCAP,BSE SmallCap,2023-12-01,40565.96,,BSE_INDIA_OFFICIAL,https://www.bseindia.com/indices/IndexArchiveData/,2026-07-17T15:24:01,BSE_PRICE_INDEX
BSE_SMALLCAP,BSE SmallCap,2023-12-04,41051.01,,BSE_INDIA_OFFICIAL,https://www.bseindia.com/indices/IndexArchiveData/,2026-07-17T15:24:01,BSE_PRICE_INDEX
BSE_SMALLCAP,BSE SmallCap,2023-12-05,41099.21,,BSE_INDIA_OFFICIAL,https://www.bseindia.com/indices/IndexArchiveData/,2026-07-17T15:24:01,BSE_PRICE_INDEX
BSE_SMALLCAP,BSE SmallCap,2023-12-06,41174.45,,BSE_INDIA_OFFICIAL,https://www.bseindia.com/indices/IndexArchiveData/,2026-07-17T15:24:01,BSE_PRICE_INDEX
BSE_SMALLCAP,BSE SmallCap,2023-12-07,41287.95,,BSE_INDIA_OFFICIAL,https://www.bseindia.com/indices/IndexArchiveData/,2026-07-17T15:24:01,BSE_PRICE_INDEX
BSE_SMALLCAP,BSE SmallCap,2023-12-08,41104.37,,BSE_INDIA_OFFICIAL,https://www.bseindia.com/indices/IndexArchiveData/,2026-07-17T15:24:01,BSE_PRICE_INDEX
BSE_SMALLCAP,BSE SmallCap,2023-12-11,41394.60,,BSE_INDIA_OFFICIAL,https://www.bseindia.com/indices/IndexArchiveData/,2026-07-17T15:24:01,BSE_PRICE_INDEX
BSE_SMALLCAP,BSE SmallCap,2023-12-12,41284.01,,BSE_INDIA_OFFICIAL,https://www.bseindia.com/indices/IndexArchiveData/,2026-07-17T15:24:01,BSE_PRICE_INDEX
BSE_SMALLCAP,BSE SmallCap,2023-12-13,41583.77,,BSE_INDIA_OFFICIAL,https://www.bseindia.com/indices/IndexArchiveData/,2026-07-17T15:24:01,BSE_PRICE_INDEX
BSE_SMALLCAP,BSE SmallCap,2023-12-14,41841.93,,BSE_INDIA_OFFICIAL,https://www.bseindia.com/indices/IndexArchiveData/,2026-07-17T15:24:01,BSE_PRICE_INDEX
BSE_SMALLCAP,BSE SmallCap,2023-12-15,42083.21,,BSE_INDIA_OFFICIAL,https://www.bseindia.com/indices/IndexArchiveData/,2026-07-17T15:24:01,BSE_PRICE_INDEX
BSE_SMALLCAP,BSE SmallCap,2023-12-18,42285.27,,BSE_INDIA_OFFICIAL,https://www.bseindia.com/indices/IndexArchiveData/,2026-07-17T15:24:01,BSE_PRICE_INDEX
BSE_SMALLCAP,BSE SmallCap,2023-12-19,42327.60,,BSE_INDIA_OFFICIAL,https://www.bseindia.com/indices/IndexArchiveData/,2026-07-17T15:24:01,BSE_PRICE_INDEX
BSE_SMALLCAP,BSE SmallCap,2023-12-20,40879.42,,BSE_INDIA_OFFICIAL,https://www.bseindia.com/indices/IndexArchiveData/,2026-07-17T15:24:01,BSE_PRICE_INDEX
BSE_SMALLCAP,BSE SmallCap,2023-12-21,41569.09,,BSE_INDIA_OFFICIAL,https://www.bseindia.com/indices/IndexArchiveData/,2026-07-17T15:24:01,BSE_PRICE_INDEX
BSE_SMALLCAP,BSE SmallCap,2023-12-22,42001.75,,BSE_INDIA_OFFICIAL,https://www.bseindia.com/indices/IndexArchiveData/,2026-07-17T15:24:01,BSE_PRICE_INDEX
BSE_SMALLCAP,BSE SmallCap,2023-12-26,42203.11,,BSE_INDIA_OFFICIAL,https://www.bseindia.com/indices/IndexArchiveData/,2026-07-17T15:24:01,BSE_PRICE_INDEX
BSE_SMALLCAP,BSE SmallCap,2023-12-27,42286.91,,BSE_INDIA_OFFICIAL,https://www.bseindia.com/indices/IndexArchiveData/,2026-07-17T15:24:01,BSE_PRICE_INDEX
BSE_SMALLCAP,BSE SmallCap,2023-12-28,42382.30,,BSE_INDIA_OFFICIAL,https://www.bseindia.com/indices/IndexArchiveData/,2026-07-17T15:24:01,BSE_PRICE_INDEX
BSE_SMALLCAP,BSE SmallCap,2023-12-29,42673.76,,BSE_INDIA_OFFICIAL,https://www.bseindia.com/indices/IndexArchiveData/,2026-07-17T15:24:01,BSE_PRICE_INDEX
BSE_SMALLCAP,BSE SmallCap,2024-01-01,42986.53,,BSE_INDIA_OFFICIAL,https://www.bseindia.com/indices/IndexArchiveData/,2026-07-17T15:24:01,BSE_PRICE_INDEX
BSE_SMALLCAP,BSE SmallCap,2024-01-02,42974.48,,BSE_INDIA_OFFICIAL,https://www.bseindia.com/indices/IndexArchiveData/,2026-07-17T15:24:01,BSE_PRICE_INDEX
BSE_SMALLCAP,BSE SmallCap,2024-01-03,43103.61,,BSE_INDIA_OFFICIAL,https://www.bseindia.com/indices/IndexArchiveData/,2026-07-17T15:24:01,BSE_PRICE_INDEX
BSE_SMALLCAP,BSE SmallCap,2024-01-04,43553.03,,BSE_INDIA_OFFICIAL,https://www.bseindia.com/indices/IndexArchiveData/,2026-07-17T15:24:01,BSE_PRICE_INDEX
BSE_SMALLCAP,BSE SmallCap,2024-01-05,43819.39,,BSE_INDIA_OFFICIAL,https://www.bseindia.com/indices/IndexArchiveData/,2026-07-17T15:24:01,BSE_PRICE_INDEX
BSE_SMALLCAP,BSE SmallCap,2024-01-08,43660.04,,BSE_INDIA_OFFICIAL,https://www.bseindia.com/indices/IndexArchiveData/,2026-07-17T15:24:01,BSE_PRICE_INDEX
BSE_SMALLCAP,BSE SmallCap,2024-01-09,43821.16,,BSE_INDIA_OFFICIAL,https://www.bseindia.com/indices/IndexArchiveData/,2026-07-17T15:24:01,BSE_PRICE_INDEX
BSE_SMALLCAP,BSE SmallCap,2024-01-10,43972.73,,BSE_INDIA_OFFICIAL,https://www.bseindia.com/indices/IndexArchiveData/,2026-07-17T15:24:01,BSE_PRICE_INDEX
BSE_SMALLCAP,BSE SmallCap,2024-01-11,44321.68,,BSE_INDIA_OFFICIAL,https://www.bseindia.com/indices/IndexArchiveData/,2026-07-17T15:24:01,BSE_PRICE_INDEX
BSE_SMALLCAP,BSE SmallCap,2024-01-12,44503.70,,BSE_INDIA_OFFICIAL,https://www.bseindia.com/indices/IndexArchiveData/,2026-07-17T15:24:01,BSE_PRICE_INDEX
BSE_SMALLCAP,BSE SmallCap,2024-01-15,44552.34,,BSE_INDIA_OFFICIAL,https://www.bseindia.com/indices/IndexArchiveData/,2026-07-17T15:24:01,BSE_PRICE_INDEX
BSE_SMALLCAP,BSE SmallCap,2024-01-16,44361.39,,BSE_INDIA_OFFICIAL,https://www.bseindia.com/indices/IndexArchiveData/,2026-07-17T15:24:01,BSE_PRICE_INDEX
BSE_SMALLCAP,BSE SmallCap,2024-01-17,43963.89,,BSE_INDIA_OFFICIAL,https://www.bseindia.com/indices/IndexArchiveData/,2026-07-17T15:24:01,BSE_PRICE_INDEX
BSE_SMALLCAP,BSE SmallCap,2024-01-18,43973.04,,BSE_INDIA_OFFICIAL,https://www.bseindia.com/indices/IndexArchiveData/,2026-07-17T15:24:01,BSE_PRICE_INDEX
BSE_SMALLCAP,BSE SmallCap,2024-01-19,44440.69,,BSE_INDIA_OFFICIAL,https://www.bseindia.com/indices/IndexArchiveData/,2026-07-17T15:24:01,BSE_PRICE_INDEX
BSE_SMALLCAP,BSE SmallCap,2024-01-20,44624.11,,BSE_INDIA_OFFICIAL,https://www.bseindia.com/indices/IndexArchiveData/,2026-07-17T15:24:01,BSE_PRICE_INDEX
BSE_SMALLCAP,BSE SmallCap,2024-01-23,43378.40,,BSE_INDIA_OFFICIAL,https://www.bseindia.com/indices/IndexArchiveData/,2026-07-17T15:24:01,BSE_PRICE_INDEX
BSE_SMALLCAP,BSE SmallCap,2024-01-24,44124.36,,BSE_INDIA_OFFICIAL,https://www.bseindia.com/indices/IndexArchiveData/,2026-07-17T15:24:01,BSE_PRICE_INDEX
BSE_SMALLCAP,BSE SmallCap,2024-01-25,44363.74,,BSE_INDIA_OFFICIAL,https://www.bseindia.com/indices/IndexArchiveData/,2026-07-17T15:24:01,BSE_PRICE_INDEX
BSE_SMALLCAP,BSE SmallCap,2024-01-29,44819.28,,BSE_INDIA_OFFICIAL,https://www.bseindia.com/indices/IndexArchiveData/,2026-07-17T15:24:01,BSE_PRICE_INDEX
BSE_SMALLCAP,BSE SmallCap,2024-01-30,44900.90,,BSE_INDIA_OFFICIAL,https://www.bseindia.com/indices/IndexArchiveData/,2026-07-17T15:24:01,BSE_PRICE_INDEX
BSE_SMALLCAP,BSE SmallCap,2024-01-31,45722.58,,BSE_INDIA_OFFICIAL,https://www.bseindia.com/indices/IndexArchiveData/,2026-07-17T15:24:01,BSE_PRICE_INDEX
BSE_SMALLCAP,BSE SmallCap,2024-02-01,45624.07,,BSE_INDIA_OFFICIAL,https://www.bseindia.com/indices/IndexArchiveData/,2026-07-17T15:24:01,BSE_PRICE_INDEX
BSE_SMALLCAP,BSE SmallCap,2024-02-02,45849.80,,BSE_INDIA_OFFICIAL,https://www.bseindia.com/indices/IndexArchiveData/,2026-07-17T15:24:01,BSE_PRICE_INDEX
BSE_SMALLCAP,BSE SmallCap,2024-02-05,45743.17,,BSE_INDIA_OFFICIAL,https://www.bseindia.com/indices/IndexArchiveData/,2026-07-17T15:24:01,BSE_PRICE_INDEX
BSE_SMALLCAP,BSE SmallCap,2024-02-06,46307.84,,BSE_INDIA_OFFICIAL,https://www.bseindia.com/indices/IndexArchiveData/,2026-07-17T15:24:01,BSE_PRICE_INDEX
BSE_SMALLCAP,BSE SmallCap,2024-02-07,46484.65,,BSE_INDIA_OFFICIAL,https://www.bseindia.com/indices/IndexArchiveData/,2026-07-17T15:24:01,BSE_PRICE_INDEX
BSE_SMALLCAP,BSE SmallCap,2024-02-08,46279.83,,BSE_INDIA_OFFICIAL,https://www.bseindia.com/indices/IndexArchiveData/,2026-07-17T15:24:01,BSE_PRICE_INDEX
BSE_SMALLCAP,BSE SmallCap,2024-02-09,45650.30,,BSE_INDIA_OFFICIAL,https://www.bseindia.com/indices/IndexArchiveData/,2026-07-17T15:24:01,BSE_PRICE_INDEX
BSE_SMALLCAP,BSE SmallCap,2024-02-12,44206.78,,BSE_INDIA_OFFICIAL,https://www.bseindia.com/indices/IndexArchiveData/,2026-07-17T15:24:01,BSE_PRICE_INDEX
BSE_SMALLCAP,BSE SmallCap,2024-02-13,44284.48,,BSE_INDIA_OFFICIAL,https://www.bseindia.com/indices/IndexArchiveData/,2026-07-17T15:24:01,BSE_PRICE_INDEX
BSE_SMALLCAP,BSE SmallCap,2024-02-14,44796.59,,BSE_INDIA_OFFICIAL,https://www.bseindia.com/indices/IndexArchiveData/,2026-07-17T15:24:01,BSE_PRICE_INDEX
BSE_SMALLCAP,BSE SmallCap,2024-02-15,45351.18,,BSE_INDIA_OFFICIAL,https://www.bseindia.com/indices/IndexArchiveData/,2026-07-17T15:24:01,BSE_PRICE_INDEX
BSE_SMALLCAP,BSE SmallCap,2024-02-16,45659.30,,BSE_INDIA_OFFICIAL,https://www.bseindia.com/indices/IndexArchiveData/,2026-07-17T15:24:01,BSE_PRICE_INDEX
BSE_SMALLCAP,BSE SmallCap,2024-02-19,46011.13,,BSE_INDIA_OFFICIAL,https://www.bseindia.com/indices/IndexArchiveData/,2026-07-17T15:24:01,BSE_PRICE_INDEX
BSE_SMALLCAP,BSE SmallCap,2024-02-20,45927.56,,BSE_INDIA_OFFICIAL,https://www.bseindia.com/indices/IndexArchiveData/,2026-07-17T15:24:01,BSE_PRICE_INDEX
BSE_SMALLCAP,BSE SmallCap,2024-02-21,45541.89,,BSE_INDIA_OFFICIAL,https://www.bseindia.com/indices/IndexArchiveData/,2026-07-17T15:24:01,BSE_PRICE_INDEX
BSE_SMALLCAP,BSE SmallCap,2024-02-22,45789.81,,BSE_INDIA_OFFICIAL,https://www.bseindia.com/indices/IndexArchiveData/,2026-07-17T15:24:01,BSE_PRICE_INDEX
BSE_SMALLCAP,BSE SmallCap,2024-02-23,46033.47,,BSE_INDIA_OFFICIAL,https://www.bseindia.com/indices/IndexArchiveData/,2026-07-17T15:24:01,BSE_PRICE_INDEX
BSE_SMALLCAP,BSE SmallCap,2024-02-26,46005.04,,BSE_INDIA_OFFICIAL,https://www.bseindia.com/indices/IndexArchiveData/,2026-07-17T15:24:01,BSE_PRICE_INDEX
BSE_SMALLCAP,BSE SmallCap,2024-02-27,45888.55,,BSE_INDIA_OFFICIAL,https://www.bseindia.com/indices/IndexArchiveData/,2026-07-17T15:24:01,BSE_PRICE_INDEX
BSE_SMALLCAP,BSE SmallCap,2024-02-28,44998.14,,BSE_INDIA_OFFICIAL,https://www.bseindia.com/indices/IndexArchiveData/,2026-07-17T15:24:01,BSE_PRICE_INDEX
BSE_SMALLCAP,BSE SmallCap,2024-02-29,45225.10,,BSE_INDIA_OFFICIAL,https://www.bseindia.com/indices/IndexArchiveData/,2026-07-17T15:24:01,BSE_PRICE_INDEX
BSE_SMALLCAP,BSE SmallCap,2024-03-01,45532.46,,BSE_INDIA_OFFICIAL,https://www.bseindia.com/indices/IndexArchiveData/,2026-07-17T15:24:01,BSE_PRICE_INDEX
BSE_SMALLCAP,BSE SmallCap,2024-03-02,45852.48,,BSE_INDIA_OFFICIAL,https://www.bseindia.com/indices/IndexArchiveData/,2026-07-17T15:24:01,BSE_PRICE_INDEX
BSE_SMALLCAP,BSE SmallCap,2024-03-04,45495.26,,BSE_INDIA_OFFICIAL,https://www.bseindia.com/indices/IndexArchiveData/,2026-07-17T15:24:01,BSE_PRICE_INDEX
BSE_SMALLCAP,BSE SmallCap,2024-03-05,45206.84,,BSE_INDIA_OFFICIAL,https://www.bseindia.com/indices/IndexArchiveData/,2026-07-17T15:24:01,BSE_PRICE_INDEX
BSE_SMALLCAP,BSE SmallCap,2024-03-06,44343.57,,BSE_INDIA_OFFICIAL,https://www.bseindia.com/indices/IndexArchiveData/,2026-07-17T15:24:01,BSE_PRICE_INDEX
BSE_SMALLCAP,BSE SmallCap,2024-03-07,44653.57,,BSE_INDIA_OFFICIAL,https://www.bseindia.com/indices/IndexArchiveData/,2026-07-17T15:24:01,BSE_PRICE_INDEX
BSE_SMALLCAP,BSE SmallCap,2024-03-11,43754.51,,BSE_INDIA_OFFICIAL,https://www.bseindia.com/indices/IndexArchiveData/,2026-07-17T15:24:01,BSE_PRICE_INDEX
BSE_SMALLCAP,BSE SmallCap,2024-03-12,42831.29,,BSE_INDIA_OFFICIAL,https://www.bseindia.com/indices/IndexArchiveData/,2026-07-17T15:24:01,BSE_PRICE_INDEX
BSE_SMALLCAP,BSE SmallCap,2024-03-13,40641.67,,BSE_INDIA_OFFICIAL,https://www.bseindia.com/indices/IndexArchiveData/,2026-07-17T15:24:01,BSE_PRICE_INDEX
BSE_SMALLCAP,BSE SmallCap,2024-03-14,41907.12,,BSE_INDIA_OFFICIAL,https://www.bseindia.com/indices/IndexArchiveData/,2026-07-17T15:24:01,BSE_PRICE_INDEX
BSE_SMALLCAP,BSE SmallCap,2024-03-15,42012.75,,BSE_INDIA_OFFICIAL,https://www.bseindia.com/indices/IndexArchiveData/,2026-07-17T15:24:01,BSE_PRICE_INDEX
BSE_SMALLCAP,BSE SmallCap,2024-03-18,41982.16,,BSE_INDIA_OFFICIAL,https://www.bseindia.com/indices/IndexArchiveData/,2026-07-17T15:24:01,BSE_PRICE_INDEX
BSE_SMALLCAP,BSE SmallCap,2024-03-19,41545.77,,BSE_INDIA_OFFICIAL,https://www.bseindia.com/indices/IndexArchiveData/,2026-07-17T15:24:01,BSE_PRICE_INDEX
BSE_SMALLCAP,BSE SmallCap,2024-03-20,41487.14,,BSE_INDIA_OFFICIAL,https://www.bseindia.com/indices/IndexArchiveData/,2026-07-17T15:24:01,BSE_PRICE_INDEX
BSE_SMALLCAP,BSE SmallCap,2024-03-21,42321.99,,BSE_INDIA_OFFICIAL,https://www.bseindia.com/indices/IndexArchiveData/,2026-07-17T15:24:01,BSE_PRICE_INDEX
BSE_SMALLCAP,BSE SmallCap,2024-03-22,42771.27,,BSE_INDIA_OFFICIAL,https://www.bseindia.com/indices/IndexArchiveData/,2026-07-17T15:24:01,BSE_PRICE_INDEX
BSE_SMALLCAP,BSE SmallCap,2024-03-26,42726.22,,BSE_INDIA_OFFICIAL,https://www.bseindia.com/indices/IndexArchiveData/,2026-07-17T15:24:01,BSE_PRICE_INDEX
BSE_SMALLCAP,BSE SmallCap,2024-03-27,43026.00,,BSE_INDIA_OFFICIAL,https://www.bseindia.com/indices/IndexArchiveData/,2026-07-17T15:24:01,BSE_PRICE_INDEX
BSE_SMALLCAP,BSE SmallCap,2024-03-28,43166.34,,BSE_INDIA_OFFICIAL,https://www.bseindia.com/indices/IndexArchiveData/,2026-07-17T15:24:01,BSE_PRICE_INDEX
BSE_SMALLCAP,BSE SmallCap,2024-04-01,44454.63,,BSE_INDIA_OFFICIAL,https://www.bseindia.com/indices/IndexArchiveData/,2026-07-17T15:24:01,BSE_PRICE_INDEX
BSE_SMALLCAP,BSE SmallCap,2024-04-02,45023.06,,BSE_INDIA_OFFICIAL,https://www.bseindia.com/indices/IndexArchiveData/,2026-07-17T15:24:01,BSE_PRICE_INDEX
BSE_SMALLCAP,BSE SmallCap,2024-04-03,45556.08,,BSE_INDIA_OFFICIAL,https://www.bseindia.com/indices/IndexArchiveData/,2026-07-17T15:24:01,BSE_PRICE_INDEX
BSE_SMALLCAP,BSE SmallCap,2024-04-04,45803.97,,BSE_INDIA_OFFICIAL,https://www.bseindia.com/indices/IndexArchiveData/,2026-07-17T15:24:01,BSE_PRICE_INDEX
BSE_SMALLCAP,BSE SmallCap,2024-04-05,46032.71,,BSE_INDIA_OFFICIAL,https://www.bseindia.com/indices/IndexArchiveData/,2026-07-17T15:24:01,BSE_PRICE_INDEX
BSE_SMALLCAP,BSE SmallCap,2024-04-08,46003.86,,BSE_INDIA_OFFICIAL,https://www.bseindia.com/indices/IndexArchiveData/,2026-07-17T15:24:01,BSE_PRICE_INDEX
BSE_SMALLCAP,BSE SmallCap,2024-04-09,45935.21,,BSE_INDIA_OFFICIAL,https://www.bseindia.com/indices/IndexArchiveData/,2026-07-17T15:24:01,BSE_PRICE_INDEX
BSE_SMALLCAP,BSE SmallCap,2024-04-10,46148.38,,BSE_INDIA_OFFICIAL,https://www.bseindia.com/indices/IndexArchiveData/,2026-07-17T15:24:01,BSE_PRICE_INDEX
BSE_SMALLCAP,BSE SmallCap,2024-04-12,45872.07,,BSE_INDIA_OFFICIAL,https://www.bseindia.com/indices/IndexArchiveData/,2026-07-17T15:24:01,BSE_PRICE_INDEX
BSE_SMALLCAP,BSE SmallCap,2024-04-15,45166.87,,BSE_INDIA_OFFICIAL,https://www.bseindia.com/indices/IndexArchiveData/,2026-07-17T15:24:01,BSE_PRICE_INDEX
BSE_SMALLCAP,BSE SmallCap,2024-04-16,45423.98,,BSE_INDIA_OFFICIAL,https://www.bseindia.com/indices/IndexArchiveData/,2026-07-17T15:24:01,BSE_PRICE_INDEX
BSE_SMALLCAP,BSE SmallCap,2024-04-18,45450.47,,BSE_INDIA_OFFICIAL,https://www.bseindia.com/indices/IndexArchiveData/,2026-07-17T15:24:01,BSE_PRICE_INDEX
BSE_SMALLCAP,BSE SmallCap,2024-04-19,45433.79,,BSE_INDIA_OFFICIAL,https://www.bseindia.com/indices/IndexArchiveData/,2026-07-17T15:24:01,BSE_PRICE_INDEX
BSE_SMALLCAP,BSE SmallCap,2024-04-22,46008.20,,BSE_INDIA_OFFICIAL,https://www.bseindia.com/indices/IndexArchiveData/,2026-07-17T15:24:01,BSE_PRICE_INDEX
BSE_SMALLCAP,BSE SmallCap,2024-04-23,46492.21,,BSE_INDIA_OFFICIAL,https://www.bseindia.com/indices/IndexArchiveData/,2026-07-17T15:24:01,BSE_PRICE_INDEX
BSE_SMALLCAP,BSE SmallCap,2024-04-24,46858.60,,BSE_INDIA_OFFICIAL,https://www.bseindia.com/indices/IndexArchiveData/,2026-07-17T15:24:01,BSE_PRICE_INDEX
BSE_SMALLCAP,BSE SmallCap,2024-04-25,47112.78,,BSE_INDIA_OFFICIAL,https://www.bseindia.com/indices/IndexArchiveData/,2026-07-17T15:24:01,BSE_PRICE_INDEX
BSE_SMALLCAP,BSE SmallCap,2024-04-26,47239.29,,BSE_INDIA_OFFICIAL,https://www.bseindia.com/indices/IndexArchiveData/,2026-07-17T15:24:01,BSE_PRICE_INDEX
BSE_SMALLCAP,BSE SmallCap,2024-04-29,47270.05,,BSE_INDIA_OFFICIAL,https://www.bseindia.com/indices/IndexArchiveData/,2026-07-17T15:24:01,BSE_PRICE_INDEX
BSE_SMALLCAP,BSE SmallCap,2024-04-30,47315.93,,BSE_INDIA_OFFICIAL,https://www.bseindia.com/indices/IndexArchiveData/,2026-07-17T15:24:01,BSE_PRICE_INDEX
BSE_SMALLCAP,BSE SmallCap,2024-05-02,47451.13,,BSE_INDIA_OFFICIAL,https://www.bseindia.com/indices/IndexArchiveData/,2026-07-17T15:24:01,BSE_PRICE_INDEX
BSE_SMALLCAP,BSE SmallCap,2024-05-03,47191.41,,BSE_INDIA_OFFICIAL,https://www.bseindia.com/indices/IndexArchiveData/,2026-07-17T15:24:01,BSE_PRICE_INDEX
BSE_SMALLCAP,BSE SmallCap,2024-05-06,46692.72,,BSE_INDIA_OFFICIAL,https://www.bseindia.com/indices/IndexArchiveData/,2026-07-17T15:24:01,BSE_PRICE_INDEX
BSE_SMALLCAP,BSE SmallCap,2024-05-07,45920.86,,BSE_INDIA_OFFICIAL,https://www.bseindia.com/indices/IndexArchiveData/,2026-07-17T15:24:01,BSE_PRICE_INDEX
BSE_SMALLCAP,BSE SmallCap,2024-05-08,46148.67,,BSE_INDIA_OFFICIAL,https://www.bseindia.com/indices/IndexArchiveData/,2026-07-17T15:24:01,BSE_PRICE_INDEX
BSE_SMALLCAP,BSE SmallCap,2024-05-09,45037.83,,BSE_INDIA_OFFICIAL,https://www.bseindia.com/indices/IndexArchiveData/,2026-07-17T15:24:01,BSE_PRICE_INDEX
BSE_SMALLCAP,BSE SmallCap,2024-05-10,45396.99,,BSE_INDIA_OFFICIAL,https://www.bseindia.com/indices/IndexArchiveData/,2026-07-17T15:24:01,BSE_PRICE_INDEX
BSE_SMALLCAP,BSE SmallCap,2024-05-13,45293.08,,BSE_INDIA_OFFICIAL,https://www.bseindia.com/indices/IndexArchiveData/,2026-07-17T15:24:01,BSE_PRICE_INDEX
BSE_SMALLCAP,BSE SmallCap,2024-05-14,46102.06,,BSE_INDIA_OFFICIAL,https://www.bseindia.com/indices/IndexArchiveData/,2026-07-17T15:24:01,BSE_PRICE_INDEX
BSE_SMALLCAP,BSE SmallCap,2024-05-15,46544.29,,BSE_INDIA_OFFICIAL,https://www.bseindia.com/indices/IndexArchiveData/,2026-07-17T15:24:01,BSE_PRICE_INDEX
BSE_SMALLCAP,BSE SmallCap,2024-05-16,46939.92,,BSE_INDIA_OFFICIAL,https://www.bseindia.com/indices/IndexArchiveData/,2026-07-17T15:24:01,BSE_PRICE_INDEX
BSE_SMALLCAP,BSE SmallCap,2024-05-17,47591.67,,BSE_INDIA_OFFICIAL,https://www.bseindia.com/indices/IndexArchiveData/,2026-07-17T15:24:01,BSE_PRICE_INDEX
BSE_SMALLCAP,BSE SmallCap,2024-05-18,47959.67,,BSE_INDIA_OFFICIAL,https://www.bseindia.com/indices/IndexArchiveData/,2026-07-17T15:24:01,BSE_PRICE_INDEX
BSE_SMALLCAP,BSE SmallCap,2024-05-21,47873.56,,BSE_INDIA_OFFICIAL,https://www.bseindia.com/indices/IndexArchiveData/,2026-07-17T15:24:01,BSE_PRICE_INDEX
BSE_SMALLCAP,BSE SmallCap,2024-05-22,47961.77,,BSE_INDIA_OFFICIAL,https://www.bseindia.com/indices/IndexArchiveData/,2026-07-17T15:24:01,BSE_PRICE_INDEX
BSE_SMALLCAP,BSE SmallCap,2024-05-23,48091.43,,BSE_INDIA_OFFICIAL,https://www.bseindia.com/indices/IndexArchiveData/,2026-07-17T15:24:01,BSE_PRICE_INDEX
BSE_SMALLCAP,BSE SmallCap,2024-05-24,47996.45,,BSE_INDIA_OFFICIAL,https://www.bseindia.com/indices/IndexArchiveData/,2026-07-17T15:24:01,BSE_PRICE_INDEX
BSE_SMALLCAP,BSE SmallCap,2024-05-27,47954.90,,BSE_INDIA_OFFICIAL,https://www.bseindia.com/indices/IndexArchiveData/,2026-07-17T15:24:01,BSE_PRICE_INDEX
BSE_SMALLCAP,BSE SmallCap,2024-05-28,47433.23,,BSE_INDIA_OFFICIAL,https://www.bseindia.com/indices/IndexArchiveData/,2026-07-17T15:24:01,BSE_PRICE_INDEX
BSE_SMALLCAP,BSE SmallCap,2024-05-29,47542.62,,BSE_INDIA_OFFICIAL,https://www.bseindia.com/indices/IndexArchiveData/,2026-07-17T15:24:01,BSE_PRICE_INDEX
BSE_SMALLCAP,BSE SmallCap,2024-05-30,46908.16,,BSE_INDIA_OFFICIAL,https://www.bseindia.com/indices/IndexArchiveData/,2026-07-17T15:24:01,BSE_PRICE_INDEX
BSE_SMALLCAP,BSE SmallCap,2024-05-31,47263.66,,BSE_INDIA_OFFICIAL,https://www.bseindia.com/indices/IndexArchiveData/,2026-07-17T15:24:01,BSE_PRICE_INDEX
BSE_SMALLCAP,BSE SmallCap,2024-06-03,48232.30,,BSE_INDIA_OFFICIAL,https://www.bseindia.com/indices/IndexArchiveData/,2026-07-17T15:24:01,BSE_PRICE_INDEX
BSE_SMALLCAP,BSE SmallCap,2024-06-04,44958.48,,BSE_INDIA_OFFICIAL,https://www.bseindia.com/indices/IndexArchiveData/,2026-07-17T15:24:01,BSE_PRICE_INDEX
BSE_SMALLCAP,BSE SmallCap,2024-06-05,46277.55,,BSE_INDIA_OFFICIAL,https://www.bseindia.com/indices/IndexArchiveData/,2026-07-17T15:24:01,BSE_PRICE_INDEX
BSE_SMALLCAP,BSE SmallCap,2024-06-06,47693.81,,BSE_INDIA_OFFICIAL,https://www.bseindia.com/indices/IndexArchiveData/,2026-07-17T15:24:01,BSE_PRICE_INDEX
BSE_SMALLCAP,BSE SmallCap,2024-06-07,48731.55,,BSE_INDIA_OFFICIAL,https://www.bseindia.com/indices/IndexArchiveData/,2026-07-17T15:24:01,BSE_PRICE_INDEX
BSE_SMALLCAP,BSE SmallCap,2024-06-10,49239.42,,BSE_INDIA_OFFICIAL,https://www.bseindia.com/indices/IndexArchiveData/,2026-07-17T15:24:01,BSE_PRICE_INDEX
BSE_SMALLCAP,BSE SmallCap,2024-06-11,49707.00,,BSE_INDIA_OFFICIAL,https://www.bseindia.com/indices/IndexArchiveData/,2026-07-17T15:24:01,BSE_PRICE_INDEX
BSE_SMALLCAP,BSE SmallCap,2024-06-12,50233.11,,BSE_INDIA_OFFICIAL,https://www.bseindia.com/indices/IndexArchiveData/,2026-07-17T15:24:01,BSE_PRICE_INDEX
BSE_SMALLCAP,BSE SmallCap,2024-06-13,50678.94,,BSE_INDIA_OFFICIAL,https://www.bseindia.com/indices/IndexArchiveData/,2026-07-17T15:24:01,BSE_PRICE_INDEX
BSE_SMALLCAP,BSE SmallCap,2024-06-14,51199.99,,BSE_INDIA_OFFICIAL,https://www.bseindia.com/indices/IndexArchiveData/,2026-07-17T15:24:01,BSE_PRICE_INDEX
BSE_SMALLCAP,BSE SmallCap,2024-06-18,51694.00,,BSE_INDIA_OFFICIAL,https://www.bseindia.com/indices/IndexArchiveData/,2026-07-17T15:24:01,BSE_PRICE_INDEX
BSE_SMALLCAP,BSE SmallCap,2024-06-19,51393.30,,BSE_INDIA_OFFICIAL,https://www.bseindia.com/indices/IndexArchiveData/,2026-07-17T15:24:01,BSE_PRICE_INDEX
BSE_SMALLCAP,BSE SmallCap,2024-06-20,51906.49,,BSE_INDIA_OFFICIAL,https://www.bseindia.com/indices/IndexArchiveData/,2026-07-17T15:24:01,BSE_PRICE_INDEX
BSE_SMALLCAP,BSE SmallCap,2024-06-21,51936.53,,BSE_INDIA_OFFICIAL,https://www.bseindia.com/indices/IndexArchiveData/,2026-07-17T15:24:01,BSE_PRICE_INDEX
BSE_SMALLCAP,BSE SmallCap,2024-06-24,52077.63,,BSE_INDIA_OFFICIAL,https://www.bseindia.com/indices/IndexArchiveData/,2026-07-17T15:24:01,BSE_PRICE_INDEX
BSE_SMALLCAP,BSE SmallCap,2024-06-25,52064.12,,BSE_INDIA_OFFICIAL,https://www.bseindia.com/indices/IndexArchiveData/,2026-07-17T15:24:01,BSE_PRICE_INDEX
BSE_SMALLCAP,BSE SmallCap,2024-06-26,52141.11,,BSE_INDIA_OFFICIAL,https://www.bseindia.com/indices/IndexArchiveData/,2026-07-17T15:24:01,BSE_PRICE_INDEX
BSE_SMALLCAP,BSE SmallCap,2024-06-27,51842.29,,BSE_INDIA_OFFICIAL,https://www.bseindia.com/indices/IndexArchiveData/,2026-07-17T15:24:01,BSE_PRICE_INDEX
BSE_SMALLCAP,BSE SmallCap,2024-06-28,52130.41,,BSE_INDIA_OFFICIAL,https://www.bseindia.com/indices/IndexArchiveData/,2026-07-17T15:24:01,BSE_PRICE_INDEX
BSE_SMALLCAP,BSE SmallCap,2024-07-01,52951.73,,BSE_INDIA_OFFICIAL,https://www.bseindia.com/indices/IndexArchiveData/,2026-07-17T15:24:01,BSE_PRICE_INDEX
BSE_SMALLCAP,BSE SmallCap,2024-07-02,52988.28,,BSE_INDIA_OFFICIAL,https://www.bseindia.com/indices/IndexArchiveData/,2026-07-17T15:24:01,BSE_PRICE_INDEX
BSE_SMALLCAP,BSE SmallCap,2024-07-03,53441.93,,BSE_INDIA_OFFICIAL,https://www.bseindia.com/indices/IndexArchiveData/,2026-07-17T15:24:01,BSE_PRICE_INDEX
BSE_SMALLCAP,BSE SmallCap,2024-07-04,53775.13,,BSE_INDIA_OFFICIAL,https://www.bseindia.com/indices/IndexArchiveData/,2026-07-17T15:24:01,BSE_PRICE_INDEX
BSE_SMALLCAP,BSE SmallCap,2024-07-05,54153.96,,BSE_INDIA_OFFICIAL,https://www.bseindia.com/indices/IndexArchiveData/,2026-07-17T15:24:01,BSE_PRICE_INDEX
BSE_SMALLCAP,BSE SmallCap,2024-07-08,54035.44,,BSE_INDIA_OFFICIAL,https://www.bseindia.com/indices/IndexArchiveData/,2026-07-17T15:24:01,BSE_PRICE_INDEX
BSE_SMALLCAP,BSE SmallCap,2024-07-09,54155.43,,BSE_INDIA_OFFICIAL,https://www.bseindia.com/indices/IndexArchiveData/,2026-07-17T15:24:01,BSE_PRICE_INDEX
BSE_SMALLCAP,BSE SmallCap,2024-07-10,53779.98,,BSE_INDIA_OFFICIAL,https://www.bseindia.com/indices/IndexArchiveData/,2026-07-17T15:24:01,BSE_PRICE_INDEX
BSE_SMALLCAP,BSE SmallCap,2024-07-11,54085.99,,BSE_INDIA_OFFICIAL,https://www.bseindia.com/indices/IndexArchiveData/,2026-07-17T15:24:01,BSE_PRICE_INDEX
BSE_SMALLCAP,BSE SmallCap,2024-07-12,54013.25,,BSE_INDIA_OFFICIAL,https://www.bseindia.com/indices/IndexArchiveData/,2026-07-17T15:24:01,BSE_PRICE_INDEX
BSE_SMALLCAP,BSE SmallCap,2024-07-15,54128.65,,BSE_INDIA_OFFICIAL,https://www.bseindia.com/indices/IndexArchiveData/,2026-07-17T15:24:01,BSE_PRICE_INDEX
BSE_SMALLCAP,BSE SmallCap,2024-07-16,54301.89,,BSE_INDIA_OFFICIAL,https://www.bseindia.com/indices/IndexArchiveData/,2026-07-17T15:24:01,BSE_PRICE_INDEX
BSE_SMALLCAP,BSE SmallCap,2024-07-18,53675.92,,BSE_INDIA_OFFICIAL,https://www.bseindia.com/indices/IndexArchiveData/,2026-07-17T15:24:01,BSE_PRICE_INDEX
BSE_SMALLCAP,BSE SmallCap,2024-07-19,52481.80,,BSE_INDIA_OFFICIAL,https://www.bseindia.com/indices/IndexArchiveData/,2026-07-17T15:24:01,BSE_PRICE_INDEX
BSE_SMALLCAP,BSE SmallCap,2024-07-22,52916.50,,BSE_INDIA_OFFICIAL,https://www.bseindia.com/indices/IndexArchiveData/,2026-07-17T15:24:01,BSE_PRICE_INDEX
BSE_SMALLCAP,BSE SmallCap,2024-07-23,52823.47,,BSE_INDIA_OFFICIAL,https://www.bseindia.com/indices/IndexArchiveData/,2026-07-17T15:24:01,BSE_PRICE_INDEX
BSE_SMALLCAP,BSE SmallCap,2024-07-24,53832.46,,BSE_INDIA_OFFICIAL,https://www.bseindia.com/indices/IndexArchiveData/,2026-07-17T15:24:01,BSE_PRICE_INDEX
BSE_SMALLCAP,BSE SmallCap,2024-07-25,53758.01,,BSE_INDIA_OFFICIAL,https://www.bseindia.com/indices/IndexArchiveData/,2026-07-17T15:24:01,BSE_PRICE_INDEX
BSE_SMALLCAP,BSE SmallCap,2024-07-26,54294.35,,BSE_INDIA_OFFICIAL,https://www.bseindia.com/indices/IndexArchiveData/,2026-07-17T15:24:01,BSE_PRICE_INDEX
BSE_SMALLCAP,BSE SmallCap,2024-07-29,54928.17,,BSE_INDIA_OFFICIAL,https://www.bseindia.com/indices/IndexArchiveData/,2026-07-17T15:24:01,BSE_PRICE_INDEX
BSE_SMALLCAP,BSE SmallCap,2024-07-30,55411.62,,BSE_INDIA_OFFICIAL,https://www.bseindia.com/indices/IndexArchiveData/,2026-07-17T15:24:01,BSE_PRICE_INDEX
BSE_SMALLCAP,BSE SmallCap,2024-07-31,55332.24,,BSE_INDIA_OFFICIAL,https://www.bseindia.com/indices/IndexArchiveData/,2026-07-17T15:24:01,BSE_PRICE_INDEX
BSE_SMALLCAP,BSE SmallCap,2024-08-01,54945.66,,BSE_INDIA_OFFICIAL,https://www.bseindia.com/indices/IndexArchiveData/,2026-07-17T15:24:01,BSE_PRICE_INDEX
BSE_SMALLCAP,BSE SmallCap,2024-08-02,54629.29,,BSE_INDIA_OFFICIAL,https://www.bseindia.com/indices/IndexArchiveData/,2026-07-17T15:24:01,BSE_PRICE_INDEX
BSE_SMALLCAP,BSE SmallCap,2024-08-05,52331.42,,BSE_INDIA_OFFICIAL,https://www.bseindia.com/indices/IndexArchiveData/,2026-07-17T15:24:01,BSE_PRICE_INDEX
BSE_SMALLCAP,BSE SmallCap,2024-08-06,52034.81,,BSE_INDIA_OFFICIAL,https://www.bseindia.com/indices/IndexArchiveData/,2026-07-17T15:24:01,BSE_PRICE_INDEX
BSE_SMALLCAP,BSE SmallCap,2024-08-07,53278.93,,BSE_INDIA_OFFICIAL,https://www.bseindia.com/indices/IndexArchiveData/,2026-07-17T15:24:01,BSE_PRICE_INDEX
BSE_SMALLCAP,BSE SmallCap,2024-08-08,53192.72,,BSE_INDIA_OFFICIAL,https://www.bseindia.com/indices/IndexArchiveData/,2026-07-17T15:24:01,BSE_PRICE_INDEX
BSE_SMALLCAP,BSE SmallCap,2024-08-09,53614.37,,BSE_INDIA_OFFICIAL,https://www.bseindia.com/indices/IndexArchiveData/,2026-07-17T15:24:01,BSE_PRICE_INDEX
BSE_SMALLCAP,BSE SmallCap,2024-08-12,53887.52,,BSE_INDIA_OFFICIAL,https://www.bseindia.com/indices/IndexArchiveData/,2026-07-17T15:24:01,BSE_PRICE_INDEX
BSE_SMALLCAP,BSE SmallCap,2024-08-13,53259.84,,BSE_INDIA_OFFICIAL,https://www.bseindia.com/indices/IndexArchiveData/,2026-07-17T15:24:01,BSE_PRICE_INDEX
BSE_SMALLCAP,BSE SmallCap,2024-08-14,52955.23,,BSE_INDIA_OFFICIAL,https://www.bseindia.com/indices/IndexArchiveData/,2026-07-17T15:24:01,BSE_PRICE_INDEX
BSE_SMALLCAP,BSE SmallCap,2024-08-16,53857.09,,BSE_INDIA_OFFICIAL,https://www.bseindia.com/indices/IndexArchiveData/,2026-07-17T15:24:01,BSE_PRICE_INDEX
BSE_SMALLCAP,BSE SmallCap,2024-08-19,54573.48,,BSE_INDIA_OFFICIAL,https://www.bseindia.com/indices/IndexArchiveData/,2026-07-17T15:24:01,BSE_PRICE_INDEX
BSE_SMALLCAP,BSE SmallCap,2024-08-20,54856.49,,BSE_INDIA_OFFICIAL,https://www.bseindia.com/indices/IndexArchiveData/,2026-07-17T15:24:01,BSE_PRICE_INDEX
BSE_SMALLCAP,BSE SmallCap,2024-08-21,55336.42,,BSE_INDIA_OFFICIAL,https://www.bseindia.com/indices/IndexArchiveData/,2026-07-17T15:24:01,BSE_PRICE_INDEX
BSE_SMALLCAP,BSE SmallCap,2024-08-22,55598.26,,BSE_INDIA_OFFICIAL,https://www.bseindia.com/indices/IndexArchiveData/,2026-07-17T15:24:01,BSE_PRICE_INDEX
BSE_SMALLCAP,BSE SmallCap,2024-08-23,55681.89,,BSE_INDIA_OFFICIAL,https://www.bseindia.com/indices/IndexArchiveData/,2026-07-17T15:24:01,BSE_PRICE_INDEX
BSE_SMALLCAP,BSE SmallCap,2024-08-26,55795.62,,BSE_INDIA_OFFICIAL,https://www.bseindia.com/indices/IndexArchiveData/,2026-07-17T15:24:01,BSE_PRICE_INDEX
BSE_SMALLCAP,BSE SmallCap,2024-08-27,56074.17,,BSE_INDIA_OFFICIAL,https://www.bseindia.com/indices/IndexArchiveData/,2026-07-17T15:24:01,BSE_PRICE_INDEX
BSE_SMALLCAP,BSE SmallCap,2024-08-28,56005.65,,BSE_INDIA_OFFICIAL,https://www.bseindia.com/indices/IndexArchiveData/,2026-07-17T15:24:01,BSE_PRICE_INDEX
BSE_SMALLCAP,BSE SmallCap,2024-08-29,55602.45,,BSE_INDIA_OFFICIAL,https://www.bseindia.com/indices/IndexArchiveData/,2026-07-17T15:24:01,BSE_PRICE_INDEX
BSE_SMALLCAP,BSE SmallCap,2024-08-30,56021.55,,BSE_INDIA_OFFICIAL,https://www.bseindia.com/indices/IndexArchiveData/,2026-07-17T15:24:01,BSE_PRICE_INDEX
BSE_SMALLCAP,BSE SmallCap,2024-09-02,55760.94,,BSE_INDIA_OFFICIAL,https://www.bseindia.com/indices/IndexArchiveData/,2026-07-17T15:24:01,BSE_PRICE_INDEX
BSE_SMALLCAP,BSE SmallCap,2024-09-03,56061.98,,BSE_INDIA_OFFICIAL,https://www.bseindia.com/indices/IndexArchiveData/,2026-07-17T15:24:01,BSE_PRICE_INDEX
BSE_SMALLCAP,BSE SmallCap,2024-09-04,56208.39,,BSE_INDIA_OFFICIAL,https://www.bseindia.com/indices/IndexArchiveData/,2026-07-17T15:24:01,BSE_PRICE_INDEX
BSE_SMALLCAP,BSE SmallCap,2024-09-05,56521.61,,BSE_INDIA_OFFICIAL,https://www.bseindia.com/indices/IndexArchiveData/,2026-07-17T15:24:01,BSE_PRICE_INDEX
BSE_SMALLCAP,BSE SmallCap,2024-09-06,55977.86,,BSE_INDIA_OFFICIAL,https://www.bseindia.com/indices/IndexArchiveData/,2026-07-17T15:24:01,BSE_PRICE_INDEX
BSE_SMALLCAP,BSE SmallCap,2024-09-09,55614.34,,BSE_INDIA_OFFICIAL,https://www.bseindia.com/indices/IndexArchiveData/,2026-07-17T15:24:01,BSE_PRICE_INDEX
BSE_SMALLCAP,BSE SmallCap,2024-09-10,56467.87,,BSE_INDIA_OFFICIAL,https://www.bseindia.com/indices/IndexArchiveData/,2026-07-17T15:24:01,BSE_PRICE_INDEX
BSE_SMALLCAP,BSE SmallCap,2024-09-11,56147.62,,BSE_INDIA_OFFICIAL,https://www.bseindia.com/indices/IndexArchiveData/,2026-07-17T15:24:01,BSE_PRICE_INDEX
BSE_SMALLCAP,BSE SmallCap,2024-09-12,56589.93,,BSE_INDIA_OFFICIAL,https://www.bseindia.com/indices/IndexArchiveData/,2026-07-17T15:24:01,BSE_PRICE_INDEX
BSE_SMALLCAP,BSE SmallCap,2024-09-13,57128.04,,BSE_INDIA_OFFICIAL,https://www.bseindia.com/indices/IndexArchiveData/,2026-07-17T15:24:01,BSE_PRICE_INDEX
BSE_SMALLCAP,BSE SmallCap,2024-09-16,57287.65,,BSE_INDIA_OFFICIAL,https://www.bseindia.com/indices/IndexArchiveData/,2026-07-17T15:24:01,BSE_PRICE_INDEX
BSE_SMALLCAP,BSE SmallCap,2024-09-17,57214.95,,BSE_INDIA_OFFICIAL,https://www.bseindia.com/indices/IndexArchiveData/,2026-07-17T15:24:01,BSE_PRICE_INDEX
BSE_SMALLCAP,BSE SmallCap,2024-09-18,56915.93,,BSE_INDIA_OFFICIAL,https://www.bseindia.com/indices/IndexArchiveData/,2026-07-17T15:24:01,BSE_PRICE_INDEX
BSE_SMALLCAP,BSE SmallCap,2024-09-19,56312.66,,BSE_INDIA_OFFICIAL,https://www.bseindia.com/indices/IndexArchiveData/,2026-07-17T15:24:01,BSE_PRICE_INDEX
BSE_SMALLCAP,BSE SmallCap,2024-09-20,57081.61,,BSE_INDIA_OFFICIAL,https://www.bseindia.com/indices/IndexArchiveData/,2026-07-17T15:24:01,BSE_PRICE_INDEX
BSE_SMALLCAP,BSE SmallCap,2024-09-23,57497.46,,BSE_INDIA_OFFICIAL,https://www.bseindia.com/indices/IndexArchiveData/,2026-07-17T15:24:01,BSE_PRICE_INDEX
BSE_SMALLCAP,BSE SmallCap,2024-09-24,57475.58,,BSE_INDIA_OFFICIAL,https://www.bseindia.com/indices/IndexArchiveData/,2026-07-17T15:24:01,BSE_PRICE_INDEX
BSE_SMALLCAP,BSE SmallCap,2024-09-25,57275.67,,BSE_INDIA_OFFICIAL,https://www.bseindia.com/indices/IndexArchiveData/,2026-07-17T15:24:01,BSE_PRICE_INDEX
BSE_SMALLCAP,BSE SmallCap,2024-09-26,57051.96,,BSE_INDIA_OFFICIAL,https://www.bseindia.com/indices/IndexArchiveData/,2026-07-17T15:24:01,BSE_PRICE_INDEX
BSE_SMALLCAP,BSE SmallCap,2024-09-27,57091.36,,BSE_INDIA_OFFICIAL,https://www.bseindia.com/indices/IndexArchiveData/,2026-07-17T15:24:01,BSE_PRICE_INDEX
BSE_SMALLCAP,BSE SmallCap,2024-09-30,57130.93,,BSE_INDIA_OFFICIAL,https://www.bseindia.com/indices/IndexArchiveData/,2026-07-17T15:24:01,BSE_PRICE_INDEX
BSE_SMALLCAP,BSE SmallCap,2024-10-01,57450.85,,BSE_INDIA_OFFICIAL,https://www.bseindia.com/indices/IndexArchiveData/,2026-07-17T15:24:01,BSE_PRICE_INDEX
BSE_SMALLCAP,BSE SmallCap,2024-10-03,56396.36,,BSE_INDIA_OFFICIAL,https://www.bseindia.com/indices/IndexArchiveData/,2026-07-17T15:24:01,BSE_PRICE_INDEX
BSE_SMALLCAP,BSE SmallCap,2024-10-04,55945.31,,BSE_INDIA_OFFICIAL,https://www.bseindia.com/indices/IndexArchiveData/,2026-07-17T15:24:01,BSE_PRICE_INDEX
BSE_SMALLCAP,BSE SmallCap,2024-10-07,54117.72,,BSE_INDIA_OFFICIAL,https://www.bseindia.com/indices/IndexArchiveData/,2026-07-17T15:24:01,BSE_PRICE_INDEX
BSE_SMALLCAP,BSE SmallCap,2024-10-08,55439.89,,BSE_INDIA_OFFICIAL,https://www.bseindia.com/indices/IndexArchiveData/,2026-07-17T15:24:01,BSE_PRICE_INDEX
BSE_SMALLCAP,BSE SmallCap,2024-10-09,56110.68,,BSE_INDIA_OFFICIAL,https://www.bseindia.com/indices/IndexArchiveData/,2026-07-17T15:24:01,BSE_PRICE_INDEX
BSE_SMALLCAP,BSE SmallCap,2024-10-10,56353.36,,BSE_INDIA_OFFICIAL,https://www.bseindia.com/indices/IndexArchiveData/,2026-07-17T15:24:01,BSE_PRICE_INDEX
BSE_SMALLCAP,BSE SmallCap,2024-10-11,56600.09,,BSE_INDIA_OFFICIAL,https://www.bseindia.com/indices/IndexArchiveData/,2026-07-17T15:24:01,BSE_PRICE_INDEX
BSE_SMALLCAP,BSE SmallCap,2024-10-14,56632.38,,BSE_INDIA_OFFICIAL,https://www.bseindia.com/indices/IndexArchiveData/,2026-07-17T15:24:01,BSE_PRICE_INDEX
BSE_SMALLCAP,BSE SmallCap,2024-10-15,57224.86,,BSE_INDIA_OFFICIAL,https://www.bseindia.com/indices/IndexArchiveData/,2026-07-17T15:24:01,BSE_PRICE_INDEX
BSE_SMALLCAP,BSE SmallCap,2024-10-16,57403.07,,BSE_INDIA_OFFICIAL,https://www.bseindia.com/indices/IndexArchiveData/,2026-07-17T15:24:01,BSE_PRICE_INDEX
BSE_SMALLCAP,BSE SmallCap,2024-10-17,56589.05,,BSE_INDIA_OFFICIAL,https://www.bseindia.com/indices/IndexArchiveData/,2026-07-17T15:24:01,BSE_PRICE_INDEX
BSE_SMALLCAP,BSE SmallCap,2024-10-18,56500.05,,BSE_INDIA_OFFICIAL,https://www.bseindia.com/indices/IndexArchiveData/,2026-07-17T15:24:01,BSE_PRICE_INDEX
BSE_SMALLCAP,BSE SmallCap,2024-10-21,55648.96,,BSE_INDIA_OFFICIAL,https://www.bseindia.com/indices/IndexArchiveData/,2026-07-17T15:24:01,BSE_PRICE_INDEX
BSE_SMALLCAP,BSE SmallCap,2024-10-22,53530.92,,BSE_INDIA_OFFICIAL,https://www.bseindia.com/indices/IndexArchiveData/,2026-07-17T15:24:01,BSE_PRICE_INDEX
BSE_SMALLCAP,BSE SmallCap,2024-10-23,54030.18,,BSE_INDIA_OFFICIAL,https://www.bseindia.com/indices/IndexArchiveData/,2026-07-17T15:24:01,BSE_PRICE_INDEX
BSE_SMALLCAP,BSE SmallCap,2024-10-24,53643.45,,BSE_INDIA_OFFICIAL,https://www.bseindia.com/indices/IndexArchiveData/,2026-07-17T15:24:01,BSE_PRICE_INDEX
BSE_SMALLCAP,BSE SmallCap,2024-10-25,52335.66,,BSE_INDIA_OFFICIAL,https://www.bseindia.com/indices/IndexArchiveData/,2026-07-17T15:24:01,BSE_PRICE_INDEX
BSE_SMALLCAP,BSE SmallCap,2024-10-28,52915.55,,BSE_INDIA_OFFICIAL,https://www.bseindia.com/indices/IndexArchiveData/,2026-07-17T15:24:01,BSE_PRICE_INDEX
BSE_SMALLCAP,BSE SmallCap,2024-10-29,53289.59,,BSE_INDIA_OFFICIAL,https://www.bseindia.com/indices/IndexArchiveData/,2026-07-17T15:24:01,BSE_PRICE_INDEX
BSE_SMALLCAP,BSE SmallCap,2024-10-30,54108.07,,BSE_INDIA_OFFICIAL,https://www.bseindia.com/indices/IndexArchiveData/,2026-07-17T15:24:01,BSE_PRICE_INDEX
BSE_SMALLCAP,BSE SmallCap,2024-10-31,54982.87,,BSE_INDIA_OFFICIAL,https://www.bseindia.com/indices/IndexArchiveData/,2026-07-17T15:24:01,BSE_PRICE_INDEX
BSE_SMALLCAP,BSE SmallCap,2024-11-01,55622.60,,BSE_INDIA_OFFICIAL,https://www.bseindia.com/indices/IndexArchiveData/,2026-07-17T15:24:01,BSE_PRICE_INDEX
BSE_SMALLCAP,BSE SmallCap,2024-11-04,54705.02,,BSE_INDIA_OFFICIAL,https://www.bseindia.com/indices/IndexArchiveData/,2026-07-17T15:24:01,BSE_PRICE_INDEX
BSE_SMALLCAP,BSE SmallCap,2024-11-05,54930.82,,BSE_INDIA_OFFICIAL,https://www.bseindia.com/indices/IndexArchiveData/,2026-07-17T15:24:01,BSE_PRICE_INDEX
BSE_SMALLCAP,BSE SmallCap,2024-11-06,56008.13,,BSE_INDIA_OFFICIAL,https://www.bseindia.com/indices/IndexArchiveData/,2026-07-17T15:24:01,BSE_PRICE_INDEX
BSE_SMALLCAP,BSE SmallCap,2024-11-07,55764.08,,BSE_INDIA_OFFICIAL,https://www.bseindia.com/indices/IndexArchiveData/,2026-07-17T15:24:01,BSE_PRICE_INDEX
BSE_SMALLCAP,BSE SmallCap,2024-11-08,54913.85,,BSE_INDIA_OFFICIAL,https://www.bseindia.com/indices/IndexArchiveData/,2026-07-17T15:24:01,BSE_PRICE_INDEX
BSE_SMALLCAP,BSE SmallCap,2024-11-11,54286.41,,BSE_INDIA_OFFICIAL,https://www.bseindia.com/indices/IndexArchiveData/,2026-07-17T15:24:01,BSE_PRICE_INDEX
BSE_SMALLCAP,BSE SmallCap,2024-11-12,53604.48,,BSE_INDIA_OFFICIAL,https://www.bseindia.com/indices/IndexArchiveData/,2026-07-17T15:24:01,BSE_PRICE_INDEX
BSE_SMALLCAP,BSE SmallCap,2024-11-13,51952.79,,BSE_INDIA_OFFICIAL,https://www.bseindia.com/indices/IndexArchiveData/,2026-07-17T15:24:01,BSE_PRICE_INDEX
BSE_SMALLCAP,BSE SmallCap,2024-11-14,52381.98,,BSE_INDIA_OFFICIAL,https://www.bseindia.com/indices/IndexArchiveData/,2026-07-17T15:24:01,BSE_PRICE_INDEX
BSE_SMALLCAP,BSE SmallCap,2024-11-18,52022.37,,BSE_INDIA_OFFICIAL,https://www.bseindia.com/indices/IndexArchiveData/,2026-07-17T15:24:01,BSE_PRICE_INDEX
BSE_SMALLCAP,BSE SmallCap,2024-11-19,52490.94,,BSE_INDIA_OFFICIAL,https://www.bseindia.com/indices/IndexArchiveData/,2026-07-17T15:24:01,BSE_PRICE_INDEX
BSE_SMALLCAP,BSE SmallCap,2024-11-21,52141.15,,BSE_INDIA_OFFICIAL,https://www.bseindia.com/indices/IndexArchiveData/,2026-07-17T15:24:01,BSE_PRICE_INDEX
BSE_SMALLCAP,BSE SmallCap,2024-11-22,52612.93,,BSE_INDIA_OFFICIAL,https://www.bseindia.com/indices/IndexArchiveData/,2026-07-17T15:24:01,BSE_PRICE_INDEX
BSE_SMALLCAP,BSE SmallCap,2024-11-25,53589.30,,BSE_INDIA_OFFICIAL,https://www.bseindia.com/indices/IndexArchiveData/,2026-07-17T15:24:01,BSE_PRICE_INDEX
BSE_SMALLCAP,BSE SmallCap,2024-11-26,53923.24,,BSE_INDIA_OFFICIAL,https://www.bseindia.com/indices/IndexArchiveData/,2026-07-17T15:24:01,BSE_PRICE_INDEX
BSE_SMALLCAP,BSE SmallCap,2024-11-27,54560.93,,BSE_INDIA_OFFICIAL,https://www.bseindia.com/indices/IndexArchiveData/,2026-07-17T15:24:01,BSE_PRICE_INDEX
BSE_SMALLCAP,BSE SmallCap,2024-11-28,54782.58,,BSE_INDIA_OFFICIAL,https://www.bseindia.com/indices/IndexArchiveData/,2026-07-17T15:24:01,BSE_PRICE_INDEX
BSE_SMALLCAP,BSE SmallCap,2024-11-29,55199.86,,BSE_INDIA_OFFICIAL,https://www.bseindia.com/indices/IndexArchiveData/,2026-07-17T15:24:01,BSE_PRICE_INDEX
BSE_SMALLCAP,BSE SmallCap,2024-12-02,55662.71,,BSE_INDIA_OFFICIAL,https://www.bseindia.com/indices/IndexArchiveData/,2026-07-17T15:24:01,BSE_PRICE_INDEX
BSE_SMALLCAP,BSE SmallCap,2024-12-03,56237.47,,BSE_INDIA_OFFICIAL,https://www.bseindia.com/indices/IndexArchiveData/,2026-07-17T15:24:01,BSE_PRICE_INDEX
BSE_SMALLCAP,BSE SmallCap,2024-12-04,56617.46,,BSE_INDIA_OFFICIAL,https://www.bseindia.com/indices/IndexArchiveData/,2026-07-17T15:24:01,BSE_PRICE_INDEX
BSE_SMALLCAP,BSE SmallCap,2024-12-05,56707.78,,BSE_INDIA_OFFICIAL,https://www.bseindia.com/indices/IndexArchiveData/,2026-07-17T15:24:01,BSE_PRICE_INDEX
BSE_SMALLCAP,BSE SmallCap,2024-12-06,57050.71,,BSE_INDIA_OFFICIAL,https://www.bseindia.com/indices/IndexArchiveData/,2026-07-17T15:24:01,BSE_PRICE_INDEX
BSE_SMALLCAP,BSE SmallCap,2024-12-09,57313.61,,BSE_INDIA_OFFICIAL,https://www.bseindia.com/indices/IndexArchiveData/,2026-07-17T15:24:01,BSE_PRICE_INDEX
BSE_SMALLCAP,BSE SmallCap,2024-12-10,57503.12,,BSE_INDIA_OFFICIAL,https://www.bseindia.com/indices/IndexArchiveData/,2026-07-17T15:24:01,BSE_PRICE_INDEX
BSE_SMALLCAP,BSE SmallCap,2024-12-11,57703.48,,BSE_INDIA_OFFICIAL,https://www.bseindia.com/indices/IndexArchiveData/,2026-07-17T15:24:01,BSE_PRICE_INDEX
BSE_SMALLCAP,BSE SmallCap,2024-12-12,57125.14,,BSE_INDIA_OFFICIAL,https://www.bseindia.com/indices/IndexArchiveData/,2026-07-17T15:24:01,BSE_PRICE_INDEX
BSE_SMALLCAP,BSE SmallCap,2024-12-13,56957.46,,BSE_INDIA_OFFICIAL,https://www.bseindia.com/indices/IndexArchiveData/,2026-07-17T15:24:01,BSE_PRICE_INDEX
BSE_SMALLCAP,BSE SmallCap,2024-12-16,57227.62,,BSE_INDIA_OFFICIAL,https://www.bseindia.com/indices/IndexArchiveData/,2026-07-17T15:24:01,BSE_PRICE_INDEX
BSE_SMALLCAP,BSE SmallCap,2024-12-17,56928.98,,BSE_INDIA_OFFICIAL,https://www.bseindia.com/indices/IndexArchiveData/,2026-07-17T15:24:01,BSE_PRICE_INDEX
BSE_SMALLCAP,BSE SmallCap,2024-12-18,56496.71,,BSE_INDIA_OFFICIAL,https://www.bseindia.com/indices/IndexArchiveData/,2026-07-17T15:24:01,BSE_PRICE_INDEX
BSE_SMALLCAP,BSE SmallCap,2024-12-19,56337.69,,BSE_INDIA_OFFICIAL,https://www.bseindia.com/indices/IndexArchiveData/,2026-07-17T15:24:01,BSE_PRICE_INDEX
BSE_SMALLCAP,BSE SmallCap,2024-12-20,55149.22,,BSE_INDIA_OFFICIAL,https://www.bseindia.com/indices/IndexArchiveData/,2026-07-17T15:24:01,BSE_PRICE_INDEX
BSE_SMALLCAP,BSE SmallCap,2024-12-23,54817.91,,BSE_INDIA_OFFICIAL,https://www.bseindia.com/indices/IndexArchiveData/,2026-07-17T15:24:01,BSE_PRICE_INDEX
BSE_SMALLCAP,BSE SmallCap,2024-12-24,55023.17,,BSE_INDIA_OFFICIAL,https://www.bseindia.com/indices/IndexArchiveData/,2026-07-17T15:24:01,BSE_PRICE_INDEX
BSE_SMALLCAP,BSE SmallCap,2024-12-26,54893.21,,BSE_INDIA_OFFICIAL,https://www.bseindia.com/indices/IndexArchiveData/,2026-07-17T15:24:01,BSE_PRICE_INDEX
BSE_SMALLCAP,BSE SmallCap,2024-12-27,55048.12,,BSE_INDIA_OFFICIAL,https://www.bseindia.com/indices/IndexArchiveData/,2026-07-17T15:24:01,BSE_PRICE_INDEX
BSE_SMALLCAP,BSE SmallCap,2024-12-30,54789.44,,BSE_INDIA_OFFICIAL,https://www.bseindia.com/indices/IndexArchiveData/,2026-07-17T15:24:01,BSE_PRICE_INDEX
BSE_SMALLCAP,BSE SmallCap,2024-12-31,55180.60,,BSE_INDIA_OFFICIAL,https://www.bseindia.com/indices/IndexArchiveData/,2026-07-17T15:24:01,BSE_PRICE_INDEX
BSE_SMALLCAP,BSE SmallCap,2025-01-01,55750.06,,BSE_INDIA_OFFICIAL,https://www.bseindia.com/indices/IndexArchiveData/,2026-07-17T15:24:01,BSE_PRICE_INDEX
BSE_SMALLCAP,BSE SmallCap,2025-01-02,56127.20,,BSE_INDIA_OFFICIAL,https://www.bseindia.com/indices/IndexArchiveData/,2026-07-17T15:24:01,BSE_PRICE_INDEX
BSE_SMALLCAP,BSE SmallCap,2025-01-03,56116.21,,BSE_INDIA_OFFICIAL,https://www.bseindia.com/indices/IndexArchiveData/,2026-07-17T15:24:01,BSE_PRICE_INDEX
BSE_SMALLCAP,BSE SmallCap,2025-01-06,54337.37,,BSE_INDIA_OFFICIAL,https://www.bseindia.com/indices/IndexArchiveData/,2026-07-17T15:24:01,BSE_PRICE_INDEX
BSE_SMALLCAP,BSE SmallCap,2025-01-07,55282.48,,BSE_INDIA_OFFICIAL,https://www.bseindia.com/indices/IndexArchiveData/,2026-07-17T15:24:01,BSE_PRICE_INDEX
BSE_SMALLCAP,BSE SmallCap,2025-01-08,54661.63,,BSE_INDIA_OFFICIAL,https://www.bseindia.com/indices/IndexArchiveData/,2026-07-17T15:24:01,BSE_PRICE_INDEX
BSE_SMALLCAP,BSE SmallCap,2025-01-09,54021.00,,BSE_INDIA_OFFICIAL,https://www.bseindia.com/indices/IndexArchiveData/,2026-07-17T15:24:01,BSE_PRICE_INDEX
BSE_SMALLCAP,BSE SmallCap,2025-01-10,52722.34,,BSE_INDIA_OFFICIAL,https://www.bseindia.com/indices/IndexArchiveData/,2026-07-17T15:24:01,BSE_PRICE_INDEX
BSE_SMALLCAP,BSE SmallCap,2025-01-13,50541.90,,BSE_INDIA_OFFICIAL,https://www.bseindia.com/indices/IndexArchiveData/,2026-07-17T15:24:01,BSE_PRICE_INDEX
BSE_SMALLCAP,BSE SmallCap,2025-01-14,51396.19,,BSE_INDIA_OFFICIAL,https://www.bseindia.com/indices/IndexArchiveData/,2026-07-17T15:24:01,BSE_PRICE_INDEX
BSE_SMALLCAP,BSE SmallCap,2025-01-15,51573.11,,BSE_INDIA_OFFICIAL,https://www.bseindia.com/indices/IndexArchiveData/,2026-07-17T15:24:01,BSE_PRICE_INDEX
BSE_SMALLCAP,BSE SmallCap,2025-01-16,52308.67,,BSE_INDIA_OFFICIAL,https://www.bseindia.com/indices/IndexArchiveData/,2026-07-17T15:24:01,BSE_PRICE_INDEX
BSE_SMALLCAP,BSE SmallCap,2025-01-17,52311.31,,BSE_INDIA_OFFICIAL,https://www.bseindia.com/indices/IndexArchiveData/,2026-07-17T15:24:01,BSE_PRICE_INDEX
BSE_SMALLCAP,BSE SmallCap,2025-01-20,52739.01,,BSE_INDIA_OFFICIAL,https://www.bseindia.com/indices/IndexArchiveData/,2026-07-17T15:24:01,BSE_PRICE_INDEX
BSE_SMALLCAP,BSE SmallCap,2025-01-21,51714.62,,BSE_INDIA_OFFICIAL,https://www.bseindia.com/indices/IndexArchiveData/,2026-07-17T15:24:01,BSE_PRICE_INDEX
BSE_SMALLCAP,BSE SmallCap,2025-01-22,50906.76,,BSE_INDIA_OFFICIAL,https://www.bseindia.com/indices/IndexArchiveData/,2026-07-17T15:24:01,BSE_PRICE_INDEX
BSE_SMALLCAP,BSE SmallCap,2025-01-23,51250.29,,BSE_INDIA_OFFICIAL,https://www.bseindia.com/indices/IndexArchiveData/,2026-07-17T15:24:01,BSE_PRICE_INDEX
BSE_SMALLCAP,BSE SmallCap,2025-01-24,50107.51,,BSE_INDIA_OFFICIAL,https://www.bseindia.com/indices/IndexArchiveData/,2026-07-17T15:24:01,BSE_PRICE_INDEX
BSE_SMALLCAP,BSE SmallCap,2025-01-27,48346.37,,BSE_INDIA_OFFICIAL,https://www.bseindia.com/indices/IndexArchiveData/,2026-07-17T15:24:01,BSE_PRICE_INDEX
BSE_SMALLCAP,BSE SmallCap,2025-01-28,47492.48,,BSE_INDIA_OFFICIAL,https://www.bseindia.com/indices/IndexArchiveData/,2026-07-17T15:24:01,BSE_PRICE_INDEX
BSE_SMALLCAP,BSE SmallCap,2025-01-29,49050.57,,BSE_INDIA_OFFICIAL,https://www.bseindia.com/indices/IndexArchiveData/,2026-07-17T15:24:01,BSE_PRICE_INDEX
BSE_SMALLCAP,BSE SmallCap,2025-01-30,49059.17,,BSE_INDIA_OFFICIAL,https://www.bseindia.com/indices/IndexArchiveData/,2026-07-17T15:24:01,BSE_PRICE_INDEX
BSE_SMALLCAP,BSE SmallCap,2025-01-31,49958.39,,BSE_INDIA_OFFICIAL,https://www.bseindia.com/indices/IndexArchiveData/,2026-07-17T15:24:01,BSE_PRICE_INDEX
BSE_SMALLCAP,BSE SmallCap,2025-02-01,50099.80,,BSE_INDIA_OFFICIAL,https://www.bseindia.com/indices/IndexArchiveData/,2026-07-17T15:24:01,BSE_PRICE_INDEX
BSE_SMALLCAP,BSE SmallCap,2025-02-03,49212.30,,BSE_INDIA_OFFICIAL,https://www.bseindia.com/indices/IndexArchiveData/,2026-07-17T15:24:01,BSE_PRICE_INDEX
BSE_SMALLCAP,BSE SmallCap,2025-02-04,49801.07,,BSE_INDIA_OFFICIAL,https://www.bseindia.com/indices/IndexArchiveData/,2026-07-17T15:24:01,BSE_PRICE_INDEX
BSE_SMALLCAP,BSE SmallCap,2025-02-05,50507.67,,BSE_INDIA_OFFICIAL,https://www.bseindia.com/indices/IndexArchiveData/,2026-07-17T15:24:01,BSE_PRICE_INDEX
BSE_SMALLCAP,BSE SmallCap,2025-02-06,50505.49,,BSE_INDIA_OFFICIAL,https://www.bseindia.com/indices/IndexArchiveData/,2026-07-17T15:24:01,BSE_PRICE_INDEX
BSE_SMALLCAP,BSE SmallCap,2025-02-07,50164.22,,BSE_INDIA_OFFICIAL,https://www.bseindia.com/indices/IndexArchiveData/,2026-07-17T15:24:01,BSE_PRICE_INDEX
BSE_SMALLCAP,BSE SmallCap,2025-02-10,49034.88,,BSE_INDIA_OFFICIAL,https://www.bseindia.com/indices/IndexArchiveData/,2026-07-17T15:24:01,BSE_PRICE_INDEX
BSE_SMALLCAP,BSE SmallCap,2025-02-11,47369.27,,BSE_INDIA_OFFICIAL,https://www.bseindia.com/indices/IndexArchiveData/,2026-07-17T15:24:01,BSE_PRICE_INDEX
BSE_SMALLCAP,BSE SmallCap,2025-02-12,47136.37,,BSE_INDIA_OFFICIAL,https://www.bseindia.com/indices/IndexArchiveData/,2026-07-17T15:24:01,BSE_PRICE_INDEX
BSE_SMALLCAP,BSE SmallCap,2025-02-13,46933.69,,BSE_INDIA_OFFICIAL,https://www.bseindia.com/indices/IndexArchiveData/,2026-07-17T15:24:01,BSE_PRICE_INDEX
BSE_SMALLCAP,BSE SmallCap,2025-02-14,45411.25,,BSE_INDIA_OFFICIAL,https://www.bseindia.com/indices/IndexArchiveData/,2026-07-17T15:24:01,BSE_PRICE_INDEX
BSE_SMALLCAP,BSE SmallCap,2025-02-17,45156.89,,BSE_INDIA_OFFICIAL,https://www.bseindia.com/indices/IndexArchiveData/,2026-07-17T15:24:01,BSE_PRICE_INDEX
BSE_SMALLCAP,BSE SmallCap,2025-02-18,44384.72,,BSE_INDIA_OFFICIAL,https://www.bseindia.com/indices/IndexArchiveData/,2026-07-17T15:24:01,BSE_PRICE_INDEX
BSE_SMALLCAP,BSE SmallCap,2025-02-19,45455.83,,BSE_INDIA_OFFICIAL,https://www.bseindia.com/indices/IndexArchiveData/,2026-07-17T15:24:01,BSE_PRICE_INDEX
BSE_SMALLCAP,BSE SmallCap,2025-02-20,46054.94,,BSE_INDIA_OFFICIAL,https://www.bseindia.com/indices/IndexArchiveData/,2026-07-17T15:24:01,BSE_PRICE_INDEX
BSE_SMALLCAP,BSE SmallCap,2025-02-21,45856.00,,BSE_INDIA_OFFICIAL,https://www.bseindia.com/indices/IndexArchiveData/,2026-07-17T15:24:01,BSE_PRICE_INDEX
BSE_SMALLCAP,BSE SmallCap,2025-02-24,45254.06,,BSE_INDIA_OFFICIAL,https://www.bseindia.com/indices/IndexArchiveData/,2026-07-17T15:24:01,BSE_PRICE_INDEX
BSE_SMALLCAP,BSE SmallCap,2025-02-25,45052.21,,BSE_INDIA_OFFICIAL,https://www.bseindia.com/indices/IndexArchiveData/,2026-07-17T15:24:01,BSE_PRICE_INDEX
BSE_SMALLCAP,BSE SmallCap,2025-02-27,44111.64,,BSE_INDIA_OFFICIAL,https://www.bseindia.com/indices/IndexArchiveData/,2026-07-17T15:24:01,BSE_PRICE_INDEX
BSE_SMALLCAP,BSE SmallCap,2025-02-28,43082.90,,BSE_INDIA_OFFICIAL,https://www.bseindia.com/indices/IndexArchiveData/,2026-07-17T15:24:01,BSE_PRICE_INDEX
BSE_SMALLCAP,BSE SmallCap,2025-03-03,42779.71,,BSE_INDIA_OFFICIAL,https://www.bseindia.com/indices/IndexArchiveData/,2026-07-17T15:24:01,BSE_PRICE_INDEX
BSE_SMALLCAP,BSE SmallCap,2025-03-04,43325.88,,BSE_INDIA_OFFICIAL,https://www.bseindia.com/indices/IndexArchiveData/,2026-07-17T15:24:01,BSE_PRICE_INDEX
BSE_SMALLCAP,BSE SmallCap,2025-03-05,44538.20,,BSE_INDIA_OFFICIAL,https://www.bseindia.com/indices/IndexArchiveData/,2026-07-17T15:24:01,BSE_PRICE_INDEX
BSE_SMALLCAP,BSE SmallCap,2025-03-06,45265.29,,BSE_INDIA_OFFICIAL,https://www.bseindia.com/indices/IndexArchiveData/,2026-07-17T15:24:01,BSE_PRICE_INDEX
BSE_SMALLCAP,BSE SmallCap,2025-03-07,45606.86,,BSE_INDIA_OFFICIAL,https://www.bseindia.com/indices/IndexArchiveData/,2026-07-17T15:24:01,BSE_PRICE_INDEX
BSE_SMALLCAP,BSE SmallCap,2025-03-10,44644.98,,BSE_INDIA_OFFICIAL,https://www.bseindia.com/indices/IndexArchiveData/,2026-07-17T15:24:01,BSE_PRICE_INDEX
BSE_SMALLCAP,BSE SmallCap,2025-03-11,44330.32,,BSE_INDIA_OFFICIAL,https://www.bseindia.com/indices/IndexArchiveData/,2026-07-17T15:24:01,BSE_PRICE_INDEX
BSE_SMALLCAP,BSE SmallCap,2025-03-12,44117.81,,BSE_INDIA_OFFICIAL,https://www.bseindia.com/indices/IndexArchiveData/,2026-07-17T15:24:01,BSE_PRICE_INDEX
BSE_SMALLCAP,BSE SmallCap,2025-03-13,43844.98,,BSE_INDIA_OFFICIAL,https://www.bseindia.com/indices/IndexArchiveData/,2026-07-17T15:24:01,BSE_PRICE_INDEX
BSE_SMALLCAP,BSE SmallCap,2025-03-17,43834.27,,BSE_INDIA_OFFICIAL,https://www.bseindia.com/indices/IndexArchiveData/,2026-07-17T15:24:01,BSE_PRICE_INDEX
BSE_SMALLCAP,BSE SmallCap,2025-03-18,45031.45,,BSE_INDIA_OFFICIAL,https://www.bseindia.com/indices/IndexArchiveData/,2026-07-17T15:24:01,BSE_PRICE_INDEX
BSE_SMALLCAP,BSE SmallCap,2025-03-19,46009.89,,BSE_INDIA_OFFICIAL,https://www.bseindia.com/indices/IndexArchiveData/,2026-07-17T15:24:01,BSE_PRICE_INDEX
BSE_SMALLCAP,BSE SmallCap,2025-03-20,46344.59,,BSE_INDIA_OFFICIAL,https://www.bseindia.com/indices/IndexArchiveData/,2026-07-17T15:24:01,BSE_PRICE_INDEX
BSE_SMALLCAP,BSE SmallCap,2025-03-21,47296.81,,BSE_INDIA_OFFICIAL,https://www.bseindia.com/indices/IndexArchiveData/,2026-07-17T15:24:01,BSE_PRICE_INDEX
BSE_SMALLCAP,BSE SmallCap,2025-03-24,47851.52,,BSE_INDIA_OFFICIAL,https://www.bseindia.com/indices/IndexArchiveData/,2026-07-17T15:24:01,BSE_PRICE_INDEX
BSE_SMALLCAP,BSE SmallCap,2025-03-25,47070.40,,BSE_INDIA_OFFICIAL,https://www.bseindia.com/indices/IndexArchiveData/,2026-07-17T15:24:01,BSE_PRICE_INDEX
BSE_SMALLCAP,BSE SmallCap,2025-03-26,46385.70,,BSE_INDIA_OFFICIAL,https://www.bseindia.com/indices/IndexArchiveData/,2026-07-17T15:24:01,BSE_PRICE_INDEX
BSE_SMALLCAP,BSE SmallCap,2025-03-27,46803.65,,BSE_INDIA_OFFICIAL,https://www.bseindia.com/indices/IndexArchiveData/,2026-07-17T15:24:01,BSE_PRICE_INDEX
BSE_SMALLCAP,BSE SmallCap,2025-03-28,46638.13,,BSE_INDIA_OFFICIAL,https://www.bseindia.com/indices/IndexArchiveData/,2026-07-17T15:24:01,BSE_PRICE_INDEX
BSE_SMALLCAP,BSE SmallCap,2025-04-01,46671.93,,BSE_INDIA_OFFICIAL,https://www.bseindia.com/indices/IndexArchiveData/,2026-07-17T15:24:01,BSE_PRICE_INDEX
BSE_SMALLCAP,BSE SmallCap,2025-04-02,47136.15,,BSE_INDIA_OFFICIAL,https://www.bseindia.com/indices/IndexArchiveData/,2026-07-17T15:24:01,BSE_PRICE_INDEX
BSE_SMALLCAP,BSE SmallCap,2025-04-03,47494.11,,BSE_INDIA_OFFICIAL,https://www.bseindia.com/indices/IndexArchiveData/,2026-07-17T15:24:01,BSE_PRICE_INDEX
BSE_SMALLCAP,BSE SmallCap,2025-04-04,45867.17,,BSE_INDIA_OFFICIAL,https://www.bseindia.com/indices/IndexArchiveData/,2026-07-17T15:24:01,BSE_PRICE_INDEX
BSE_SMALLCAP,BSE SmallCap,2025-04-07,43974.36,,BSE_INDIA_OFFICIAL,https://www.bseindia.com/indices/IndexArchiveData/,2026-07-17T15:24:01,BSE_PRICE_INDEX
BSE_SMALLCAP,BSE SmallCap,2025-04-08,44932.42,,BSE_INDIA_OFFICIAL,https://www.bseindia.com/indices/IndexArchiveData/,2026-07-17T15:24:01,BSE_PRICE_INDEX
BSE_SMALLCAP,BSE SmallCap,2025-04-09,44446.07,,BSE_INDIA_OFFICIAL,https://www.bseindia.com/indices/IndexArchiveData/,2026-07-17T15:24:01,BSE_PRICE_INDEX
BSE_SMALLCAP,BSE SmallCap,2025-04-11,45798.35,,BSE_INDIA_OFFICIAL,https://www.bseindia.com/indices/IndexArchiveData/,2026-07-17T15:24:01,BSE_PRICE_INDEX
BSE_SMALLCAP,BSE SmallCap,2025-04-15,47269.83,,BSE_INDIA_OFFICIAL,https://www.bseindia.com/indices/IndexArchiveData/,2026-07-17T15:24:01,BSE_PRICE_INDEX
BSE_SMALLCAP,BSE SmallCap,2025-04-16,47698.35,,BSE_INDIA_OFFICIAL,https://www.bseindia.com/indices/IndexArchiveData/,2026-07-17T15:24:01,BSE_PRICE_INDEX
BSE_SMALLCAP,BSE SmallCap,2025-04-17,47946.66,,BSE_INDIA_OFFICIAL,https://www.bseindia.com/indices/IndexArchiveData/,2026-07-17T15:24:01,BSE_PRICE_INDEX
BSE_SMALLCAP,BSE SmallCap,2025-04-21,48745.42,,BSE_INDIA_OFFICIAL,https://www.bseindia.com/indices/IndexArchiveData/,2026-07-17T15:24:01,BSE_PRICE_INDEX
BSE_SMALLCAP,BSE SmallCap,2025-04-22,49143.12,,BSE_INDIA_OFFICIAL,https://www.bseindia.com/indices/IndexArchiveData/,2026-07-17T15:24:01,BSE_PRICE_INDEX
BSE_SMALLCAP,BSE SmallCap,2025-04-23,49272.64,,BSE_INDIA_OFFICIAL,https://www.bseindia.com/indices/IndexArchiveData/,2026-07-17T15:24:01,BSE_PRICE_INDEX
BSE_SMALLCAP,BSE SmallCap,2025-04-24,49267.43,,BSE_INDIA_OFFICIAL,https://www.bseindia.com/indices/IndexArchiveData/,2026-07-17T15:24:01,BSE_PRICE_INDEX
BSE_SMALLCAP,BSE SmallCap,2025-04-25,48005.62,,BSE_INDIA_OFFICIAL,https://www.bseindia.com/indices/IndexArchiveData/,2026-07-17T15:24:01,BSE_PRICE_INDEX
BSE_SMALLCAP,BSE SmallCap,2025-04-28,48193.46,,BSE_INDIA_OFFICIAL,https://www.bseindia.com/indices/IndexArchiveData/,2026-07-17T15:24:01,BSE_PRICE_INDEX
BSE_SMALLCAP,BSE SmallCap,2025-04-29,48238.69,,BSE_INDIA_OFFICIAL,https://www.bseindia.com/indices/IndexArchiveData/,2026-07-17T15:24:01,BSE_PRICE_INDEX
BSE_SMALLCAP,BSE SmallCap,2025-04-30,47400.31,,BSE_INDIA_OFFICIAL,https://www.bseindia.com/indices/IndexArchiveData/,2026-07-17T15:24:01,BSE_PRICE_INDEX
BSE_SMALLCAP,BSE SmallCap,2025-05-02,47365.54,,BSE_INDIA_OFFICIAL,https://www.bseindia.com/indices/IndexArchiveData/,2026-07-17T15:24:01,BSE_PRICE_INDEX
BSE_SMALLCAP,BSE SmallCap,2025-05-05,47949.78,,BSE_INDIA_OFFICIAL,https://www.bseindia.com/indices/IndexArchiveData/,2026-07-17T15:24:01,BSE_PRICE_INDEX
BSE_SMALLCAP,BSE SmallCap,2025-05-06,46834.91,,BSE_INDIA_OFFICIAL,https://www.bseindia.com/indices/IndexArchiveData/,2026-07-17T15:24:01,BSE_PRICE_INDEX
BSE_SMALLCAP,BSE SmallCap,2025-05-07,47377.90,,BSE_INDIA_OFFICIAL,https://www.bseindia.com/indices/IndexArchiveData/,2026-07-17T15:24:01,BSE_PRICE_INDEX
BSE_SMALLCAP,BSE SmallCap,2025-05-08,46882.73,,BSE_INDIA_OFFICIAL,https://www.bseindia.com/indices/IndexArchiveData/,2026-07-17T15:24:01,BSE_PRICE_INDEX
BSE_SMALLCAP,BSE SmallCap,2025-05-09,46741.95,,BSE_INDIA_OFFICIAL,https://www.bseindia.com/indices/IndexArchiveData/,2026-07-17T15:24:01,BSE_PRICE_INDEX
BSE_SMALLCAP,BSE SmallCap,2025-05-12,48693.75,,BSE_INDIA_OFFICIAL,https://www.bseindia.com/indices/IndexArchiveData/,2026-07-17T15:24:01,BSE_PRICE_INDEX
BSE_SMALLCAP,BSE SmallCap,2025-05-13,49176.68,,BSE_INDIA_OFFICIAL,https://www.bseindia.com/indices/IndexArchiveData/,2026-07-17T15:24:01,BSE_PRICE_INDEX
BSE_SMALLCAP,BSE SmallCap,2025-05-14,49978.95,,BSE_INDIA_OFFICIAL,https://www.bseindia.com/indices/IndexArchiveData/,2026-07-17T15:24:01,BSE_PRICE_INDEX
BSE_SMALLCAP,BSE SmallCap,2025-05-15,50450.47,,BSE_INDIA_OFFICIAL,https://www.bseindia.com/indices/IndexArchiveData/,2026-07-17T15:24:01,BSE_PRICE_INDEX
BSE_SMALLCAP,BSE SmallCap,2025-05-16,51045.74,,BSE_INDIA_OFFICIAL,https://www.bseindia.com/indices/IndexArchiveData/,2026-07-17T15:24:01,BSE_PRICE_INDEX
BSE_SMALLCAP,BSE SmallCap,2025-05-19,51429.95,,BSE_INDIA_OFFICIAL,https://www.bseindia.com/indices/IndexArchiveData/,2026-07-17T15:24:01,BSE_PRICE_INDEX
BSE_SMALLCAP,BSE SmallCap,2025-05-20,50938.03,,BSE_INDIA_OFFICIAL,https://www.bseindia.com/indices/IndexArchiveData/,2026-07-17T15:24:01,BSE_PRICE_INDEX
BSE_SMALLCAP,BSE SmallCap,2025-05-21,51200.19,,BSE_INDIA_OFFICIAL,https://www.bseindia.com/indices/IndexArchiveData/,2026-07-17T15:24:01,BSE_PRICE_INDEX
BSE_SMALLCAP,BSE SmallCap,2025-05-22,51289.32,,BSE_INDIA_OFFICIAL,https://www.bseindia.com/indices/IndexArchiveData/,2026-07-17T15:24:01,BSE_PRICE_INDEX
BSE_SMALLCAP,BSE SmallCap,2025-05-23,51521.42,,BSE_INDIA_OFFICIAL,https://www.bseindia.com/indices/IndexArchiveData/,2026-07-17T15:24:01,BSE_PRICE_INDEX
BSE_SMALLCAP,BSE SmallCap,2025-05-26,51766.72,,BSE_INDIA_OFFICIAL,https://www.bseindia.com/indices/IndexArchiveData/,2026-07-17T15:24:01,BSE_PRICE_INDEX
BSE_SMALLCAP,BSE SmallCap,2025-05-27,51865.29,,BSE_INDIA_OFFICIAL,https://www.bseindia.com/indices/IndexArchiveData/,2026-07-17T15:24:01,BSE_PRICE_INDEX
BSE_SMALLCAP,BSE SmallCap,2025-05-28,52122.64,,BSE_INDIA_OFFICIAL,https://www.bseindia.com/indices/IndexArchiveData/,2026-07-17T15:24:01,BSE_PRICE_INDEX
BSE_SMALLCAP,BSE SmallCap,2025-05-29,52325.75,,BSE_INDIA_OFFICIAL,https://www.bseindia.com/indices/IndexArchiveData/,2026-07-17T15:24:01,BSE_PRICE_INDEX
BSE_SMALLCAP,BSE SmallCap,2025-05-30,52413.25,,BSE_INDIA_OFFICIAL,https://www.bseindia.com/indices/IndexArchiveData/,2026-07-17T15:24:01,BSE_PRICE_INDEX
BSE_SMALLCAP,BSE SmallCap,2025-06-02,52599.94,,BSE_INDIA_OFFICIAL,https://www.bseindia.com/indices/IndexArchiveData/,2026-07-17T15:24:01,BSE_PRICE_INDEX
BSE_SMALLCAP,BSE SmallCap,2025-06-03,52563.44,,BSE_INDIA_OFFICIAL,https://www.bseindia.com/indices/IndexArchiveData/,2026-07-17T15:24:01,BSE_PRICE_INDEX
BSE_SMALLCAP,BSE SmallCap,2025-06-04,52868.85,,BSE_INDIA_OFFICIAL,https://www.bseindia.com/indices/IndexArchiveData/,2026-07-17T15:24:01,BSE_PRICE_INDEX
BSE_SMALLCAP,BSE SmallCap,2025-06-05,53210.44,,BSE_INDIA_OFFICIAL,https://www.bseindia.com/indices/IndexArchiveData/,2026-07-17T15:24:01,BSE_PRICE_INDEX
BSE_SMALLCAP,BSE SmallCap,2025-06-06,53440.26,,BSE_INDIA_OFFICIAL,https://www.bseindia.com/indices/IndexArchiveData/,2026-07-17T15:24:01,BSE_PRICE_INDEX
BSE_SMALLCAP,BSE SmallCap,2025-06-09,54074.88,,BSE_INDIA_OFFICIAL,https://www.bseindia.com/indices/IndexArchiveData/,2026-07-17T15:24:01,BSE_PRICE_INDEX
BSE_SMALLCAP,BSE SmallCap,2025-06-10,54250.81,,BSE_INDIA_OFFICIAL,https://www.bseindia.com/indices/IndexArchiveData/,2026-07-17T15:24:01,BSE_PRICE_INDEX
BSE_SMALLCAP,BSE SmallCap,2025-06-11,54281.27,,BSE_INDIA_OFFICIAL,https://www.bseindia.com/indices/IndexArchiveData/,2026-07-17T15:24:01,BSE_PRICE_INDEX
BSE_SMALLCAP,BSE SmallCap,2025-06-12,53531.47,,BSE_INDIA_OFFICIAL,https://www.bseindia.com/indices/IndexArchiveData/,2026-07-17T15:24:01,BSE_PRICE_INDEX
BSE_SMALLCAP,BSE SmallCap,2025-06-13,53370.29,,BSE_INDIA_OFFICIAL,https://www.bseindia.com/indices/IndexArchiveData/,2026-07-17T15:24:01,BSE_PRICE_INDEX
BSE_SMALLCAP,BSE SmallCap,2025-06-16,53573.31,,BSE_INDIA_OFFICIAL,https://www.bseindia.com/indices/IndexArchiveData/,2026-07-17T15:24:01,BSE_PRICE_INDEX
BSE_SMALLCAP,BSE SmallCap,2025-06-17,53212.80,,BSE_INDIA_OFFICIAL,https://www.bseindia.com/indices/IndexArchiveData/,2026-07-17T15:24:01,BSE_PRICE_INDEX
BSE_SMALLCAP,BSE SmallCap,2025-06-18,53033.80,,BSE_INDIA_OFFICIAL,https://www.bseindia.com/indices/IndexArchiveData/,2026-07-17T15:24:01,BSE_PRICE_INDEX
BSE_SMALLCAP,BSE SmallCap,2025-06-19,52093.75,,BSE_INDIA_OFFICIAL,https://www.bseindia.com/indices/IndexArchiveData/,2026-07-17T15:24:01,BSE_PRICE_INDEX
BSE_SMALLCAP,BSE SmallCap,2025-06-20,52378.52,,BSE_INDIA_OFFICIAL,https://www.bseindia.com/indices/IndexArchiveData/,2026-07-17T15:24:01,BSE_PRICE_INDEX
BSE_SMALLCAP,BSE SmallCap,2025-06-23,52678.74,,BSE_INDIA_OFFICIAL,https://www.bseindia.com/indices/IndexArchiveData/,2026-07-17T15:24:01,BSE_PRICE_INDEX
BSE_SMALLCAP,BSE SmallCap,2025-06-24,53053.00,,BSE_INDIA_OFFICIAL,https://www.bseindia.com/indices/IndexArchiveData/,2026-07-17T15:24:01,BSE_PRICE_INDEX
BSE_SMALLCAP,BSE SmallCap,2025-06-25,53897.25,,BSE_INDIA_OFFICIAL,https://www.bseindia.com/indices/IndexArchiveData/,2026-07-17T15:24:01,BSE_PRICE_INDEX
BSE_SMALLCAP,BSE SmallCap,2025-06-26,53960.57,,BSE_INDIA_OFFICIAL,https://www.bseindia.com/indices/IndexArchiveData/,2026-07-17T15:24:01,BSE_PRICE_INDEX
BSE_SMALLCAP,BSE SmallCap,2025-06-27,54249.40,,BSE_INDIA_OFFICIAL,https://www.bseindia.com/indices/IndexArchiveData/,2026-07-17T15:24:01,BSE_PRICE_INDEX
BSE_SMALLCAP,BSE SmallCap,2025-06-30,54690.91,,BSE_INDIA_OFFICIAL,https://www.bseindia.com/indices/IndexArchiveData/,2026-07-17T15:24:01,BSE_PRICE_INDEX
BSE_SMALLCAP,BSE SmallCap,2025-07-01,54594.65,,BSE_INDIA_OFFICIAL,https://www.bseindia.com/indices/IndexArchiveData/,2026-07-17T15:24:01,BSE_PRICE_INDEX
BSE_SMALLCAP,BSE SmallCap,2025-07-02,54483.92,,BSE_INDIA_OFFICIAL,https://www.bseindia.com/indices/IndexArchiveData/,2026-07-17T15:24:01,BSE_PRICE_INDEX
BSE_SMALLCAP,BSE SmallCap,2025-07-03,54738.17,,BSE_INDIA_OFFICIAL,https://www.bseindia.com/indices/IndexArchiveData/,2026-07-17T15:24:01,BSE_PRICE_INDEX
BSE_SMALLCAP,BSE SmallCap,2025-07-04,54830.34,,BSE_INDIA_OFFICIAL,https://www.bseindia.com/indices/IndexArchiveData/,2026-07-17T15:24:01,BSE_PRICE_INDEX
BSE_SMALLCAP,BSE SmallCap,2025-07-07,54651.08,,BSE_INDIA_OFFICIAL,https://www.bseindia.com/indices/IndexArchiveData/,2026-07-17T15:24:01,BSE_PRICE_INDEX
BSE_SMALLCAP,BSE SmallCap,2025-07-08,54558.85,,BSE_INDIA_OFFICIAL,https://www.bseindia.com/indices/IndexArchiveData/,2026-07-17T15:24:01,BSE_PRICE_INDEX
BSE_SMALLCAP,BSE SmallCap,2025-07-09,54805.20,,BSE_INDIA_OFFICIAL,https://www.bseindia.com/indices/IndexArchiveData/,2026-07-17T15:24:01,BSE_PRICE_INDEX
BSE_SMALLCAP,BSE SmallCap,2025-07-10,54868.69,,BSE_INDIA_OFFICIAL,https://www.bseindia.com/indices/IndexArchiveData/,2026-07-17T15:24:01,BSE_PRICE_INDEX
BSE_SMALLCAP,BSE SmallCap,2025-07-11,54484.76,,BSE_INDIA_OFFICIAL,https://www.bseindia.com/indices/IndexArchiveData/,2026-07-17T15:24:01,BSE_PRICE_INDEX
BSE_SMALLCAP,BSE SmallCap,2025-07-14,54796.82,,BSE_INDIA_OFFICIAL,https://www.bseindia.com/indices/IndexArchiveData/,2026-07-17T15:24:01,BSE_PRICE_INDEX
BSE_SMALLCAP,BSE SmallCap,2025-07-15,55318.46,,BSE_INDIA_OFFICIAL,https://www.bseindia.com/indices/IndexArchiveData/,2026-07-17T15:24:01,BSE_PRICE_INDEX
BSE_SMALLCAP,BSE SmallCap,2025-07-16,55475.40,,BSE_INDIA_OFFICIAL,https://www.bseindia.com/indices/IndexArchiveData/,2026-07-17T15:24:01,BSE_PRICE_INDEX
BSE_SMALLCAP,BSE SmallCap,2025-07-17,55639.62,,BSE_INDIA_OFFICIAL,https://www.bseindia.com/indices/IndexArchiveData/,2026-07-17T15:24:01,BSE_PRICE_INDEX
BSE_SMALLCAP,BSE SmallCap,2025-07-18,55285.44,,BSE_INDIA_OFFICIAL,https://www.bseindia.com/indices/IndexArchiveData/,2026-07-17T15:24:01,BSE_PRICE_INDEX
BSE_SMALLCAP,BSE SmallCap,2025-07-21,55281.00,,BSE_INDIA_OFFICIAL,https://www.bseindia.com/indices/IndexArchiveData/,2026-07-17T15:24:01,BSE_PRICE_INDEX
BSE_SMALLCAP,BSE SmallCap,2025-07-22,55186.44,,BSE_INDIA_OFFICIAL,https://www.bseindia.com/indices/IndexArchiveData/,2026-07-17T15:24:01,BSE_PRICE_INDEX
BSE_SMALLCAP,BSE SmallCap,2025-07-23,55214.90,,BSE_INDIA_OFFICIAL,https://www.bseindia.com/indices/IndexArchiveData/,2026-07-17T15:24:01,BSE_PRICE_INDEX
BSE_SMALLCAP,BSE SmallCap,2025-07-24,54940.00,,BSE_INDIA_OFFICIAL,https://www.bseindia.com/indices/IndexArchiveData/,2026-07-17T15:24:01,BSE_PRICE_INDEX
BSE_SMALLCAP,BSE SmallCap,2025-07-25,53906.46,,BSE_INDIA_OFFICIAL,https://www.bseindia.com/indices/IndexArchiveData/,2026-07-17T15:24:01,BSE_PRICE_INDEX
BSE_SMALLCAP,BSE SmallCap,2025-07-28,53202.37,,BSE_INDIA_OFFICIAL,https://www.bseindia.com/indices/IndexArchiveData/,2026-07-17T15:24:01,BSE_PRICE_INDEX
BSE_SMALLCAP,BSE SmallCap,2025-07-29,53790.12,,BSE_INDIA_OFFICIAL,https://www.bseindia.com/indices/IndexArchiveData/,2026-07-17T15:24:01,BSE_PRICE_INDEX
BSE_SMALLCAP,BSE SmallCap,2025-07-30,53881.48,,BSE_INDIA_OFFICIAL,https://www.bseindia.com/indices/IndexArchiveData/,2026-07-17T15:24:01,BSE_PRICE_INDEX
BSE_SMALLCAP,BSE SmallCap,2025-07-31,53425.29,,BSE_INDIA_OFFICIAL,https://www.bseindia.com/indices/IndexArchiveData/,2026-07-17T15:24:01,BSE_PRICE_INDEX
BSE_SMALLCAP,BSE SmallCap,2025-08-01,52575.33,,BSE_INDIA_OFFICIAL,https://www.bseindia.com/indices/IndexArchiveData/,2026-07-17T15:24:01,BSE_PRICE_INDEX
BSE_SMALLCAP,BSE SmallCap,2025-08-04,52972.30,,BSE_INDIA_OFFICIAL,https://www.bseindia.com/indices/IndexArchiveData/,2026-07-17T15:24:01,BSE_PRICE_INDEX
BSE_SMALLCAP,BSE SmallCap,2025-08-05,52831.41,,BSE_INDIA_OFFICIAL,https://www.bseindia.com/indices/IndexArchiveData/,2026-07-17T15:24:01,BSE_PRICE_INDEX
BSE_SMALLCAP,BSE SmallCap,2025-08-06,52228.00,,BSE_INDIA_OFFICIAL,https://www.bseindia.com/indices/IndexArchiveData/,2026-07-17T15:24:01,BSE_PRICE_INDEX
BSE_SMALLCAP,BSE SmallCap,2025-08-07,52136.33,,BSE_INDIA_OFFICIAL,https://www.bseindia.com/indices/IndexArchiveData/,2026-07-17T15:24:01,BSE_PRICE_INDEX
BSE_SMALLCAP,BSE SmallCap,2025-08-08,51596.97,,BSE_INDIA_OFFICIAL,https://www.bseindia.com/indices/IndexArchiveData/,2026-07-17T15:24:01,BSE_PRICE_INDEX
BSE_SMALLCAP,BSE SmallCap,2025-08-11,51775.98,,BSE_INDIA_OFFICIAL,https://www.bseindia.com/indices/IndexArchiveData/,2026-07-17T15:24:01,BSE_PRICE_INDEX
BSE_SMALLCAP,BSE SmallCap,2025-08-12,51796.74,,BSE_INDIA_OFFICIAL,https://www.bseindia.com/indices/IndexArchiveData/,2026-07-17T15:24:01,BSE_PRICE_INDEX
BSE_SMALLCAP,BSE SmallCap,2025-08-13,52095.84,,BSE_INDIA_OFFICIAL,https://www.bseindia.com/indices/IndexArchiveData/,2026-07-17T15:24:01,BSE_PRICE_INDEX
BSE_SMALLCAP,BSE SmallCap,2025-08-14,51788.88,,BSE_INDIA_OFFICIAL,https://www.bseindia.com/indices/IndexArchiveData/,2026-07-17T15:24:01,BSE_PRICE_INDEX
BSE_SMALLCAP,BSE SmallCap,2025-08-18,52510.54,,BSE_INDIA_OFFICIAL,https://www.bseindia.com/indices/IndexArchiveData/,2026-07-17T15:24:01,BSE_PRICE_INDEX
BSE_SMALLCAP,BSE SmallCap,2025-08-19,53021.43,,BSE_INDIA_OFFICIAL,https://www.bseindia.com/indices/IndexArchiveData/,2026-07-17T15:24:01,BSE_PRICE_INDEX
BSE_SMALLCAP,BSE SmallCap,2025-08-20,53180.53,,BSE_INDIA_OFFICIAL,https://www.bseindia.com/indices/IndexArchiveData/,2026-07-17T15:24:01,BSE_PRICE_INDEX
BSE_SMALLCAP,BSE SmallCap,2025-08-21,53186.03,,BSE_INDIA_OFFICIAL,https://www.bseindia.com/indices/IndexArchiveData/,2026-07-17T15:24:01,BSE_PRICE_INDEX
BSE_SMALLCAP,BSE SmallCap,2025-08-22,53002.32,,BSE_INDIA_OFFICIAL,https://www.bseindia.com/indices/IndexArchiveData/,2026-07-17T15:24:01,BSE_PRICE_INDEX
BSE_SMALLCAP,BSE SmallCap,2025-08-25,52989.34,,BSE_INDIA_OFFICIAL,https://www.bseindia.com/indices/IndexArchiveData/,2026-07-17T15:24:01,BSE_PRICE_INDEX
BSE_SMALLCAP,BSE SmallCap,2025-08-26,52097.59,,BSE_INDIA_OFFICIAL,https://www.bseindia.com/indices/IndexArchiveData/,2026-07-17T15:24:01,BSE_PRICE_INDEX
BSE_SMALLCAP,BSE SmallCap,2025-08-28,51599.51,,BSE_INDIA_OFFICIAL,https://www.bseindia.com/indices/IndexArchiveData/,2026-07-17T15:24:01,BSE_PRICE_INDEX
BSE_SMALLCAP,BSE SmallCap,2025-08-29,51449.23,,BSE_INDIA_OFFICIAL,https://www.bseindia.com/indices/IndexArchiveData/,2026-07-17T15:24:01,BSE_PRICE_INDEX
BSE_SMALLCAP,BSE SmallCap,2025-09-01,52216.64,,BSE_INDIA_OFFICIAL,https://www.bseindia.com/indices/IndexArchiveData/,2026-07-17T15:24:01,BSE_PRICE_INDEX
BSE_SMALLCAP,BSE SmallCap,2025-09-02,52552.74,,BSE_INDIA_OFFICIAL,https://www.bseindia.com/indices/IndexArchiveData/,2026-07-17T15:24:01,BSE_PRICE_INDEX
BSE_SMALLCAP,BSE SmallCap,2025-09-03,53024.60,,BSE_INDIA_OFFICIAL,https://www.bseindia.com/indices/IndexArchiveData/,2026-07-17T15:24:01,BSE_PRICE_INDEX
BSE_SMALLCAP,BSE SmallCap,2025-09-04,52706.43,,BSE_INDIA_OFFICIAL,https://www.bseindia.com/indices/IndexArchiveData/,2026-07-17T15:24:01,BSE_PRICE_INDEX
BSE_SMALLCAP,BSE SmallCap,2025-09-05,52752.31,,BSE_INDIA_OFFICIAL,https://www.bseindia.com/indices/IndexArchiveData/,2026-07-17T15:24:01,BSE_PRICE_INDEX
BSE_SMALLCAP,BSE SmallCap,2025-09-08,52910.63,,BSE_INDIA_OFFICIAL,https://www.bseindia.com/indices/IndexArchiveData/,2026-07-17T15:24:01,BSE_PRICE_INDEX
BSE_SMALLCAP,BSE SmallCap,2025-09-09,53025.58,,BSE_INDIA_OFFICIAL,https://www.bseindia.com/indices/IndexArchiveData/,2026-07-17T15:24:01,BSE_PRICE_INDEX
BSE_SMALLCAP,BSE SmallCap,2025-09-10,53406.26,,BSE_INDIA_OFFICIAL,https://www.bseindia.com/indices/IndexArchiveData/,2026-07-17T15:24:01,BSE_PRICE_INDEX
BSE_SMALLCAP,BSE SmallCap,2025-09-11,53402.38,,BSE_INDIA_OFFICIAL,https://www.bseindia.com/indices/IndexArchiveData/,2026-07-17T15:24:01,BSE_PRICE_INDEX
BSE_SMALLCAP,BSE SmallCap,2025-09-12,53548.49,,BSE_INDIA_OFFICIAL,https://www.bseindia.com/indices/IndexArchiveData/,2026-07-17T15:24:01,BSE_PRICE_INDEX
BSE_SMALLCAP,BSE SmallCap,2025-09-15,53903.19,,BSE_INDIA_OFFICIAL,https://www.bseindia.com/indices/IndexArchiveData/,2026-07-17T15:24:01,BSE_PRICE_INDEX
BSE_SMALLCAP,BSE SmallCap,2025-09-16,54260.04,,BSE_INDIA_OFFICIAL,https://www.bseindia.com/indices/IndexArchiveData/,2026-07-17T15:24:01,BSE_PRICE_INDEX
BSE_SMALLCAP,BSE SmallCap,2025-09-17,54537.03,,BSE_INDIA_OFFICIAL,https://www.bseindia.com/indices/IndexArchiveData/,2026-07-17T15:24:01,BSE_PRICE_INDEX
BSE_SMALLCAP,BSE SmallCap,2025-09-18,54532.75,,BSE_INDIA_OFFICIAL,https://www.bseindia.com/indices/IndexArchiveData/,2026-07-17T15:24:01,BSE_PRICE_INDEX
BSE_SMALLCAP,BSE SmallCap,2025-09-19,54622.04,,BSE_INDIA_OFFICIAL,https://www.bseindia.com/indices/IndexArchiveData/,2026-07-17T15:24:01,BSE_PRICE_INDEX
BSE_SMALLCAP,BSE SmallCap,2025-09-22,54233.63,,BSE_INDIA_OFFICIAL,https://www.bseindia.com/indices/IndexArchiveData/,2026-07-17T15:24:01,BSE_PRICE_INDEX
BSE_SMALLCAP,BSE SmallCap,2025-09-23,54043.70,,BSE_INDIA_OFFICIAL,https://www.bseindia.com/indices/IndexArchiveData/,2026-07-17T15:24:01,BSE_PRICE_INDEX
BSE_SMALLCAP,BSE SmallCap,2025-09-24,53774.07,,BSE_INDIA_OFFICIAL,https://www.bseindia.com/indices/IndexArchiveData/,2026-07-17T15:24:01,BSE_PRICE_INDEX
BSE_SMALLCAP,BSE SmallCap,2025-09-25,53372.88,,BSE_INDIA_OFFICIAL,https://www.bseindia.com/indices/IndexArchiveData/,2026-07-17T15:24:01,BSE_PRICE_INDEX
BSE_SMALLCAP,BSE SmallCap,2025-09-26,52281.34,,BSE_INDIA_OFFICIAL,https://www.bseindia.com/indices/IndexArchiveData/,2026-07-17T15:24:01,BSE_PRICE_INDEX
BSE_SMALLCAP,BSE SmallCap,2025-09-29,52195.01,,BSE_INDIA_OFFICIAL,https://www.bseindia.com/indices/IndexArchiveData/,2026-07-17T15:24:01,BSE_PRICE_INDEX
BSE_SMALLCAP,BSE SmallCap,2025-09-30,52195.09,,BSE_INDIA_OFFICIAL,https://www.bseindia.com/indices/IndexArchiveData/,2026-07-17T15:24:01,BSE_PRICE_INDEX
BSE_SMALLCAP,BSE SmallCap,2025-10-01,52798.21,,BSE_INDIA_OFFICIAL,https://www.bseindia.com/indices/IndexArchiveData/,2026-07-17T15:24:01,BSE_PRICE_INDEX
BSE_SMALLCAP,BSE SmallCap,2025-10-03,53374.98,,BSE_INDIA_OFFICIAL,https://www.bseindia.com/indices/IndexArchiveData/,2026-07-17T15:24:01,BSE_PRICE_INDEX
BSE_SMALLCAP,BSE SmallCap,2025-10-06,53270.61,,BSE_INDIA_OFFICIAL,https://www.bseindia.com/indices/IndexArchiveData/,2026-07-17T15:24:01,BSE_PRICE_INDEX
BSE_SMALLCAP,BSE SmallCap,2025-10-07,53190.30,,BSE_INDIA_OFFICIAL,https://www.bseindia.com/indices/IndexArchiveData/,2026-07-17T15:24:01,BSE_PRICE_INDEX
BSE_SMALLCAP,BSE SmallCap,2025-10-08,52966.61,,BSE_INDIA_OFFICIAL,https://www.bseindia.com/indices/IndexArchiveData/,2026-07-17T15:24:01,BSE_PRICE_INDEX
BSE_SMALLCAP,BSE SmallCap,2025-10-09,53064.43,,BSE_INDIA_OFFICIAL,https://www.bseindia.com/indices/IndexArchiveData/,2026-07-17T15:24:01,BSE_PRICE_INDEX
BSE_SMALLCAP,BSE SmallCap,2025-10-10,53378.57,,BSE_INDIA_OFFICIAL,https://www.bseindia.com/indices/IndexArchiveData/,2026-07-17T15:24:01,BSE_PRICE_INDEX
BSE_SMALLCAP,BSE SmallCap,2025-10-13,53147.38,,BSE_INDIA_OFFICIAL,https://www.bseindia.com/indices/IndexArchiveData/,2026-07-17T15:24:01,BSE_PRICE_INDEX
BSE_SMALLCAP,BSE SmallCap,2025-10-14,52643.72,,BSE_INDIA_OFFICIAL,https://www.bseindia.com/indices/IndexArchiveData/,2026-07-17T15:24:01,BSE_PRICE_INDEX
BSE_SMALLCAP,BSE SmallCap,2025-10-15,53055.18,,BSE_INDIA_OFFICIAL,https://www.bseindia.com/indices/IndexArchiveData/,2026-07-17T15:24:01,BSE_PRICE_INDEX
BSE_SMALLCAP,BSE SmallCap,2025-10-16,53303.72,,BSE_INDIA_OFFICIAL,https://www.bseindia.com/indices/IndexArchiveData/,2026-07-17T15:24:01,BSE_PRICE_INDEX
BSE_SMALLCAP,BSE SmallCap,2025-10-17,53040.96,,BSE_INDIA_OFFICIAL,https://www.bseindia.com/indices/IndexArchiveData/,2026-07-17T15:24:01,BSE_PRICE_INDEX
BSE_SMALLCAP,BSE SmallCap,2025-10-20,53356.04,,BSE_INDIA_OFFICIAL,https://www.bseindia.com/indices/IndexArchiveData/,2026-07-17T15:24:01,BSE_PRICE_INDEX
BSE_SMALLCAP,BSE SmallCap,2025-10-21,53842.85,,BSE_INDIA_OFFICIAL,https://www.bseindia.com/indices/IndexArchiveData/,2026-07-17T15:24:01,BSE_PRICE_INDEX
BSE_SMALLCAP,BSE SmallCap,2025-10-23,53616.71,,BSE_INDIA_OFFICIAL,https://www.bseindia.com/indices/IndexArchiveData/,2026-07-17T15:24:01,BSE_PRICE_INDEX
BSE_SMALLCAP,BSE SmallCap,2025-10-24,53516.80,,BSE_INDIA_OFFICIAL,https://www.bseindia.com/indices/IndexArchiveData/,2026-07-17T15:24:01,BSE_PRICE_INDEX
BSE_SMALLCAP,BSE SmallCap,2025-10-27,53788.82,,BSE_INDIA_OFFICIAL,https://www.bseindia.com/indices/IndexArchiveData/,2026-07-17T15:24:01,BSE_PRICE_INDEX
BSE_SMALLCAP,BSE SmallCap,2025-10-28,53819.76,,BSE_INDIA_OFFICIAL,https://www.bseindia.com/indices/IndexArchiveData/,2026-07-17T15:24:01,BSE_PRICE_INDEX
BSE_SMALLCAP,BSE SmallCap,2025-10-29,54122.30,,BSE_INDIA_OFFICIAL,https://www.bseindia.com/indices/IndexArchiveData/,2026-07-17T15:24:01,BSE_PRICE_INDEX
BSE_SMALLCAP,BSE SmallCap,2025-10-30,54092.25,,BSE_INDIA_OFFICIAL,https://www.bseindia.com/indices/IndexArchiveData/,2026-07-17T15:24:01,BSE_PRICE_INDEX
BSE_SMALLCAP,BSE SmallCap,2025-10-31,53876.14,,BSE_INDIA_OFFICIAL,https://www.bseindia.com/indices/IndexArchiveData/,2026-07-17T15:24:01,BSE_PRICE_INDEX
BSE_SMALLCAP,BSE SmallCap,2025-11-03,54257.98,,BSE_INDIA_OFFICIAL,https://www.bseindia.com/indices/IndexArchiveData/,2026-07-17T15:24:01,BSE_PRICE_INDEX
BSE_SMALLCAP,BSE SmallCap,2025-11-04,53882.11,,BSE_INDIA_OFFICIAL,https://www.bseindia.com/indices/IndexArchiveData/,2026-07-17T15:24:01,BSE_PRICE_INDEX
BSE_SMALLCAP,BSE SmallCap,2025-11-06,53057.27,,BSE_INDIA_OFFICIAL,https://www.bseindia.com/indices/IndexArchiveData/,2026-07-17T15:24:01,BSE_PRICE_INDEX
BSE_SMALLCAP,BSE SmallCap,2025-11-07,53052.16,,BSE_INDIA_OFFICIAL,https://www.bseindia.com/indices/IndexArchiveData/,2026-07-17T15:24:01,BSE_PRICE_INDEX
BSE_SMALLCAP,BSE SmallCap,2025-11-10,52901.03,,BSE_INDIA_OFFICIAL,https://www.bseindia.com/indices/IndexArchiveData/,2026-07-17T15:24:01,BSE_PRICE_INDEX
BSE_SMALLCAP,BSE SmallCap,2025-11-11,52853.27,,BSE_INDIA_OFFICIAL,https://www.bseindia.com/indices/IndexArchiveData/,2026-07-17T15:24:01,BSE_PRICE_INDEX
BSE_SMALLCAP,BSE SmallCap,2025-11-12,53255.82,,BSE_INDIA_OFFICIAL,https://www.bseindia.com/indices/IndexArchiveData/,2026-07-17T15:24:01,BSE_PRICE_INDEX
BSE_SMALLCAP,BSE SmallCap,2025-11-13,53096.27,,BSE_INDIA_OFFICIAL,https://www.bseindia.com/indices/IndexArchiveData/,2026-07-17T15:24:01,BSE_PRICE_INDEX
BSE_SMALLCAP,BSE SmallCap,2025-11-14,53130.68,,BSE_INDIA_OFFICIAL,https://www.bseindia.com/indices/IndexArchiveData/,2026-07-17T15:24:01,BSE_PRICE_INDEX
BSE_SMALLCAP,BSE SmallCap,2025-11-17,53443.23,,BSE_INDIA_OFFICIAL,https://www.bseindia.com/indices/IndexArchiveData/,2026-07-17T15:24:01,BSE_PRICE_INDEX
BSE_SMALLCAP,BSE SmallCap,2025-11-18,52988.45,,BSE_INDIA_OFFICIAL,https://www.bseindia.com/indices/IndexArchiveData/,2026-07-17T15:24:01,BSE_PRICE_INDEX
BSE_SMALLCAP,BSE SmallCap,2025-11-19,52784.25,,BSE_INDIA_OFFICIAL,https://www.bseindia.com/indices/IndexArchiveData/,2026-07-17T15:24:01,BSE_PRICE_INDEX
BSE_SMALLCAP,BSE SmallCap,2025-11-20,52695.39,,BSE_INDIA_OFFICIAL,https://www.bseindia.com/indices/IndexArchiveData/,2026-07-17T15:24:01,BSE_PRICE_INDEX
BSE_SMALLCAP,BSE SmallCap,2025-11-21,52011.66,,BSE_INDIA_OFFICIAL,https://www.bseindia.com/indices/IndexArchiveData/,2026-07-17T15:24:01,BSE_PRICE_INDEX
BSE_SMALLCAP,BSE SmallCap,2025-11-24,51579.23,,BSE_INDIA_OFFICIAL,https://www.bseindia.com/indices/IndexArchiveData/,2026-07-17T15:24:01,BSE_PRICE_INDEX
BSE_SMALLCAP,BSE SmallCap,2025-11-25,51684.53,,BSE_INDIA_OFFICIAL,https://www.bseindia.com/indices/IndexArchiveData/,2026-07-17T15:24:01,BSE_PRICE_INDEX
BSE_SMALLCAP,BSE SmallCap,2025-11-26,52322.61,,BSE_INDIA_OFFICIAL,https://www.bseindia.com/indices/IndexArchiveData/,2026-07-17T15:24:01,BSE_PRICE_INDEX
BSE_SMALLCAP,BSE SmallCap,2025-11-27,52121.55,,BSE_INDIA_OFFICIAL,https://www.bseindia.com/indices/IndexArchiveData/,2026-07-17T15:24:01,BSE_PRICE_INDEX
BSE_SMALLCAP,BSE SmallCap,2025-11-28,52053.71,,BSE_INDIA_OFFICIAL,https://www.bseindia.com/indices/IndexArchiveData/,2026-07-17T15:24:01,BSE_PRICE_INDEX
BSE_SMALLCAP,BSE SmallCap,2025-12-01,52079.91,,BSE_INDIA_OFFICIAL,https://www.bseindia.com/indices/IndexArchiveData/,2026-07-17T15:24:01,BSE_PRICE_INDEX
BSE_SMALLCAP,BSE SmallCap,2025-12-02,51822.47,,BSE_INDIA_OFFICIAL,https://www.bseindia.com/indices/IndexArchiveData/,2026-07-17T15:24:01,BSE_PRICE_INDEX
BSE_SMALLCAP,BSE SmallCap,2025-12-03,51602.10,,BSE_INDIA_OFFICIAL,https://www.bseindia.com/indices/IndexArchiveData/,2026-07-17T15:24:01,BSE_PRICE_INDEX
BSE_SMALLCAP,BSE SmallCap,2025-12-04,51438.90,,BSE_INDIA_OFFICIAL,https://www.bseindia.com/indices/IndexArchiveData/,2026-07-17T15:24:01,BSE_PRICE_INDEX
BSE_SMALLCAP,BSE SmallCap,2025-12-05,51093.23,,BSE_INDIA_OFFICIAL,https://www.bseindia.com/indices/IndexArchiveData/,2026-07-17T15:24:01,BSE_PRICE_INDEX
BSE_SMALLCAP,BSE SmallCap,2025-12-08,49967.14,,BSE_INDIA_OFFICIAL,https://www.bseindia.com/indices/IndexArchiveData/,2026-07-17T15:24:01,BSE_PRICE_INDEX
BSE_SMALLCAP,BSE SmallCap,2025-12-09,50601.41,,BSE_INDIA_OFFICIAL,https://www.bseindia.com/indices/IndexArchiveData/,2026-07-17T15:24:01,BSE_PRICE_INDEX
BSE_SMALLCAP,BSE SmallCap,2025-12-10,50305.70,,BSE_INDIA_OFFICIAL,https://www.bseindia.com/indices/IndexArchiveData/,2026-07-17T15:24:01,BSE_PRICE_INDEX
BSE_SMALLCAP,BSE SmallCap,2025-12-11,50563.33,,BSE_INDIA_OFFICIAL,https://www.bseindia.com/indices/IndexArchiveData/,2026-07-17T15:24:01,BSE_PRICE_INDEX
BSE_SMALLCAP,BSE SmallCap,2025-12-12,50890.67,,BSE_INDIA_OFFICIAL,https://www.bseindia.com/indices/IndexArchiveData/,2026-07-17T15:24:01,BSE_PRICE_INDEX
BSE_SMALLCAP,BSE SmallCap,2025-12-15,51096.88,,BSE_INDIA_OFFICIAL,https://www.bseindia.com/indices/IndexArchiveData/,2026-07-17T15:24:01,BSE_PRICE_INDEX
BSE_SMALLCAP,BSE SmallCap,2025-12-16,50744.41,,BSE_INDIA_OFFICIAL,https://www.bseindia.com/indices/IndexArchiveData/,2026-07-17T15:24:01,BSE_PRICE_INDEX
BSE_SMALLCAP,BSE SmallCap,2025-12-17,50313.35,,BSE_INDIA_OFFICIAL,https://www.bseindia.com/indices/IndexArchiveData/,2026-07-17T15:24:01,BSE_PRICE_INDEX
BSE_SMALLCAP,BSE SmallCap,2025-12-18,50172.10,,BSE_INDIA_OFFICIAL,https://www.bseindia.com/indices/IndexArchiveData/,2026-07-17T15:24:01,BSE_PRICE_INDEX
BSE_SMALLCAP,BSE SmallCap,2025-12-19,50800.77,,BSE_INDIA_OFFICIAL,https://www.bseindia.com/indices/IndexArchiveData/,2026-07-17T15:24:01,BSE_PRICE_INDEX
BSE_SMALLCAP,BSE SmallCap,2025-12-22,51371.61,,BSE_INDIA_OFFICIAL,https://www.bseindia.com/indices/IndexArchiveData/,2026-07-17T15:24:01,BSE_PRICE_INDEX
BSE_SMALLCAP,BSE SmallCap,2025-12-23,51566.74,,BSE_INDIA_OFFICIAL,https://www.bseindia.com/indices/IndexArchiveData/,2026-07-17T15:24:01,BSE_PRICE_INDEX
BSE_SMALLCAP,BSE SmallCap,2025-12-24,51493.62,,BSE_INDIA_OFFICIAL,https://www.bseindia.com/indices/IndexArchiveData/,2026-07-17T15:24:01,BSE_PRICE_INDEX
BSE_SMALLCAP,BSE SmallCap,2025-12-26,51318.68,,BSE_INDIA_OFFICIAL,https://www.bseindia.com/indices/IndexArchiveData/,2026-07-17T15:24:01,BSE_PRICE_INDEX
BSE_SMALLCAP,BSE SmallCap,2025-12-29,51022.09,,BSE_INDIA_OFFICIAL,https://www.bseindia.com/indices/IndexArchiveData/,2026-07-17T15:24:01,BSE_PRICE_INDEX
BSE_SMALLCAP,BSE SmallCap,2025-12-30,50921.28,,BSE_INDIA_OFFICIAL,https://www.bseindia.com/indices/IndexArchiveData/,2026-07-17T15:24:01,BSE_PRICE_INDEX
BSE_SMALLCAP,BSE SmallCap,2025-12-31,51525.46,,BSE_INDIA_OFFICIAL,https://www.bseindia.com/indices/IndexArchiveData/,2026-07-17T15:24:01,BSE_PRICE_INDEX
BSE_SMALLCAP,BSE SmallCap,2026-01-01,51515.35,,BSE_INDIA_OFFICIAL,https://www.bseindia.com/indices/IndexArchiveData/,2026-07-17T15:24:01,BSE_PRICE_INDEX
BSE_SMALLCAP,BSE SmallCap,2026-01-02,51920.13,,BSE_INDIA_OFFICIAL,https://www.bseindia.com/indices/IndexArchiveData/,2026-07-17T15:24:01,BSE_PRICE_INDEX
BSE_SMALLCAP,BSE SmallCap,2026-01-05,51954.77,,BSE_INDIA_OFFICIAL,https://www.bseindia.com/indices/IndexArchiveData/,2026-07-17T15:24:01,BSE_PRICE_INDEX
BSE_SMALLCAP,BSE SmallCap,2026-01-06,51753.28,,BSE_INDIA_OFFICIAL,https://www.bseindia.com/indices/IndexArchiveData/,2026-07-17T15:24:01,BSE_PRICE_INDEX
BSE_SMALLCAP,BSE SmallCap,2026-01-07,51816.79,,BSE_INDIA_OFFICIAL,https://www.bseindia.com/indices/IndexArchiveData/,2026-07-17T15:24:01,BSE_PRICE_INDEX
BSE_SMALLCAP,BSE SmallCap,2026-01-08,50794.13,,BSE_INDIA_OFFICIAL,https://www.bseindia.com/indices/IndexArchiveData/,2026-07-17T15:24:01,BSE_PRICE_INDEX
BSE_SMALLCAP,BSE SmallCap,2026-01-09,49912.11,,BSE_INDIA_OFFICIAL,https://www.bseindia.com/indices/IndexArchiveData/,2026-07-17T15:24:01,BSE_PRICE_INDEX
BSE_SMALLCAP,BSE SmallCap,2026-01-12,49573.75,,BSE_INDIA_OFFICIAL,https://www.bseindia.com/indices/IndexArchiveData/,2026-07-17T15:24:01,BSE_PRICE_INDEX
BSE_SMALLCAP,BSE SmallCap,2026-01-13,49800.87,,BSE_INDIA_OFFICIAL,https://www.bseindia.com/indices/IndexArchiveData/,2026-07-17T15:24:01,BSE_PRICE_INDEX
BSE_SMALLCAP,BSE SmallCap,2026-01-14,49927.33,,BSE_INDIA_OFFICIAL,https://www.bseindia.com/indices/IndexArchiveData/,2026-07-17T15:24:01,BSE_PRICE_INDEX
BSE_SMALLCAP,BSE SmallCap,2026-01-16,49701.91,,BSE_INDIA_OFFICIAL,https://www.bseindia.com/indices/IndexArchiveData/,2026-07-17T15:24:01,BSE_PRICE_INDEX
BSE_SMALLCAP,BSE SmallCap,2026-01-19,49063.32,,BSE_INDIA_OFFICIAL,https://www.bseindia.com/indices/IndexArchiveData/,2026-07-17T15:24:01,BSE_PRICE_INDEX
BSE_SMALLCAP,BSE SmallCap,2026-01-20,47719.07,,BSE_INDIA_OFFICIAL,https://www.bseindia.com/indices/IndexArchiveData/,2026-07-17T15:24:01,BSE_PRICE_INDEX
BSE_SMALLCAP,BSE SmallCap,2026-01-21,47338.99,,BSE_INDIA_OFFICIAL,https://www.bseindia.com/indices/IndexArchiveData/,2026-07-17T15:24:01,BSE_PRICE_INDEX
BSE_SMALLCAP,BSE SmallCap,2026-01-22,47876.05,,BSE_INDIA_OFFICIAL,https://www.bseindia.com/indices/IndexArchiveData/,2026-07-17T15:24:01,BSE_PRICE_INDEX
BSE_SMALLCAP,BSE SmallCap,2026-01-23,46825.31,,BSE_INDIA_OFFICIAL,https://www.bseindia.com/indices/IndexArchiveData/,2026-07-17T15:24:01,BSE_PRICE_INDEX
BSE_SMALLCAP,BSE SmallCap,2026-01-27,46877.48,,BSE_INDIA_OFFICIAL,https://www.bseindia.com/indices/IndexArchiveData/,2026-07-17T15:24:01,BSE_PRICE_INDEX
BSE_SMALLCAP,BSE SmallCap,2026-01-28,47844.30,,BSE_INDIA_OFFICIAL,https://www.bseindia.com/indices/IndexArchiveData/,2026-07-17T15:24:01,BSE_PRICE_INDEX
BSE_SMALLCAP,BSE SmallCap,2026-01-29,47749.58,,BSE_INDIA_OFFICIAL,https://www.bseindia.com/indices/IndexArchiveData/,2026-07-17T15:24:01,BSE_PRICE_INDEX
BSE_SMALLCAP,BSE SmallCap,2026-01-30,48284.40,,BSE_INDIA_OFFICIAL,https://www.bseindia.com/indices/IndexArchiveData/,2026-07-17T15:24:01,BSE_PRICE_INDEX
BSE_SMALLCAP,BSE SmallCap,2026-02-01,47428.31,,BSE_INDIA_OFFICIAL,https://www.bseindia.com/indices/IndexArchiveData/,2026-07-17T15:24:01,BSE_PRICE_INDEX
BSE_SMALLCAP,BSE SmallCap,2026-02-02,47531.53,,BSE_INDIA_OFFICIAL,https://www.bseindia.com/indices/IndexArchiveData/,2026-07-17T15:24:01,BSE_PRICE_INDEX
BSE_SMALLCAP,BSE SmallCap,2026-02-03,49155.75,,BSE_INDIA_OFFICIAL,https://www.bseindia.com/indices/IndexArchiveData/,2026-07-17T15:24:01,BSE_PRICE_INDEX
BSE_SMALLCAP,BSE SmallCap,2026-02-04,49621.19,,BSE_INDIA_OFFICIAL,https://www.bseindia.com/indices/IndexArchiveData/,2026-07-17T15:24:01,BSE_PRICE_INDEX
BSE_SMALLCAP,BSE SmallCap,2026-02-05,49103.41,,BSE_INDIA_OFFICIAL,https://www.bseindia.com/indices/IndexArchiveData/,2026-07-17T15:24:01,BSE_PRICE_INDEX
BSE_SMALLCAP,BSE SmallCap,2026-02-06,48882.53,,BSE_INDIA_OFFICIAL,https://www.bseindia.com/indices/IndexArchiveData/,2026-07-17T15:24:01,BSE_PRICE_INDEX
BSE_SMALLCAP,BSE SmallCap,2026-02-09,50112.05,,BSE_INDIA_OFFICIAL,https://www.bseindia.com/indices/IndexArchiveData/,2026-07-17T15:24:01,BSE_PRICE_INDEX
BSE_SMALLCAP,BSE SmallCap,2026-02-10,50470.28,,BSE_INDIA_OFFICIAL,https://www.bseindia.com/indices/IndexArchiveData/,2026-07-17T15:24:01,BSE_PRICE_INDEX
BSE_SMALLCAP,BSE SmallCap,2026-02-11,50388.95,,BSE_INDIA_OFFICIAL,https://www.bseindia.com/indices/IndexArchiveData/,2026-07-17T15:24:01,BSE_PRICE_INDEX
BSE_SMALLCAP,BSE SmallCap,2026-02-12,50069.48,,BSE_INDIA_OFFICIAL,https://www.bseindia.com/indices/IndexArchiveData/,2026-07-17T15:24:01,BSE_PRICE_INDEX
BSE_SMALLCAP,BSE SmallCap,2026-02-13,49279.43,,BSE_INDIA_OFFICIAL,https://www.bseindia.com/indices/IndexArchiveData/,2026-07-17T15:24:01,BSE_PRICE_INDEX
BSE_SMALLCAP,BSE SmallCap,2026-02-16,49081.32,,BSE_INDIA_OFFICIAL,https://www.bseindia.com/indices/IndexArchiveData/,2026-07-17T15:24:01,BSE_PRICE_INDEX
BSE_SMALLCAP,BSE SmallCap,2026-02-17,49484.02,,BSE_INDIA_OFFICIAL,https://www.bseindia.com/indices/IndexArchiveData/,2026-07-17T15:24:01,BSE_PRICE_INDEX
BSE_SMALLCAP,BSE SmallCap,2026-02-18,49719.82,,BSE_INDIA_OFFICIAL,https://www.bseindia.com/indices/IndexArchiveData/,2026-07-17T15:24:01,BSE_PRICE_INDEX
BSE_SMALLCAP,BSE SmallCap,2026-02-19,49107.71,,BSE_INDIA_OFFICIAL,https://www.bseindia.com/indices/IndexArchiveData/,2026-07-17T15:24:01,BSE_PRICE_INDEX
BSE_SMALLCAP,BSE SmallCap,2026-02-20,49051.20,,BSE_INDIA_OFFICIAL,https://www.bseindia.com/indices/IndexArchiveData/,2026-07-17T15:24:01,BSE_PRICE_INDEX
BSE_SMALLCAP,BSE SmallCap,2026-02-23,49152.52,,BSE_INDIA_OFFICIAL,https://www.bseindia.com/indices/IndexArchiveData/,2026-07-17T15:24:01,BSE_PRICE_INDEX
BSE_SMALLCAP,BSE SmallCap,2026-02-24,48708.77,,BSE_INDIA_OFFICIAL,https://www.bseindia.com/indices/IndexArchiveData/,2026-07-17T15:24:01,BSE_PRICE_INDEX
BSE_SMALLCAP,BSE SmallCap,2026-02-25,48858.09,,BSE_INDIA_OFFICIAL,https://www.bseindia.com/indices/IndexArchiveData/,2026-07-17T15:24:01,BSE_PRICE_INDEX
BSE_SMALLCAP,BSE SmallCap,2026-02-26,48942.56,,BSE_INDIA_OFFICIAL,https://www.bseindia.com/indices/IndexArchiveData/,2026-07-17T15:24:01,BSE_PRICE_INDEX
BSE_SMALLCAP,BSE SmallCap,2026-02-27,48504.65,,BSE_INDIA_OFFICIAL,https://www.bseindia.com/indices/IndexArchiveData/,2026-07-17T15:24:01,BSE_PRICE_INDEX
BSE_SMALLCAP,BSE SmallCap,2026-03-02,47520.99,,BSE_INDIA_OFFICIAL,https://www.bseindia.com/indices/IndexArchiveData/,2026-07-17T15:24:01,BSE_PRICE_INDEX
BSE_SMALLCAP,BSE SmallCap,2026-03-04,46421.11,,BSE_INDIA_OFFICIAL,https://www.bseindia.com/indices/IndexArchiveData/,2026-07-17T15:24:01,BSE_PRICE_INDEX
BSE_SMALLCAP,BSE SmallCap,2026-03-05,47003.76,,BSE_INDIA_OFFICIAL,https://www.bseindia.com/indices/IndexArchiveData/,2026-07-17T15:24:01,BSE_PRICE_INDEX
BSE_SMALLCAP,BSE SmallCap,2026-03-06,46881.73,,BSE_INDIA_OFFICIAL,https://www.bseindia.com/indices/IndexArchiveData/,2026-07-17T15:24:01,BSE_PRICE_INDEX
BSE_SMALLCAP,BSE SmallCap,2026-03-09,45780.92,,BSE_INDIA_OFFICIAL,https://www.bseindia.com/indices/IndexArchiveData/,2026-07-17T15:24:01,BSE_PRICE_INDEX
BSE_SMALLCAP,BSE SmallCap,2026-03-10,46783.78,,BSE_INDIA_OFFICIAL,https://www.bseindia.com/indices/IndexArchiveData/,2026-07-17T15:24:01,BSE_PRICE_INDEX
BSE_SMALLCAP,BSE SmallCap,2026-03-11,46624.03,,BSE_INDIA_OFFICIAL,https://www.bseindia.com/indices/IndexArchiveData/,2026-07-17T15:24:01,BSE_PRICE_INDEX
BSE_SMALLCAP,BSE SmallCap,2026-03-12,46465.54,,BSE_INDIA_OFFICIAL,https://www.bseindia.com/indices/IndexArchiveData/,2026-07-17T15:24:01,BSE_PRICE_INDEX
BSE_SMALLCAP,BSE SmallCap,2026-03-13,45165.46,,BSE_INDIA_OFFICIAL,https://www.bseindia.com/indices/IndexArchiveData/,2026-07-17T15:24:01,BSE_PRICE_INDEX
BSE_SMALLCAP,BSE SmallCap,2026-03-16,44970.31,,BSE_INDIA_OFFICIAL,https://www.bseindia.com/indices/IndexArchiveData/,2026-07-17T15:24:01,BSE_PRICE_INDEX
BSE_SMALLCAP,BSE SmallCap,2026-03-17,45299.65,,BSE_INDIA_OFFICIAL,https://www.bseindia.com/indices/IndexArchiveData/,2026-07-17T15:24:01,BSE_PRICE_INDEX
BSE_SMALLCAP,BSE SmallCap,2026-03-18,46237.84,,BSE_INDIA_OFFICIAL,https://www.bseindia.com/indices/IndexArchiveData/,2026-07-17T15:24:01,BSE_PRICE_INDEX
BSE_SMALLCAP,BSE SmallCap,2026-03-19,45051.39,,BSE_INDIA_OFFICIAL,https://www.bseindia.com/indices/IndexArchiveData/,2026-07-17T15:24:01,BSE_PRICE_INDEX
BSE_SMALLCAP,BSE SmallCap,2026-03-20,45224.97,,BSE_INDIA_OFFICIAL,https://www.bseindia.com/indices/IndexArchiveData/,2026-07-17T15:24:01,BSE_PRICE_INDEX
BSE_SMALLCAP,BSE SmallCap,2026-03-23,43378.54,,BSE_INDIA_OFFICIAL,https://www.bseindia.com/indices/IndexArchiveData/,2026-07-17T15:24:01,BSE_PRICE_INDEX
BSE_SMALLCAP,BSE SmallCap,2026-03-24,44429.54,,BSE_INDIA_OFFICIAL,https://www.bseindia.com/indices/IndexArchiveData/,2026-07-17T15:24:01,BSE_PRICE_INDEX
BSE_SMALLCAP,BSE SmallCap,2026-03-25,45452.47,,BSE_INDIA_OFFICIAL,https://www.bseindia.com/indices/IndexArchiveData/,2026-07-17T15:24:01,BSE_PRICE_INDEX
BSE_SMALLCAP,BSE SmallCap,2026-03-27,44430.19,,BSE_INDIA_OFFICIAL,https://www.bseindia.com/indices/IndexArchiveData/,2026-07-17T15:24:01,BSE_PRICE_INDEX
BSE_SMALLCAP,BSE SmallCap,2026-03-30,43218.12,,BSE_INDIA_OFFICIAL,https://www.bseindia.com/indices/IndexArchiveData/,2026-07-17T15:24:01,BSE_PRICE_INDEX
BSE_SMALLCAP,BSE SmallCap,2026-04-01,44961.88,,BSE_INDIA_OFFICIAL,https://www.bseindia.com/indices/IndexArchiveData/,2026-07-17T15:24:01,BSE_PRICE_INDEX
BSE_SMALLCAP,BSE SmallCap,2026-04-02,45087.07,,BSE_INDIA_OFFICIAL,https://www.bseindia.com/indices/IndexArchiveData/,2026-07-17T15:24:01,BSE_PRICE_INDEX
BSE_SMALLCAP,BSE SmallCap,2026-04-06,45647.78,,BSE_INDIA_OFFICIAL,https://www.bseindia.com/indices/IndexArchiveData/,2026-07-17T15:24:01,BSE_PRICE_INDEX
BSE_SMALLCAP,BSE SmallCap,2026-04-07,45740.63,,BSE_INDIA_OFFICIAL,https://www.bseindia.com/indices/IndexArchiveData/,2026-07-17T15:24:01,BSE_PRICE_INDEX
BSE_SMALLCAP,BSE SmallCap,2026-04-08,47532.74,,BSE_INDIA_OFFICIAL,https://www.bseindia.com/indices/IndexArchiveData/,2026-07-17T15:24:01,BSE_PRICE_INDEX
BSE_SMALLCAP,BSE SmallCap,2026-04-09,47597.69,,BSE_INDIA_OFFICIAL,https://www.bseindia.com/indices/IndexArchiveData/,2026-07-17T15:24:01,BSE_PRICE_INDEX
BSE_SMALLCAP,BSE SmallCap,2026-04-10,48444.55,,BSE_INDIA_OFFICIAL,https://www.bseindia.com/indices/IndexArchiveData/,2026-07-17T15:24:01,BSE_PRICE_INDEX
BSE_SMALLCAP,BSE SmallCap,2026-04-13,48336.89,,BSE_INDIA_OFFICIAL,https://www.bseindia.com/indices/IndexArchiveData/,2026-07-17T15:24:01,BSE_PRICE_INDEX
BSE_SMALLCAP,BSE SmallCap,2026-04-15,49572.49,,BSE_INDIA_OFFICIAL,https://www.bseindia.com/indices/IndexArchiveData/,2026-07-17T15:24:01,BSE_PRICE_INDEX
BSE_SMALLCAP,BSE SmallCap,2026-04-16,50095.49,,BSE_INDIA_OFFICIAL,https://www.bseindia.com/indices/IndexArchiveData/,2026-07-17T15:24:01,BSE_PRICE_INDEX
BSE_SMALLCAP,BSE SmallCap,2026-04-17,50799.21,,BSE_INDIA_OFFICIAL,https://www.bseindia.com/indices/IndexArchiveData/,2026-07-17T15:24:01,BSE_PRICE_INDEX
BSE_SMALLCAP,BSE SmallCap,2026-04-20,50629.78,,BSE_INDIA_OFFICIAL,https://www.bseindia.com/indices/IndexArchiveData/,2026-07-17T15:24:01,BSE_PRICE_INDEX
BSE_SMALLCAP,BSE SmallCap,2026-04-21,50984.20,,BSE_INDIA_OFFICIAL,https://www.bseindia.com/indices/IndexArchiveData/,2026-07-17T15:24:01,BSE_PRICE_INDEX
BSE_SMALLCAP,BSE SmallCap,2026-04-22,51479.86,,BSE_INDIA_OFFICIAL,https://www.bseindia.com/indices/IndexArchiveData/,2026-07-17T15:24:01,BSE_PRICE_INDEX
BSE_SMALLCAP,BSE SmallCap,2026-04-23,51306.25,,BSE_INDIA_OFFICIAL,https://www.bseindia.com/indices/IndexArchiveData/,2026-07-17T15:24:01,BSE_PRICE_INDEX
BSE_SMALLCAP,BSE SmallCap,2026-04-24,50665.49,,BSE_INDIA_OFFICIAL,https://www.bseindia.com/indices/IndexArchiveData/,2026-07-17T15:24:01,BSE_PRICE_INDEX
BSE_SMALLCAP,BSE SmallCap,2026-04-27,51729.90,,BSE_INDIA_OFFICIAL,https://www.bseindia.com/indices/IndexArchiveData/,2026-07-17T15:24:01,BSE_PRICE_INDEX
BSE_SMALLCAP,BSE SmallCap,2026-04-28,51745.29,,BSE_INDIA_OFFICIAL,https://www.bseindia.com/indices/IndexArchiveData/,2026-07-17T15:24:01,BSE_PRICE_INDEX
BSE_SMALLCAP,BSE SmallCap,2026-04-29,51912.93,,BSE_INDIA_OFFICIAL,https://www.bseindia.com/indices/IndexArchiveData/,2026-07-17T15:24:01,BSE_PRICE_INDEX
BSE_SMALLCAP,BSE SmallCap,2026-04-30,51692.70,,BSE_INDIA_OFFICIAL,https://www.bseindia.com/indices/IndexArchiveData/,2026-07-17T15:24:01,BSE_PRICE_INDEX
BSE_SMALLCAP,BSE SmallCap,2026-05-04,52279.06,,BSE_INDIA_OFFICIAL,https://www.bseindia.com/indices/IndexArchiveData/,2026-07-17T15:24:01,BSE_PRICE_INDEX
BSE_SMALLCAP,BSE SmallCap,2026-05-05,52356.02,,BSE_INDIA_OFFICIAL,https://www.bseindia.com/indices/IndexArchiveData/,2026-07-17T15:24:01,BSE_PRICE_INDEX
BSE_SMALLCAP,BSE SmallCap,2026-05-06,53278.60,,BSE_INDIA_OFFICIAL,https://www.bseindia.com/indices/IndexArchiveData/,2026-07-17T15:24:01,BSE_PRICE_INDEX
BSE_SMALLCAP,BSE SmallCap,2026-05-07,54015.27,,BSE_INDIA_OFFICIAL,https://www.bseindia.com/indices/IndexArchiveData/,2026-07-17T15:24:01,BSE_PRICE_INDEX
BSE_SMALLCAP,BSE SmallCap,2026-05-08,54082.10,,BSE_INDIA_OFFICIAL,https://www.bseindia.com/indices/IndexArchiveData/,2026-07-17T15:24:01,BSE_PRICE_INDEX
BSE_SMALLCAP,BSE SmallCap,2026-05-11,53511.64,,BSE_INDIA_OFFICIAL,https://www.bseindia.com/indices/IndexArchiveData/,2026-07-17T15:24:01,BSE_PRICE_INDEX
BSE_SMALLCAP,BSE SmallCap,2026-05-12,51882.77,,BSE_INDIA_OFFICIAL,https://www.bseindia.com/indices/IndexArchiveData/,2026-07-17T15:24:01,BSE_PRICE_INDEX
BSE_SMALLCAP,BSE SmallCap,2026-05-13,52149.41,,BSE_INDIA_OFFICIAL,https://www.bseindia.com/indices/IndexArchiveData/,2026-07-17T15:24:01,BSE_PRICE_INDEX
BSE_SMALLCAP,BSE SmallCap,2026-05-14,52303.11,,BSE_INDIA_OFFICIAL,https://www.bseindia.com/indices/IndexArchiveData/,2026-07-17T15:24:01,BSE_PRICE_INDEX
BSE_SMALLCAP,BSE SmallCap,2026-05-15,52138.31,,BSE_INDIA_OFFICIAL,https://www.bseindia.com/indices/IndexArchiveData/,2026-07-17T15:24:01,BSE_PRICE_INDEX
BSE_SMALLCAP,BSE SmallCap,2026-05-18,51374.31,,BSE_INDIA_OFFICIAL,https://www.bseindia.com/indices/IndexArchiveData/,2026-07-17T15:24:01,BSE_PRICE_INDEX
BSE_SMALLCAP,BSE SmallCap,2026-05-19,51862.26,,BSE_INDIA_OFFICIAL,https://www.bseindia.com/indices/IndexArchiveData/,2026-07-17T15:24:01,BSE_PRICE_INDEX
BSE_SMALLCAP,BSE SmallCap,2026-05-20,52050.87,,BSE_INDIA_OFFICIAL,https://www.bseindia.com/indices/IndexArchiveData/,2026-07-17T15:24:01,BSE_PRICE_INDEX
BSE_SMALLCAP,BSE SmallCap,2026-05-21,52448.17,,BSE_INDIA_OFFICIAL,https://www.bseindia.com/indices/IndexArchiveData/,2026-07-17T15:24:01,BSE_PRICE_INDEX
BSE_SMALLCAP,BSE SmallCap,2026-05-22,52400.26,,BSE_INDIA_OFFICIAL,https://www.bseindia.com/indices/IndexArchiveData/,2026-07-17T15:24:01,BSE_PRICE_INDEX
BSE_SMALLCAP,BSE SmallCap,2026-05-25,53095.80,,BSE_INDIA_OFFICIAL,https://www.bseindia.com/indices/IndexArchiveData/,2026-07-17T15:24:01,BSE_PRICE_INDEX
BSE_SMALLCAP,BSE SmallCap,2026-05-26,53275.17,,BSE_INDIA_OFFICIAL,https://www.bseindia.com/indices/IndexArchiveData/,2026-07-17T15:24:01,BSE_PRICE_INDEX
BSE_SMALLCAP,BSE SmallCap,2026-05-27,53417.74,,BSE_INDIA_OFFICIAL,https://www.bseindia.com/indices/IndexArchiveData/,2026-07-17T15:24:01,BSE_PRICE_INDEX
BSE_SMALLCAP,BSE SmallCap,2026-05-29,52980.52,,BSE_INDIA_OFFICIAL,https://www.bseindia.com/indices/IndexArchiveData/,2026-07-17T15:24:01,BSE_PRICE_INDEX
BSE_SMALLCAP,BSE SmallCap,2026-06-01,52506.64,,BSE_INDIA_OFFICIAL,https://www.bseindia.com/indices/IndexArchiveData/,2026-07-17T15:24:01,BSE_PRICE_INDEX
BSE_SMALLCAP,BSE SmallCap,2026-06-02,52905.16,,BSE_INDIA_OFFICIAL,https://www.bseindia.com/indices/IndexArchiveData/,2026-07-17T15:24:01,BSE_PRICE_INDEX
BSE_SMALLCAP,BSE SmallCap,2026-06-03,52968.92,,BSE_INDIA_OFFICIAL,https://www.bseindia.com/indices/IndexArchiveData/,2026-07-17T15:24:01,BSE_PRICE_INDEX
BSE_SMALLCAP,BSE SmallCap,2026-06-04,53374.53,,BSE_INDIA_OFFICIAL,https://www.bseindia.com/indices/IndexArchiveData/,2026-07-17T15:24:01,BSE_PRICE_INDEX
BSE_SMALLCAP,BSE SmallCap,2026-06-05,53342.71,,BSE_INDIA_OFFICIAL,https://www.bseindia.com/indices/IndexArchiveData/,2026-07-17T15:24:01,BSE_PRICE_INDEX
BSE_SMALLCAP,BSE SmallCap,2026-06-08,52372.98,,BSE_INDIA_OFFICIAL,https://www.bseindia.com/indices/IndexArchiveData/,2026-07-17T15:24:01,BSE_PRICE_INDEX
BSE_SMALLCAP,BSE SmallCap,2026-06-09,53204.41,,BSE_INDIA_OFFICIAL,https://www.bseindia.com/indices/IndexArchiveData/,2026-07-17T15:24:01,BSE_PRICE_INDEX
BSE_SMALLCAP,BSE SmallCap,2026-06-10,52538.14,,BSE_INDIA_OFFICIAL,https://www.bseindia.com/indices/IndexArchiveData/,2026-07-17T15:24:01,BSE_PRICE_INDEX
BSE_SMALLCAP,BSE SmallCap,2026-06-11,52086.55,,BSE_INDIA_OFFICIAL,https://www.bseindia.com/indices/IndexArchiveData/,2026-07-17T15:24:01,BSE_PRICE_INDEX
BSE_SMALLCAP,BSE SmallCap,2026-06-12,53553.66,,BSE_INDIA_OFFICIAL,https://www.bseindia.com/indices/IndexArchiveData/,2026-07-17T15:24:01,BSE_PRICE_INDEX
BSE_SMALLCAP,BSE SmallCap,2026-06-15,54335.02,,BSE_INDIA_OFFICIAL,https://www.bseindia.com/indices/IndexArchiveData/,2026-07-17T15:24:01,BSE_PRICE_INDEX
BSE_SMALLCAP,BSE SmallCap,2026-06-16,54623.78,,BSE_INDIA_OFFICIAL,https://www.bseindia.com/indices/IndexArchiveData/,2026-07-17T15:24:01,BSE_PRICE_INDEX
BSE_SMALLCAP,BSE SmallCap,2026-06-17,55006.80,,BSE_INDIA_OFFICIAL,https://www.bseindia.com/indices/IndexArchiveData/,2026-07-17T15:24:01,BSE_PRICE_INDEX
BSE_SMALLCAP,BSE SmallCap,2026-06-18,55344.99,,BSE_INDIA_OFFICIAL,https://www.bseindia.com/indices/IndexArchiveData/,2026-07-17T15:24:01,BSE_PRICE_INDEX
BSE_SMALLCAP,BSE SmallCap,2026-06-19,55721.61,,BSE_INDIA_OFFICIAL,https://www.bseindia.com/indices/IndexArchiveData/,2026-07-17T15:24:01,BSE_PRICE_INDEX
BSE_SMALLCAP,BSE SmallCap,2026-06-22,56189.85,,BSE_INDIA_OFFICIAL,https://www.bseindia.com/indices/IndexArchiveData/,2026-07-17T15:24:01,BSE_PRICE_INDEX
BSE_SMALLCAP,BSE SmallCap,2026-06-23,55777.60,,BSE_INDIA_OFFICIAL,https://www.bseindia.com/indices/IndexArchiveData/,2026-07-17T15:24:01,BSE_PRICE_INDEX
BSE_SMALLCAP,BSE SmallCap,2026-06-24,55870.05,,BSE_INDIA_OFFICIAL,https://www.bseindia.com/indices/IndexArchiveData/,2026-07-17T15:24:01,BSE_PRICE_INDEX
BSE_SMALLCAP,BSE SmallCap,2026-06-25,55587.46,,BSE_INDIA_OFFICIAL,https://www.bseindia.com/indices/IndexArchiveData/,2026-07-17T15:24:01,BSE_PRICE_INDEX
BSE_SMALLCAP,BSE SmallCap,2026-06-29,55403.92,,BSE_INDIA_OFFICIAL,https://www.bseindia.com/indices/IndexArchiveData/,2026-07-17T15:24:01,BSE_PRICE_INDEX
BSE_SMALLCAP,BSE SmallCap,2026-06-30,55793.95,,BSE_INDIA_OFFICIAL,https://www.bseindia.com/indices/IndexArchiveData/,2026-07-17T15:24:01,BSE_PRICE_INDEX
BSE_SMALLCAP,BSE SmallCap,2026-07-01,55977.29,,BSE_INDIA_OFFICIAL,https://www.bseindia.com/indices/IndexArchiveData/,2026-07-17T15:24:01,BSE_PRICE_INDEX
BSE_SMALLCAP,BSE SmallCap,2026-07-02,56478.75,,BSE_INDIA_OFFICIAL,https://www.bseindia.com/indices/IndexArchiveData/,2026-07-17T15:24:01,BSE_PRICE_INDEX
BSE_SMALLCAP,BSE SmallCap,2026-07-03,56426.84,,BSE_INDIA_OFFICIAL,https://www.bseindia.com/indices/IndexArchiveData/,2026-07-17T15:24:01,BSE_PRICE_INDEX
BSE_SMALLCAP,BSE SmallCap,2026-07-06,56536.93,,BSE_INDIA_OFFICIAL,https://www.bseindia.com/indices/IndexArchiveData/,2026-07-17T15:24:01,BSE_PRICE_INDEX
BSE_SMALLCAP,BSE SmallCap,2026-07-07,56036.26,,BSE_INDIA_OFFICIAL,https://www.bseindia.com/indices/IndexArchiveData/,2026-07-17T15:24:01,BSE_PRICE_INDEX
BSE_SMALLCAP,BSE SmallCap,2026-07-08,55027.82,,BSE_INDIA_OFFICIAL,https://www.bseindia.com/indices/IndexArchiveData/,2026-07-17T15:24:01,BSE_PRICE_INDEX
BSE_SMALLCAP,BSE SmallCap,2026-07-09,56000.10,,BSE_INDIA_OFFICIAL,https://www.bseindia.com/indices/IndexArchiveData/,2026-07-17T15:24:01,BSE_PRICE_INDEX
BSE_SMALLCAP,BSE SmallCap,2026-07-10,56676.05,,BSE_INDIA_OFFICIAL,https://www.bseindia.com/indices/IndexArchiveData/,2026-07-17T15:24:01,BSE_PRICE_INDEX
BSE_SMALLCAP,BSE SmallCap,2026-07-13,56834.89,,BSE_INDIA_OFFICIAL,https://www.bseindia.com/indices/IndexArchiveData/,2026-07-17T15:24:01,BSE_PRICE_INDEX
BSE_SMALLCAP,BSE SmallCap,2026-07-14,56286.56,,BSE_INDIA_OFFICIAL,https://www.bseindia.com/indices/IndexArchiveData/,2026-07-17T15:24:01,BSE_PRICE_INDEX
BSE_SMALLCAP,BSE SmallCap,2026-07-15,56658.24,,BSE_INDIA_OFFICIAL,https://www.bseindia.com/indices/IndexArchiveData/,2026-07-17T15:24:01,BSE_PRICE_INDEX
BSE_SMALLCAP,BSE SmallCap,2026-07-16,56595.50,,BSE_INDIA_OFFICIAL,https://www.bseindia.com/indices/IndexArchiveData/,2026-07-17T15:24:01,BSE_PRICE_INDEX
