security_id,isin,symbol,ex_date,record_date,payment_date,dividend_per_share,dividend_type,currency,raw_purpose,source,source_url,retrieved_at,data_quality_status
SEC001,INE885A01032,ARE&M,2012-08-03,,,3.78,DIVIDEND,INR,Annual General Meeting/Dividend Rs 3.78 Per Share,NSE_CORPORATE_ACTIONS,https://www.nseindia.com/companies-listing/corporate-filings-actions,2026-07-17T14:51:07,VERIFIED_AMOUNT_PARSED
SEC001,INE885A01032,ARE&M,2013-08-06,,,2.52,DIVIDEND,INR,Annual General Meeting And Dividend Rs.2.52 Per Share,NSE_CORPORATE_ACTIONS,https://www.nseindia.com/companies-listing/corporate-filings-actions,2026-07-17T14:51:07,VERIFIED_AMOUNT_PARSED
SEC001,INE885A01032,ARE&M,2014-07-30,,,3.23,DIVIDEND,INR,Annual General Meeting / Dividend - Rs 3.23/- Per Share,NSE_CORPORATE_ACTIONS,https://www.nseindia.com/companies-listing/corporate-filings-actions,2026-07-17T14:51:07,VERIFIED_AMOUNT_PARSED
SEC001,INE885A01032,ARE&M,2015-08-06,,,3.61,DIVIDEND,INR,Annual General Meeting/Dividend - Rs 3.61/- Per Share,NSE_CORPORATE_ACTIONS,https://www.nseindia.com/companies-listing/corporate-filings-actions,2026-07-17T14:51:07,VERIFIED_AMOUNT_PARSED
SEC001,INE885A01032,ARE&M,2016-03-22,2016-03-23,,4.25,INTERIM,INR, Interim Dividend - Rs 4.25/- Per Share (Purpose Revised),NSE_CORPORATE_ACTIONS,https://www.nseindia.com/companies-listing/corporate-filings-actions,2026-07-17T14:51:07,VERIFIED_AMOUNT_PARSED
SEC001,INE885A01032,ARE&M,2017-07-28,,,4.25,DIVIDEND,INR, Annual General Meeting/ Dividend - Rs 4.25 Per Share,NSE_CORPORATE_ACTIONS,https://www.nseindia.com/companies-listing/corporate-filings-actions,2026-07-17T14:51:07,VERIFIED_AMOUNT_PARSED
SEC001,INE885A01032,ARE&M,2017-11-20,2017-11-21,,2.0,INTERIM,INR, Interim Dividend Rs 2/- Per Share,NSE_CORPORATE_ACTIONS,https://www.nseindia.com/companies-listing/corporate-filings-actions,2026-07-17T14:51:07,VERIFIED_AMOUNT_PARSED
SEC001,INE885A01032,ARE&M,2018-08-02,,,2.15,DIVIDEND,INR, Annual General Meeting / Dividend- Rs 2.15 Per Share,NSE_CORPORATE_ACTIONS,https://www.nseindia.com/companies-listing/corporate-filings-actions,2026-07-17T14:51:07,VERIFIED_AMOUNT_PARSED
SEC001,INE885A01032,ARE&M,2018-11-20,2018-11-23,,2.0,INTERIM,INR, Interim Dividend - Rs 2 Per Share,NSE_CORPORATE_ACTIONS,https://www.nseindia.com/companies-listing/corporate-filings-actions,2026-07-17T14:51:07,VERIFIED_AMOUNT_PARSED
SEC001,INE885A01032,ARE&M,2019-07-11,,,5.08,DIVIDEND,INR, Annual General Meeting/Dividend - Rs 5.08 Per Share,NSE_CORPORATE_ACTIONS,https://www.nseindia.com/companies-listing/corporate-filings-actions,2026-07-17T14:51:07,VERIFIED_AMOUNT_PARSED
SEC001,INE885A01032,ARE&M,2019-11-21,2019-11-22,,6.0,INTERIM,INR, Interim Dividend - Rs 6 Per Share,NSE_CORPORATE_ACTIONS,https://www.nseindia.com/companies-listing/corporate-filings-actions,2026-07-17T14:51:07,VERIFIED_AMOUNT_PARSED
SEC001,INE885A01032,ARE&M,2020-03-19,2020-03-20,,5.0,INTERIM,INR, Interim Dividend - Rs 5 Per Share,NSE_CORPORATE_ACTIONS,https://www.nseindia.com/companies-listing/corporate-filings-actions,2026-07-17T14:51:07,VERIFIED_AMOUNT_PARSED
SEC001,INE885A01032,ARE&M,2021-02-25,2021-02-26,,5.0,INTERIM,INR, Interim Dividend - Rs 5 Per Share,NSE_CORPORATE_ACTIONS,https://www.nseindia.com/companies-listing/corporate-filings-actions,2026-07-17T14:51:07,VERIFIED_AMOUNT_PARSED
SEC001,INE885A01032,ARE&M,2021-07-29,,,6.0,DIVIDEND,INR, Annual General Meeting/Dividend - Rs 6 Per Share,NSE_CORPORATE_ACTIONS,https://www.nseindia.com/companies-listing/corporate-filings-actions,2026-07-17T14:51:07,VERIFIED_AMOUNT_PARSED
SEC001,INE885A01032,ARE&M,2021-11-24,2021-11-25,,4.0,INTERIM,INR, Interim Dividend - Rs 4 Per Share,NSE_CORPORATE_ACTIONS,https://www.nseindia.com/companies-listing/corporate-filings-actions,2026-07-17T14:51:07,VERIFIED_AMOUNT_PARSED
SEC001,INE885A01032,ARE&M,2022-07-28,,,0.5,DIVIDEND,INR,Annual General Meeting/Dividend - Rs 0.50 Per Share,NSE_CORPORATE_ACTIONS,https://www.nseindia.com/companies-listing/corporate-filings-actions,2026-07-17T14:51:07,VERIFIED_AMOUNT_PARSED
SEC001,INE885A01032,ARE&M,2022-11-15,2022-11-16,,2.9,INTERIM,INR,Interim Dividend - Rs  2.90 Per Share,NSE_CORPORATE_ACTIONS,https://www.nseindia.com/companies-listing/corporate-filings-actions,2026-07-17T14:51:07,VERIFIED_AMOUNT_PARSED
SEC001,INE885A01032,ARE&M,2023-07-28,,,3.2,DIVIDEND,INR,Annual General Meeting/Dividend - Rs 3.20 Per Share,NSE_CORPORATE_ACTIONS,https://www.nseindia.com/companies-listing/corporate-filings-actions,2026-07-17T14:51:07,VERIFIED_AMOUNT_PARSED
SEC001,INE885A01032,ARE&M,2023-11-10,2023-11-10,,4.8,INTERIM,INR,Interim Dividend - Rs 4.80 Per Share,NSE_CORPORATE_ACTIONS,https://www.nseindia.com/companies-listing/corporate-filings-actions,2026-07-17T14:51:07,VERIFIED_AMOUNT_PARSED
SEC001,INE885A01032,ARE&M,2024-07-18,2024-07-18,,5.1,DIVIDEND,INR,Dividend - Rs 5.10 Per Share,NSE_CORPORATE_ACTIONS,https://www.nseindia.com/companies-listing/corporate-filings-actions,2026-07-17T14:51:07,VERIFIED_AMOUNT_PARSED
SEC001,INE885A01032,ARE&M,2024-11-14,2024-11-14,,5.3,INTERIM,INR,Interim Dividend - Rs 5.30 Per Share,NSE_CORPORATE_ACTIONS,https://www.nseindia.com/companies-listing/corporate-filings-actions,2026-07-17T14:51:07,VERIFIED_AMOUNT_PARSED
SEC001,INE885A01032,ARE&M,2025-08-01,2025-08-01,,5.2,DIVIDEND,INR,Dividend - Rs 5.20 Per Share,NSE_CORPORATE_ACTIONS,https://www.nseindia.com/companies-listing/corporate-filings-actions,2026-07-17T14:51:07,VERIFIED_AMOUNT_PARSED
SEC001,INE885A01032,ARE&M,2025-11-13,2025-11-13,,5.4,INTERIM,INR,Interim Dividend - Rs 5.40 Per Share,NSE_CORPORATE_ACTIONS,https://www.nseindia.com/companies-listing/corporate-filings-actions,2026-07-17T14:51:07,VERIFIED_AMOUNT_PARSED
SEC002,INE365D01021,ASHIANA,2012-07-30,,,2.25,DIVIDEND,INR,Annual General Meeting And Dividend Rs.2.25 Per Share,NSE_CORPORATE_ACTIONS,https://www.nseindia.com/companies-listing/corporate-filings-actions,2026-07-17T14:51:07,VERIFIED_AMOUNT_PARSED
SEC002,INE365D01021,ASHIANA,2013-08-19,,,2.25,DIVIDEND,INR,Annual General Meeting / Dividend - Rs 2.25/- Per Share,NSE_CORPORATE_ACTIONS,https://www.nseindia.com/companies-listing/corporate-filings-actions,2026-07-17T14:51:07,VERIFIED_AMOUNT_PARSED
SEC002,INE365D01021,ASHIANA,2014-08-21,,,0.5,DIVIDEND,INR,Annual General Meeting/Dividend Re.0.50/- Per Share,NSE_CORPORATE_ACTIONS,https://www.nseindia.com/companies-listing/corporate-filings-actions,2026-07-17T14:51:07,VERIFIED_AMOUNT_PARSED
SEC002,INE365D01021,ASHIANA,2015-08-14,,,0.5,DIVIDEND,INR, Annual General Meeting/Dividend - Re 0.50 Per Share,NSE_CORPORATE_ACTIONS,https://www.nseindia.com/companies-listing/corporate-filings-actions,2026-07-17T14:51:07,VERIFIED_AMOUNT_PARSED
SEC002,INE365D01021,ASHIANA,2016-03-22,2016-03-24,,0.5,INTERIM,INR, Interim Dividend - Re 0.50/- Per Share (Purpose Revised),NSE_CORPORATE_ACTIONS,https://www.nseindia.com/companies-listing/corporate-filings-actions,2026-07-17T14:51:07,VERIFIED_AMOUNT_PARSED
SEC002,INE365D01021,ASHIANA,2017-08-16,,,0.25,DIVIDEND,INR, Annual General Meeting/Dividend - Re 0.25 Per Share,NSE_CORPORATE_ACTIONS,https://www.nseindia.com/companies-listing/corporate-filings-actions,2026-07-17T14:51:07,VERIFIED_AMOUNT_PARSED
SEC002,INE365D01021,ASHIANA,2018-08-14,,,0.25,DIVIDEND,INR, Annual General Meeting/Dividend- Re 0.25 Per Share,NSE_CORPORATE_ACTIONS,https://www.nseindia.com/companies-listing/corporate-filings-actions,2026-07-17T14:51:07,VERIFIED_AMOUNT_PARSED
SEC002,INE365D01021,ASHIANA,2019-08-22,,,0.25,DIVIDEND,INR, Annual General Meeting/Dividend - Re 0.25 Per Share,NSE_CORPORATE_ACTIONS,https://www.nseindia.com/companies-listing/corporate-filings-actions,2026-07-17T14:51:07,VERIFIED_AMOUNT_PARSED
SEC002,INE365D01021,ASHIANA,2020-08-10,,,0.3,DIVIDEND,INR, Annual General Meeting/Dividend - Rs 0.30 Per Share,NSE_CORPORATE_ACTIONS,https://www.nseindia.com/companies-listing/corporate-filings-actions,2026-07-17T14:51:07,VERIFIED_AMOUNT_PARSED
SEC002,INE365D01021,ASHIANA,2021-09-02,,,0.4,DIVIDEND,INR, Annual General Meeting/Dividend - Rs 0.40 Per Share,NSE_CORPORATE_ACTIONS,https://www.nseindia.com/companies-listing/corporate-filings-actions,2026-07-17T14:51:07,VERIFIED_AMOUNT_PARSED
SEC002,INE365D01021,ASHIANA,2022-02-23,2022-02-24,,0.4,INTERIM,INR,Interim Dividend - Rs 0.40 Per Share,NSE_CORPORATE_ACTIONS,https://www.nseindia.com/companies-listing/corporate-filings-actions,2026-07-17T14:51:07,VERIFIED_AMOUNT_PARSED
SEC002,INE365D01021,ASHIANA,2022-09-08,,,0.5,DIVIDEND,INR,Annual General Meeting/Dividend - Re 0.50 Per Share,NSE_CORPORATE_ACTIONS,https://www.nseindia.com/companies-listing/corporate-filings-actions,2026-07-17T14:51:07,VERIFIED_AMOUNT_PARSED
SEC002,INE365D01021,ASHIANA,2023-09-21,,,0.5,DIVIDEND,INR,Annual General Meeting/Dividend - Re 0.50 Per Share,NSE_CORPORATE_ACTIONS,https://www.nseindia.com/companies-listing/corporate-filings-actions,2026-07-17T14:51:07,VERIFIED_AMOUNT_PARSED
SEC002,INE365D01021,ASHIANA,2024-09-17,,,1.5,DIVIDEND,INR,Dividend - Rs 1.50 Per Share,NSE_CORPORATE_ACTIONS,https://www.nseindia.com/companies-listing/corporate-filings-actions,2026-07-17T14:51:07,VERIFIED_AMOUNT_PARSED
SEC002,INE365D01021,ASHIANA,2025-04-11,2025-04-11,,1.0,INTERIM,INR,Interim Dividend - Re 1 Per Share,NSE_CORPORATE_ACTIONS,https://www.nseindia.com/companies-listing/corporate-filings-actions,2026-07-17T14:51:07,VERIFIED_AMOUNT_PARSED
SEC002,INE365D01021,ASHIANA,2025-09-18,2025-09-18,,1.5,DIVIDEND,INR,Dividend - Rs 1.50 Per Share,NSE_CORPORATE_ACTIONS,https://www.nseindia.com/companies-listing/corporate-filings-actions,2026-07-17T14:51:07,VERIFIED_AMOUNT_PARSED
SEC002,INE365D01021,ASHIANA,2026-02-18,2026-02-19,,1.0,INTERIM,INR,Interim Dividend - Re 1 Per Share,NSE_CORPORATE_ACTIONS,https://www.nseindia.com/companies-listing/corporate-filings-actions,2026-07-17T14:51:07,VERIFIED_AMOUNT_PARSED
SEC003,INE465A01025,BHARATFORG,2012-03-07,2012-03-09,,1.5,INTERIM,INR,Interim Dividend Rs.1.50 Per Share (Purpose Revised),NSE_CORPORATE_ACTIONS,https://www.nseindia.com/companies-listing/corporate-filings-actions,2026-07-17T14:51:07,VERIFIED_AMOUNT_PARSED
SEC003,INE465A01025,BHARATFORG,2012-07-19,,,2.5,DIVIDEND,INR,Dividend Rs 2.50 Per Share,NSE_CORPORATE_ACTIONS,https://www.nseindia.com/companies-listing/corporate-filings-actions,2026-07-17T14:51:07,VERIFIED_AMOUNT_PARSED
SEC003,INE465A01025,BHARATFORG,2013-03-07,2013-03-08,,1.0,INTERIM,INR,Interim Dividend Re 1 Per Share,NSE_CORPORATE_ACTIONS,https://www.nseindia.com/companies-listing/corporate-filings-actions,2026-07-17T14:51:07,VERIFIED_AMOUNT_PARSED
SEC003,INE465A01025,BHARATFORG,2013-08-01,,,2.4,FINAL,INR,Annual General Meeting / Final Dividend - Rs 2.40/- Per Share,NSE_CORPORATE_ACTIONS,https://www.nseindia.com/companies-listing/corporate-filings-actions,2026-07-17T14:51:07,VERIFIED_AMOUNT_PARSED
SEC003,INE465A01025,BHARATFORG,2014-02-13,2014-02-14,,2.0,INTERIM,INR,Interim Dividend - Rs 2/- Per Share,NSE_CORPORATE_ACTIONS,https://www.nseindia.com/companies-listing/corporate-filings-actions,2026-07-17T14:51:07,VERIFIED_AMOUNT_PARSED
SEC003,INE465A01025,BHARATFORG,2014-08-21,,,2.5,FINAL,INR,Annual General Meeting / Final Dividend - Rs 2.50/- Per Share (Bc End Date Revised),NSE_CORPORATE_ACTIONS,https://www.nseindia.com/companies-listing/corporate-filings-actions,2026-07-17T14:51:07,VERIFIED_AMOUNT_PARSED
SEC003,INE465A01025,BHARATFORG,2015-02-11,2015-02-12,,3.0,INTERIM,INR,Interim Dividend - Rs 3/- Per Share,NSE_CORPORATE_ACTIONS,https://www.nseindia.com/companies-listing/corporate-filings-actions,2026-07-17T14:51:07,VERIFIED_AMOUNT_PARSED
SEC003,INE465A01025,BHARATFORG,2015-07-20,,,4.5,DIVIDEND,INR,Annual General Meeting/Dividend Rs 4.50 Per Share,NSE_CORPORATE_ACTIONS,https://www.nseindia.com/companies-listing/corporate-filings-actions,2026-07-17T14:51:07,VERIFIED_AMOUNT_PARSED
SEC003,INE465A01025,BHARATFORG,2016-02-17,2016-02-19,,3.0,INTERIM,INR, Interim Dividend Rs 3/- Per Share,NSE_CORPORATE_ACTIONS,https://www.nseindia.com/companies-listing/corporate-filings-actions,2026-07-17T14:51:07,VERIFIED_AMOUNT_PARSED
SEC003,INE465A01025,BHARATFORG,2016-03-18,2016-03-21,,4.0,INTERIM,INR, Interim Dividend - Rs 4/- Per Share (Purpose Revised),NSE_CORPORATE_ACTIONS,https://www.nseindia.com/companies-listing/corporate-filings-actions,2026-07-17T14:51:07,VERIFIED_AMOUNT_PARSED
SEC003,INE465A01025,BHARATFORG,2016-07-25,,,0.5,DIVIDEND,INR, Dividend - Re 0.50/- Per Share,NSE_CORPORATE_ACTIONS,https://www.nseindia.com/companies-listing/corporate-filings-actions,2026-07-17T14:51:07,VERIFIED_AMOUNT_PARSED
SEC003,INE465A01025,BHARATFORG,2017-02-16,2017-02-18,,2.5,INTERIM,INR, Interim Dividend Rs 2.50 Per Share,NSE_CORPORATE_ACTIONS,https://www.nseindia.com/companies-listing/corporate-filings-actions,2026-07-17T14:51:07,VERIFIED_AMOUNT_PARSED
SEC003,INE465A01025,BHARATFORG,2017-07-28,,,5.0,DIVIDEND,INR, Dividend - Rs 5/- Per Share,NSE_CORPORATE_ACTIONS,https://www.nseindia.com/companies-listing/corporate-filings-actions,2026-07-17T14:51:07,VERIFIED_AMOUNT_PARSED
SEC003,INE465A01025,BHARATFORG,2017-11-16,2017-11-18,,2.0,INTERIM,INR, Interim Dividend Rs 2/- Per Share,NSE_CORPORATE_ACTIONS,https://www.nseindia.com/companies-listing/corporate-filings-actions,2026-07-17T14:51:07,VERIFIED_AMOUNT_PARSED
SEC003,INE465A01025,BHARATFORG,2018-07-27,,,2.5,DIVIDEND,INR, Annual General Meeting/Dividend- Rs 2.50 Per Share,NSE_CORPORATE_ACTIONS,https://www.nseindia.com/companies-listing/corporate-filings-actions,2026-07-17T14:51:07,VERIFIED_AMOUNT_PARSED
SEC003,INE465A01025,BHARATFORG,2018-11-15,2018-11-16,,2.5,INTERIM,INR, Interim Dividend Rs  - Rs 2.50 Per Share,NSE_CORPORATE_ACTIONS,https://www.nseindia.com/companies-listing/corporate-filings-actions,2026-07-17T14:51:07,VERIFIED_AMOUNT_PARSED
SEC003,INE465A01025,BHARATFORG,2019-08-01,,,2.5,DIVIDEND,INR, Annual General Meeting/Dividend Rs 2.50 Per Share,NSE_CORPORATE_ACTIONS,https://www.nseindia.com/companies-listing/corporate-filings-actions,2026-07-17T14:51:07,VERIFIED_AMOUNT_PARSED
SEC003,INE465A01025,BHARATFORG,2019-11-20,2019-11-21,,1.5,INTERIM,INR, Interim Dividend - Rs 1.50 Per Share,NSE_CORPORATE_ACTIONS,https://www.nseindia.com/companies-listing/corporate-filings-actions,2026-07-17T14:51:07,VERIFIED_AMOUNT_PARSED
SEC003,INE465A01025,BHARATFORG,2020-03-03,2020-03-04,,2.0,INTERIM,INR, Interim Dividend - Rs 2 Per Share,NSE_CORPORATE_ACTIONS,https://www.nseindia.com/companies-listing/corporate-filings-actions,2026-07-17T14:51:07,VERIFIED_AMOUNT_PARSED
SEC003,INE465A01025,BHARATFORG,2021-07-15,2021-07-16,,2.0,DIVIDEND,INR, Dividend - Rs 2 Per Share,NSE_CORPORATE_ACTIONS,https://www.nseindia.com/companies-listing/corporate-filings-actions,2026-07-17T14:51:07,VERIFIED_AMOUNT_PARSED
SEC003,INE465A01025,BHARATFORG,2021-11-25,2021-11-26,,1.5,INTERIM,INR, Interim Dividend - Rs 1.50 Per Share,NSE_CORPORATE_ACTIONS,https://www.nseindia.com/companies-listing/corporate-filings-actions,2026-07-17T14:51:07,VERIFIED_AMOUNT_PARSED
SEC003,INE465A01025,BHARATFORG,2022-07-14,2022-07-15,,5.5,DIVIDEND,INR,Dividend - Rs 5.50 Per Share,NSE_CORPORATE_ACTIONS,https://www.nseindia.com/companies-listing/corporate-filings-actions,2026-07-17T14:51:07,VERIFIED_AMOUNT_PARSED
SEC003,INE465A01025,BHARATFORG,2022-11-24,2022-11-25,,1.5,INTERIM,INR,Interim Dividend - Rs 1.50 Per Share,NSE_CORPORATE_ACTIONS,https://www.nseindia.com/companies-listing/corporate-filings-actions,2026-07-17T14:51:07,VERIFIED_AMOUNT_PARSED
SEC003,INE465A01025,BHARATFORG,2023-07-07,2023-07-07,,5.5,DIVIDEND,INR,Dividend - Rs 5.50 Per Share,NSE_CORPORATE_ACTIONS,https://www.nseindia.com/companies-listing/corporate-filings-actions,2026-07-17T14:51:07,VERIFIED_AMOUNT_PARSED
SEC003,INE465A01025,BHARATFORG,2024-02-23,2024-02-23,,2.5,INTERIM,INR,Interim Dividend - Rs 2.50 Per Share,NSE_CORPORATE_ACTIONS,https://www.nseindia.com/companies-listing/corporate-filings-actions,2026-07-17T14:51:07,VERIFIED_AMOUNT_PARSED
SEC003,INE465A01025,BHARATFORG,2024-07-05,2024-07-05,,6.5,DIVIDEND,INR,Dividend - Rs 6.50 Per Share,NSE_CORPORATE_ACTIONS,https://www.nseindia.com/companies-listing/corporate-filings-actions,2026-07-17T14:51:07,VERIFIED_AMOUNT_PARSED
SEC003,INE465A01025,BHARATFORG,2025-02-18,2025-02-18,,2.5,INTERIM,INR,Interim Dividend - Rs 2.5 Per Share,NSE_CORPORATE_ACTIONS,https://www.nseindia.com/companies-listing/corporate-filings-actions,2026-07-17T14:51:07,VERIFIED_AMOUNT_PARSED
SEC003,INE465A01025,BHARATFORG,2025-07-04,2025-07-04,,6.0,DIVIDEND,INR,Dividend - Rs 6 Per Share,NSE_CORPORATE_ACTIONS,https://www.nseindia.com/companies-listing/corporate-filings-actions,2026-07-17T14:51:07,VERIFIED_AMOUNT_PARSED
SEC003,INE465A01025,BHARATFORG,2026-02-18,2026-02-18,,2.0,INTERIM,INR,Interim Dividend - Rs 2 Per Share,NSE_CORPORATE_ACTIONS,https://www.nseindia.com/companies-listing/corporate-filings-actions,2026-07-17T14:51:07,VERIFIED_AMOUNT_PARSED
SEC003,INE465A01025,BHARATFORG,2026-07-03,2026-07-03,,6.5,DIVIDEND,INR,Dividend - Rs 6.50 Per Share,NSE_CORPORATE_ACTIONS,https://www.nseindia.com/companies-listing/corporate-filings-actions,2026-07-17T14:51:07,VERIFIED_AMOUNT_PARSED
SEC004,INE176B01034,HAVELLS,2012-07-04,,,6.5,DIVIDEND,INR,Annual General Meeting And Dividend - Rs.6.50 Per Share,NSE_CORPORATE_ACTIONS,https://www.nseindia.com/companies-listing/corporate-filings-actions,2026-07-17T14:51:07,VERIFIED_AMOUNT_PARSED
SEC004,INE176B01034,HAVELLS,2013-06-20,,,7.5,DIVIDEND,INR,Annual General Meeting And Dividend Rs.7.50 Per Share,NSE_CORPORATE_ACTIONS,https://www.nseindia.com/companies-listing/corporate-filings-actions,2026-07-17T14:51:07,VERIFIED_AMOUNT_PARSED
SEC004,INE176B01034,HAVELLS,2014-03-19,2014-03-20,,5.0,INTERIM,INR,Interim Dividend - Rs 5/- Per Share (Purpose Revised),NSE_CORPORATE_ACTIONS,https://www.nseindia.com/companies-listing/corporate-filings-actions,2026-07-17T14:51:07,VERIFIED_AMOUNT_PARSED
SEC004,INE176B01034,HAVELLS,2014-06-26,,,10.0,FINAL,INR,Annual General Meeting / Final Dividend - Rs 10/- Per Share,NSE_CORPORATE_ACTIONS,https://www.nseindia.com/companies-listing/corporate-filings-actions,2026-07-17T14:51:07,VERIFIED_AMOUNT_PARSED
SEC004,INE176B01034,HAVELLS,2015-06-29,,,3.0,DIVIDEND,INR,Annaul General Meeting/Dividend - Rs 3/- Per Share,NSE_CORPORATE_ACTIONS,https://www.nseindia.com/companies-listing/corporate-filings-actions,2026-07-17T14:51:07,VERIFIED_AMOUNT_PARSED
SEC004,INE176B01034,HAVELLS,2016-02-10,2016-02-11,,3.0,SPECIAL,INR, Special Dividend - Rs 3/- Per Share (Purpose Revised),NSE_CORPORATE_ACTIONS,https://www.nseindia.com/companies-listing/corporate-filings-actions,2026-07-17T14:51:07,VERIFIED_AMOUNT_PARSED
SEC004,INE176B01034,HAVELLS,2016-06-29,,,3.0,DIVIDEND,INR, Annual General Meeting/ Dividend -Rs 3/- Per Share,NSE_CORPORATE_ACTIONS,https://www.nseindia.com/companies-listing/corporate-filings-actions,2026-07-17T14:51:07,VERIFIED_AMOUNT_PARSED
SEC004,INE176B01034,HAVELLS,2017-06-21,,,3.5,DIVIDEND,INR, Annual General Meeting/Dividend - Rs 3.50 Per Share,NSE_CORPORATE_ACTIONS,https://www.nseindia.com/companies-listing/corporate-filings-actions,2026-07-17T14:51:07,VERIFIED_AMOUNT_PARSED
SEC004,INE176B01034,HAVELLS,2018-07-04,,,4.0,DIVIDEND,INR, Annual General Meeting/Dividend- Rs 4 Per Share,NSE_CORPORATE_ACTIONS,https://www.nseindia.com/companies-listing/corporate-filings-actions,2026-07-17T14:51:07,VERIFIED_AMOUNT_PARSED
SEC004,INE176B01034,HAVELLS,2019-07-18,,,4.5,DIVIDEND,INR, Annual General Meeting/Dividend - Rs 4.50 Per Share,NSE_CORPORATE_ACTIONS,https://www.nseindia.com/companies-listing/corporate-filings-actions,2026-07-17T14:51:07,VERIFIED_AMOUNT_PARSED
SEC004,INE176B01034,HAVELLS,2020-03-16,2020-03-17,,4.0,INTERIM,INR, Interim Dividend - Rs 4 Per Share,NSE_CORPORATE_ACTIONS,https://www.nseindia.com/companies-listing/corporate-filings-actions,2026-07-17T14:51:07,VERIFIED_AMOUNT_PARSED
SEC004,INE176B01034,HAVELLS,2021-01-28,2021-01-29,,3.0,INTERIM,INR, Interim Dividend - Rs 3 Per Share,NSE_CORPORATE_ACTIONS,https://www.nseindia.com/companies-listing/corporate-filings-actions,2026-07-17T14:51:07,VERIFIED_AMOUNT_PARSED
SEC004,INE176B01034,HAVELLS,2021-06-17,,,3.5,DIVIDEND,INR, Annual General Meeting/Dividend - Rs 3.50 Per Share,NSE_CORPORATE_ACTIONS,https://www.nseindia.com/companies-listing/corporate-filings-actions,2026-07-17T14:51:07,VERIFIED_AMOUNT_PARSED
SEC004,INE176B01034,HAVELLS,2021-10-27,2021-10-28,,3.0,INTERIM,INR, Interim Dividend - Rs 3 Per Share,NSE_CORPORATE_ACTIONS,https://www.nseindia.com/companies-listing/corporate-filings-actions,2026-07-17T14:51:07,VERIFIED_AMOUNT_PARSED
SEC004,INE176B01034,HAVELLS,2022-06-14,,,4.5,DIVIDEND,INR,Annual General Meeting/Dividend - Rs 4.50 Per Share,NSE_CORPORATE_ACTIONS,https://www.nseindia.com/companies-listing/corporate-filings-actions,2026-07-17T14:51:07,VERIFIED_AMOUNT_PARSED
SEC004,INE176B01034,HAVELLS,2023-01-25,2023-01-28,,3.0,INTERIM,INR,Interim Dividend - Rs 3 Per Share,NSE_CORPORATE_ACTIONS,https://www.nseindia.com/companies-listing/corporate-filings-actions,2026-07-17T14:51:07,VERIFIED_AMOUNT_PARSED
SEC004,INE176B01034,HAVELLS,2023-06-02,,,4.5,DIVIDEND,INR,Annual General Meeting/Dividend - Rs 4.50 Per Share,NSE_CORPORATE_ACTIONS,https://www.nseindia.com/companies-listing/corporate-filings-actions,2026-07-17T14:51:07,VERIFIED_AMOUNT_PARSED
SEC004,INE176B01034,HAVELLS,2024-02-01,2024-02-01,,3.0,INTERIM,INR,Interim Dividend - Rs 3 Per Share,NSE_CORPORATE_ACTIONS,https://www.nseindia.com/companies-listing/corporate-filings-actions,2026-07-17T14:51:07,VERIFIED_AMOUNT_PARSED
SEC004,INE176B01034,HAVELLS,2024-05-31,,,6.0,DIVIDEND,INR,Annual General Meeting/Dividend - Rs 6 Per Share,NSE_CORPORATE_ACTIONS,https://www.nseindia.com/companies-listing/corporate-filings-actions,2026-07-17T14:51:07,VERIFIED_AMOUNT_PARSED
SEC004,INE176B01034,HAVELLS,2025-01-22,2025-01-22,,4.0,INTERIM,INR,Interim Dividend - Rs 4 Per Share,NSE_CORPORATE_ACTIONS,https://www.nseindia.com/companies-listing/corporate-filings-actions,2026-07-17T14:51:07,VERIFIED_AMOUNT_PARSED
SEC004,INE176B01034,HAVELLS,2025-05-23,2025-05-25,,6.0,DIVIDEND,INR,Annual General Meeting/Dividend - Rs 6 Per Share,NSE_CORPORATE_ACTIONS,https://www.nseindia.com/companies-listing/corporate-filings-actions,2026-07-17T14:51:07,VERIFIED_AMOUNT_PARSED
SEC004,INE176B01034,HAVELLS,2026-01-23,2026-01-23,,4.0,INTERIM,INR,Interim Dividend - Rs 4 Per Share,NSE_CORPORATE_ACTIONS,https://www.nseindia.com/companies-listing/corporate-filings-actions,2026-07-17T14:51:07,VERIFIED_AMOUNT_PARSED
SEC004,INE176B01034,HAVELLS,2026-05-22,2026-05-24,,6.0,DIVIDEND,INR,Dividend - Rs 6 Per Share,NSE_CORPORATE_ACTIONS,https://www.nseindia.com/companies-listing/corporate-filings-actions,2026-07-17T14:51:07,VERIFIED_AMOUNT_PARSED
SEC005,INE455I01029,KSCL,2012-09-18,,,4.0,DIVIDEND,INR,Annual General Meeting And Dividend Rs.4/- Per Share,NSE_CORPORATE_ACTIONS,https://www.nseindia.com/companies-listing/corporate-filings-actions,2026-07-17T14:51:07,VERIFIED_AMOUNT_PARSED
SEC005,INE455I01029,KSCL,2013-02-28,2013-03-01,,8.0,INTERIM,INR,Interim Dividend Rs 8 Per Share,NSE_CORPORATE_ACTIONS,https://www.nseindia.com/companies-listing/corporate-filings-actions,2026-07-17T14:51:07,VERIFIED_AMOUNT_PARSED
SEC005,INE455I01029,KSCL,2013-09-18,,,8.0,DIVIDEND,INR,Annual General Meeting And Dividend Rs.8/- Per Share,NSE_CORPORATE_ACTIONS,https://www.nseindia.com/companies-listing/corporate-filings-actions,2026-07-17T14:51:07,VERIFIED_AMOUNT_PARSED
SEC005,INE455I01029,KSCL,2014-02-26,2014-02-28,,2.4,INTERIM,INR,Interim Dividend Rs 2.40/- Per Share,NSE_CORPORATE_ACTIONS,https://www.nseindia.com/companies-listing/corporate-filings-actions,2026-07-17T14:51:07,VERIFIED_AMOUNT_PARSED
SEC005,INE455I01029,KSCL,2014-09-15,,,2.4,FINAL,INR,Annual General Meeting / Final Dividend - Rs 2.40/- Per Share,NSE_CORPORATE_ACTIONS,https://www.nseindia.com/companies-listing/corporate-filings-actions,2026-07-17T14:51:07,VERIFIED_AMOUNT_PARSED
SEC005,INE455I01029,KSCL,2014-11-07,2014-11-10,,2.5,INTERIM,INR,Interim Dividend Rs.2.50 Per Share,NSE_CORPORATE_ACTIONS,https://www.nseindia.com/companies-listing/corporate-filings-actions,2026-07-17T14:51:07,VERIFIED_AMOUNT_PARSED
SEC005,INE455I01029,KSCL,2015-02-12,2015-02-13,,2.5,INTERIM,INR,Second Interim Dividend - Rs 2.50/- Per Share,NSE_CORPORATE_ACTIONS,https://www.nseindia.com/companies-listing/corporate-filings-actions,2026-07-17T14:51:07,VERIFIED_AMOUNT_PARSED
SEC005,INE455I01029,KSCL,2015-08-24,2015-08-25,,2.5,INTERIM,INR, Interim Dividend - Rs 2.50/- Per Share,NSE_CORPORATE_ACTIONS,https://www.nseindia.com/companies-listing/corporate-filings-actions,2026-07-17T14:51:07,VERIFIED_AMOUNT_PARSED
SEC005,INE455I01029,KSCL,2015-09-23,,,2.5,DIVIDEND,INR, Annual General Meeting/ Dividend -  Rs 2.50/- Per Share (Book Closure Start Date Revised),NSE_CORPORATE_ACTIONS,https://www.nseindia.com/companies-listing/corporate-filings-actions,2026-07-17T14:51:07,VERIFIED_AMOUNT_PARSED
SEC005,INE455I01029,KSCL,2017-08-18,2017-08-21,,3.0,INTERIM,INR, Interim Dividend - Rs 3/- Per Share,NSE_CORPORATE_ACTIONS,https://www.nseindia.com/companies-listing/corporate-filings-actions,2026-07-17T14:51:07,VERIFIED_AMOUNT_PARSED
SEC005,INE455I01029,KSCL,2018-11-26,2018-11-27,,3.0,INTERIM,INR, Interim Dividend - Rs 3 Per Share,NSE_CORPORATE_ACTIONS,https://www.nseindia.com/companies-listing/corporate-filings-actions,2026-07-17T14:51:07,VERIFIED_AMOUNT_PARSED
SEC005,INE455I01029,KSCL,2019-08-22,2019-08-23,,3.0,INTERIM,INR, Interim Dividend - Rs 3 Per Share,NSE_CORPORATE_ACTIONS,https://www.nseindia.com/companies-listing/corporate-filings-actions,2026-07-17T14:51:07,VERIFIED_AMOUNT_PARSED
SEC005,INE455I01029,KSCL,2020-11-18,2020-11-19,,4.0,INTERIM,INR, Interim Dividend - Rs 4 Per Share,NSE_CORPORATE_ACTIONS,https://www.nseindia.com/companies-listing/corporate-filings-actions,2026-07-17T14:51:07,VERIFIED_AMOUNT_PARSED
SEC005,INE455I01029,KSCL,2021-11-25,2021-11-26,,4.0,INTERIM,INR, Interim Dividend - Rs 4 Per Share,NSE_CORPORATE_ACTIONS,https://www.nseindia.com/companies-listing/corporate-filings-actions,2026-07-17T14:51:07,VERIFIED_AMOUNT_PARSED
SEC005,INE455I01029,KSCL,2022-08-25,2022-08-26,,4.0,INTERIM,INR,Interim Dividend - Rs 4 Per Share,NSE_CORPORATE_ACTIONS,https://www.nseindia.com/companies-listing/corporate-filings-actions,2026-07-17T14:51:07,VERIFIED_AMOUNT_PARSED
SEC005,INE455I01029,KSCL,2023-11-20,2023-11-20,,5.0,INTERIM,INR,Interim Dividend - Rs 5 Per Share,NSE_CORPORATE_ACTIONS,https://www.nseindia.com/companies-listing/corporate-filings-actions,2026-07-17T14:51:07,VERIFIED_AMOUNT_PARSED
SEC005,INE455I01029,KSCL,2024-11-26,2024-11-26,,5.0,INTERIM,INR,Interim Dividend - Rs 5 Per Share,NSE_CORPORATE_ACTIONS,https://www.nseindia.com/companies-listing/corporate-filings-actions,2026-07-17T14:51:07,VERIFIED_AMOUNT_PARSED
SEC005,INE455I01029,KSCL,2025-11-12,2025-11-12,,5.0,INTERIM,INR,Interim Dividend - Rs 5 Per Share,NSE_CORPORATE_ACTIONS,https://www.nseindia.com/companies-listing/corporate-filings-actions,2026-07-17T14:51:07,VERIFIED_AMOUNT_PARSED
SEC006,INE989A01024,SANGHVIMOV,2012-09-03,,,3.0,DIVIDEND,INR,Annual General Meeting And Dividend Rs.3/- Per Share,NSE_CORPORATE_ACTIONS,https://www.nseindia.com/companies-listing/corporate-filings-actions,2026-07-17T14:51:07,VERIFIED_AMOUNT_PARSED
SEC006,INE989A01024,SANGHVIMOV,2013-09-05,,,1.0,DIVIDEND,INR,Annual General Meeting/Dividend Re 1/- Per Share,NSE_CORPORATE_ACTIONS,https://www.nseindia.com/companies-listing/corporate-filings-actions,2026-07-17T14:51:07,VERIFIED_AMOUNT_PARSED
SEC006,INE989A01024,SANGHVIMOV,2015-09-07,,,0.5,DIVIDEND,INR, Annual General Meeting/ Dividend -  Re 0.50/- Per Share,NSE_CORPORATE_ACTIONS,https://www.nseindia.com/companies-listing/corporate-filings-actions,2026-07-17T14:51:07,VERIFIED_AMOUNT_PARSED
SEC006,INE989A01024,SANGHVIMOV,2016-03-22,2016-03-23,,3.0,INTERIM,INR, Interim Dividend - Rs 3/- Per Share,NSE_CORPORATE_ACTIONS,https://www.nseindia.com/companies-listing/corporate-filings-actions,2026-07-17T14:51:07,VERIFIED_AMOUNT_PARSED
SEC006,INE989A01024,SANGHVIMOV,2017-07-24,,,4.0,DIVIDEND,INR, Annual General Meeting/Dividend-Rs 4 Per Share (Purpose Revised),NSE_CORPORATE_ACTIONS,https://www.nseindia.com/companies-listing/corporate-filings-actions,2026-07-17T14:51:07,VERIFIED_AMOUNT_PARSED
SEC006,INE989A01024,SANGHVIMOV,2022-08-10,,,1.0,DIVIDEND,INR,Annual General Meeting/Dividend - Re 1 Per Share,NSE_CORPORATE_ACTIONS,https://www.nseindia.com/companies-listing/corporate-filings-actions,2026-07-17T14:51:07,VERIFIED_AMOUNT_PARSED
SEC006,INE989A01024,SANGHVIMOV,2023-08-04,2023-08-04,,4.0,DIVIDEND,INR,Dividend - Rs 4 Per Sh,NSE_CORPORATE_ACTIONS,https://www.nseindia.com/companies-listing/corporate-filings-actions,2026-07-17T14:51:07,VERIFIED_AMOUNT_PARSED
SEC006,INE989A01024,SANGHVIMOV,2024-08-20,2024-08-20,,6.0,DIVIDEND,INR,Dividend - Rs 6 Per Share,NSE_CORPORATE_ACTIONS,https://www.nseindia.com/companies-listing/corporate-filings-actions,2026-07-17T14:51:07,VERIFIED_AMOUNT_PARSED
SEC006,INE989A01024,SANGHVIMOV,2025-09-12,2025-09-12,,2.0,DIVIDEND,INR,Dividend - Rs 2 Per Share,NSE_CORPORATE_ACTIONS,https://www.nseindia.com/companies-listing/corporate-filings-actions,2026-07-17T14:51:07,VERIFIED_AMOUNT_PARSED
SEC007,INE951I01027,VGUARD,2012-07-12,,,3.5,DIVIDEND,INR,Annual General Meeting/ Dividend Rs.3.50 Per Share,NSE_CORPORATE_ACTIONS,https://www.nseindia.com/companies-listing/corporate-filings-actions,2026-07-17T14:51:07,VERIFIED_AMOUNT_PARSED
SEC007,INE951I01027,VGUARD,2013-07-11,,,3.5,DIVIDEND,INR,Annual General Meeting/Dividend Rs 3.50/- Per Equity Share,NSE_CORPORATE_ACTIONS,https://www.nseindia.com/companies-listing/corporate-filings-actions,2026-07-17T14:51:07,VERIFIED_AMOUNT_PARSED
SEC007,INE951I01027,VGUARD,2014-07-17,,,4.5,FINAL,INR,Annual General Meeting / Final Dividend - Rs 4.50/- Per Share,NSE_CORPORATE_ACTIONS,https://www.nseindia.com/companies-listing/corporate-filings-actions,2026-07-17T14:51:07,VERIFIED_AMOUNT_PARSED
SEC007,INE951I01027,VGUARD,2015-07-24,,,4.5,DIVIDEND,INR,Annual General Meeting/Dividend - Rs 4.50/- Per Share,NSE_CORPORATE_ACTIONS,https://www.nseindia.com/companies-listing/corporate-filings-actions,2026-07-17T14:51:07,VERIFIED_AMOUNT_PARSED
SEC007,INE951I01027,VGUARD,2016-03-17,2016-03-19,,4.5,INTERIM,INR, Interim Dividend - Rs 4.50/- Per Share,NSE_CORPORATE_ACTIONS,https://www.nseindia.com/companies-listing/corporate-filings-actions,2026-07-17T14:51:07,VERIFIED_AMOUNT_PARSED
SEC007,INE951I01027,VGUARD,2016-07-18,,,2.5,DIVIDEND,INR, Annual General Meeting/ Dividend - Rs 2.50/- Per Share,NSE_CORPORATE_ACTIONS,https://www.nseindia.com/companies-listing/corporate-filings-actions,2026-07-17T14:51:07,VERIFIED_AMOUNT_PARSED
SEC007,INE951I01027,VGUARD,2017-07-21,,,0.7,DIVIDEND,INR, Annual General Meeting/Dividend - Re 0.70 Per Share,NSE_CORPORATE_ACTIONS,https://www.nseindia.com/companies-listing/corporate-filings-actions,2026-07-17T14:51:07,VERIFIED_AMOUNT_PARSED
SEC007,INE951I01027,VGUARD,2018-07-23,,,0.7,DIVIDEND,INR, Annual General Meeting/Dividend- Re 0.70 Per Share,NSE_CORPORATE_ACTIONS,https://www.nseindia.com/companies-listing/corporate-filings-actions,2026-07-17T14:51:07,VERIFIED_AMOUNT_PARSED
SEC007,INE951I01027,VGUARD,2019-07-16,,,0.8,DIVIDEND,INR, Annual General Meeting/Dividend - Rs 0.80 Per Share,NSE_CORPORATE_ACTIONS,https://www.nseindia.com/companies-listing/corporate-filings-actions,2026-07-17T14:51:07,VERIFIED_AMOUNT_PARSED
SEC007,INE951I01027,VGUARD,2020-02-26,2020-02-27,,0.9,INTERIM,INR, Interim Dividend - Re 0.90 Per Share,NSE_CORPORATE_ACTIONS,https://www.nseindia.com/companies-listing/corporate-filings-actions,2026-07-17T14:51:07,VERIFIED_AMOUNT_PARSED
SEC007,INE951I01027,VGUARD,2021-07-28,,,1.2,DIVIDEND,INR, Annual General Meeting/Dividend - Rs 1.20 Per Share,NSE_CORPORATE_ACTIONS,https://www.nseindia.com/companies-listing/corporate-filings-actions,2026-07-17T14:51:07,VERIFIED_AMOUNT_PARSED
SEC007,INE951I01027,VGUARD,2022-07-20,,,1.3,DIVIDEND,INR,Annual General Meeting/Dividend - Rs  1.30 Per Share,NSE_CORPORATE_ACTIONS,https://www.nseindia.com/companies-listing/corporate-filings-actions,2026-07-17T14:51:07,VERIFIED_AMOUNT_PARSED
SEC007,INE951I01027,VGUARD,2023-08-17,,,1.3,DIVIDEND,INR,Dividend - Rs 1.30 Per Share,NSE_CORPORATE_ACTIONS,https://www.nseindia.com/companies-listing/corporate-filings-actions,2026-07-17T14:51:07,VERIFIED_AMOUNT_PARSED
SEC007,INE951I01027,VGUARD,2024-07-25,,,1.4,DIVIDEND,INR,Annual General Meeting/Dividend - Rs 1.40 Per Share,NSE_CORPORATE_ACTIONS,https://www.nseindia.com/companies-listing/corporate-filings-actions,2026-07-17T14:51:07,VERIFIED_AMOUNT_PARSED
SEC007,INE951I01027,VGUARD,2025-07-31,2025-07-31,,1.5,DIVIDEND,INR,Dividend - Rs 1.50 Per Share,NSE_CORPORATE_ACTIONS,https://www.nseindia.com/companies-listing/corporate-filings-actions,2026-07-17T14:51:07,VERIFIED_AMOUNT_PARSED
SEC008,,GEOMETRIC,2012-07-13,,,1.6,DIVIDEND,INR,Annual General Meeting And Dividend - Rs.1.60 Per Share,NSE_CORPORATE_ACTIONS,https://www.nseindia.com/companies-listing/corporate-filings-actions,2026-07-17T14:51:07,VERIFIED_AMOUNT_PARSED
SEC008,,GEOMETRIC,2013-07-19,,,1.7,DIVIDEND,INR,Annual General Meeting / Dividend - Rs 1.70/- Per Share,NSE_CORPORATE_ACTIONS,https://www.nseindia.com/companies-listing/corporate-filings-actions,2026-07-17T14:51:07,VERIFIED_AMOUNT_PARSED
SEC008,,GEOMETRIC,2014-07-15,,,2.0,FINAL,INR,Annual General Meeting / Final Dividend - Rs 2/- Per Share,NSE_CORPORATE_ACTIONS,https://www.nseindia.com/companies-listing/corporate-filings-actions,2026-07-17T14:51:07,VERIFIED_AMOUNT_PARSED
SEC008,,GEOMETRIC,2015-07-17,,,2.5,DIVIDEND,INR,Annual General Meeting/Dividend - Rs 2.50/- Per Share,NSE_CORPORATE_ACTIONS,https://www.nseindia.com/companies-listing/corporate-filings-actions,2026-07-17T14:51:07,VERIFIED_AMOUNT_PARSED
SEC008,,GEOMETRIC,2016-03-22,2016-03-23,,3.0,INTERIM,INR, Interim Dividend - Rs 3/- Per Share (Purpose Revised),NSE_CORPORATE_ACTIONS,https://www.nseindia.com/companies-listing/corporate-filings-actions,2026-07-17T14:51:07,VERIFIED_AMOUNT_PARSED
SEC009,INE591G01017,COFORGE,2012-06-20,,,8.0,DIVIDEND,INR,Annual General Meeting/Dividend Rs 8 Per Share,NSE_CORPORATE_ACTIONS,https://www.nseindia.com/companies-listing/corporate-filings-actions,2026-07-17T14:51:07,VERIFIED_AMOUNT_PARSED
SEC009,INE591G01017,COFORGE,2013-06-20,,,8.5,DIVIDEND,INR,Annual General Meeting And Dividend Rs.8.50 Per Share,NSE_CORPORATE_ACTIONS,https://www.nseindia.com/companies-listing/corporate-filings-actions,2026-07-17T14:51:07,VERIFIED_AMOUNT_PARSED
SEC009,INE591G01017,COFORGE,2014-06-26,,,9.0,FINAL,INR,Annual General Meeting / Final Dividend - Rs 9/- Per Share,NSE_CORPORATE_ACTIONS,https://www.nseindia.com/companies-listing/corporate-filings-actions,2026-07-17T14:51:07,VERIFIED_AMOUNT_PARSED
SEC009,INE591G01017,COFORGE,2015-07-23,,,9.5,DIVIDEND,INR,Annual General Meeting/ Dividend - Rs 9.50/- Per Share,NSE_CORPORATE_ACTIONS,https://www.nseindia.com/companies-listing/corporate-filings-actions,2026-07-17T14:51:07,VERIFIED_AMOUNT_PARSED
SEC009,INE591G01017,COFORGE,2016-07-22,,,10.0,DIVIDEND,INR, Annual General Meeting/ Dividend -Rs 10/- Per Share,NSE_CORPORATE_ACTIONS,https://www.nseindia.com/companies-listing/corporate-filings-actions,2026-07-17T14:51:07,VERIFIED_AMOUNT_PARSED
SEC009,INE591G01017,COFORGE,2017-09-14,,,12.5,DIVIDEND,INR, Annual General Meeting/Dividend - Rs 12.50 Per Share,NSE_CORPORATE_ACTIONS,https://www.nseindia.com/companies-listing/corporate-filings-actions,2026-07-17T14:51:07,VERIFIED_AMOUNT_PARSED
SEC009,INE591G01017,COFORGE,2018-09-12,,,15.0,DIVIDEND,INR, Dividend Rs 15 Per Share,NSE_CORPORATE_ACTIONS,https://www.nseindia.com/companies-listing/corporate-filings-actions,2026-07-17T14:51:07,VERIFIED_AMOUNT_PARSED
SEC009,INE591G01017,COFORGE,2019-11-04,2019-11-05,,10.0,INTERIM,INR, Interim Dividend - Rs 10 Per Sh,NSE_CORPORATE_ACTIONS,https://www.nseindia.com/companies-listing/corporate-filings-actions,2026-07-17T14:51:07,VERIFIED_AMOUNT_PARSED
SEC009,INE591G01017,COFORGE,2020-02-07,2020-02-10,,10.0,INTERIM,INR, Interim Dividend - Rs 10 Per Share,NSE_CORPORATE_ACTIONS,https://www.nseindia.com/companies-listing/corporate-filings-actions,2026-07-17T14:51:07,VERIFIED_AMOUNT_PARSED
SEC009,INE591G01017,COFORGE,2020-05-14,2020-05-15,,11.0,INTERIM,INR, Interim Dividend - Rs 11 Per Share,NSE_CORPORATE_ACTIONS,https://www.nseindia.com/companies-listing/corporate-filings-actions,2026-07-17T14:51:07,VERIFIED_AMOUNT_PARSED
SEC009,INE591G01017,COFORGE,2021-05-18,2021-05-19,,13.0,INTERIM,INR, Interim Dividend - Rs 13 Per Share,NSE_CORPORATE_ACTIONS,https://www.nseindia.com/companies-listing/corporate-filings-actions,2026-07-17T14:51:07,VERIFIED_AMOUNT_PARSED
SEC009,INE591G01017,COFORGE,2021-08-09,2021-08-10,,13.0,INTERIM,INR, Interim Dividend - Rs 13 Per Share,NSE_CORPORATE_ACTIONS,https://www.nseindia.com/companies-listing/corporate-filings-actions,2026-07-17T14:51:07,VERIFIED_AMOUNT_PARSED
SEC009,INE591G01017,COFORGE,2021-11-03,2021-11-08,,13.0,INTERIM,INR, Interim Dividend - Rs 13 Per Share,NSE_CORPORATE_ACTIONS,https://www.nseindia.com/companies-listing/corporate-filings-actions,2026-07-17T14:51:07,VERIFIED_AMOUNT_PARSED
SEC009,INE591G01017,COFORGE,2022-02-07,2022-02-08,,13.0,INTERIM,INR,Interim Dividend - Rs 13 Per Share,NSE_CORPORATE_ACTIONS,https://www.nseindia.com/companies-listing/corporate-filings-actions,2026-07-17T14:51:07,VERIFIED_AMOUNT_PARSED
SEC009,INE591G01017,COFORGE,2022-05-23,2022-05-24,,13.0,INTERIM,INR,Interim Dividend - Rs  13 Per Share,NSE_CORPORATE_ACTIONS,https://www.nseindia.com/companies-listing/corporate-filings-actions,2026-07-17T14:51:07,VERIFIED_AMOUNT_PARSED
SEC009,INE591G01017,COFORGE,2022-08-03,2022-08-04,,13.0,INTERIM,INR,Interim Dividend - Rs 13 Per Share,NSE_CORPORATE_ACTIONS,https://www.nseindia.com/companies-listing/corporate-filings-actions,2026-07-17T14:51:07,VERIFIED_AMOUNT_PARSED
SEC009,INE591G01017,COFORGE,2022-11-03,2022-11-04,,13.0,INTERIM,INR,Interim Dividend - Rs 13 Per Share,NSE_CORPORATE_ACTIONS,https://www.nseindia.com/companies-listing/corporate-filings-actions,2026-07-17T14:51:07,VERIFIED_AMOUNT_PARSED
SEC009,INE591G01017,COFORGE,2023-02-03,2023-02-03,,19.0,INTERIM,INR,Interim Dividend - Rs 19 Per Sh,NSE_CORPORATE_ACTIONS,https://www.nseindia.com/companies-listing/corporate-filings-actions,2026-07-17T14:51:07,VERIFIED_AMOUNT_PARSED
SEC009,INE591G01017,COFORGE,2023-05-10,2023-05-10,,19.0,INTERIM,INR,Interim Dividend - Rs 19 Per Share,NSE_CORPORATE_ACTIONS,https://www.nseindia.com/companies-listing/corporate-filings-actions,2026-07-17T14:51:07,VERIFIED_AMOUNT_PARSED
SEC009,INE591G01017,COFORGE,2023-08-03,2023-08-03,,19.0,INTERIM,INR,Interim Dividend - Rs 19 Per Share,NSE_CORPORATE_ACTIONS,https://www.nseindia.com/companies-listing/corporate-filings-actions,2026-07-17T14:51:07,VERIFIED_AMOUNT_PARSED
SEC009,INE591G01017,COFORGE,2023-11-02,2023-11-02,,19.0,INTERIM,INR,Interim Dividend - Rs 19 Per Share,NSE_CORPORATE_ACTIONS,https://www.nseindia.com/companies-listing/corporate-filings-actions,2026-07-17T14:51:07,VERIFIED_AMOUNT_PARSED
SEC009,INE591G01017,COFORGE,2024-02-05,2024-02-05,,19.0,INTERIM,INR,Interim Dividend - Rs 19 Per Share,NSE_CORPORATE_ACTIONS,https://www.nseindia.com/companies-listing/corporate-filings-actions,2026-07-17T14:51:07,VERIFIED_AMOUNT_PARSED
SEC009,INE591G01017,COFORGE,2024-05-15,2024-05-15,,19.0,INTERIM,INR,Interim Dividend - Rs 19 Per Share,NSE_CORPORATE_ACTIONS,https://www.nseindia.com/companies-listing/corporate-filings-actions,2026-07-17T14:51:07,VERIFIED_AMOUNT_PARSED
SEC009,INE591G01017,COFORGE,2024-08-02,2024-08-02,,19.0,INTERIM,INR,Interim Dividend - Rs 19 Per Share,NSE_CORPORATE_ACTIONS,https://www.nseindia.com/companies-listing/corporate-filings-actions,2026-07-17T14:51:07,VERIFIED_AMOUNT_PARSED
SEC009,INE591G01017,COFORGE,2024-10-11,2024-10-12,,19.0,INTERIM,INR,Interim Dividend - Rs 19 Per Share,NSE_CORPORATE_ACTIONS,https://www.nseindia.com/companies-listing/corporate-filings-actions,2026-07-17T14:51:07,VERIFIED_AMOUNT_PARSED
SEC009,INE591G01017,COFORGE,2025-01-30,2025-01-30,,19.0,INTERIM,INR,Interim Dividend - Rs 19 Per Share,NSE_CORPORATE_ACTIONS,https://www.nseindia.com/companies-listing/corporate-filings-actions,2026-07-17T14:51:07,VERIFIED_AMOUNT_PARSED
SEC009,INE591G01017,COFORGE,2025-05-09,2025-05-12,,19.0,INTERIM,INR,Interim Dividend - Rs 19 Per Share,NSE_CORPORATE_ACTIONS,https://www.nseindia.com/companies-listing/corporate-filings-actions,2026-07-17T14:51:07,VERIFIED_AMOUNT_PARSED
SEC009,INE591G01017,COFORGE,2025-07-31,2025-07-31,,4.0,INTERIM,INR,Interim Dividend - Rs 4 Per Share,NSE_CORPORATE_ACTIONS,https://www.nseindia.com/companies-listing/corporate-filings-actions,2026-07-17T14:51:07,VERIFIED_AMOUNT_PARSED
SEC009,INE591G01017,COFORGE,2025-10-31,2025-10-31,,4.0,INTERIM,INR,Interim Dividend - Rs 4 Per Share,NSE_CORPORATE_ACTIONS,https://www.nseindia.com/companies-listing/corporate-filings-actions,2026-07-17T14:51:07,VERIFIED_AMOUNT_PARSED
SEC009,INE591G01017,COFORGE,2026-01-30,2026-01-31,,4.0,INTERIM,INR,Interim Dividend - Rs 4 Per Share,NSE_CORPORATE_ACTIONS,https://www.nseindia.com/companies-listing/corporate-filings-actions,2026-07-17T14:51:07,VERIFIED_AMOUNT_PARSED
SEC010,INE165B01029,RSSOFTWARE,2012-02-15,2012-02-17,,1.0,INTERIM,INR,Interim Dividend Re.1/- Per Share,NSE_CORPORATE_ACTIONS,https://www.nseindia.com/companies-listing/corporate-filings-actions,2026-07-17T14:51:07,VERIFIED_AMOUNT_PARSED
SEC010,INE165B01029,RSSOFTWARE,2012-07-05,,,2.0,DIVIDEND,INR,Annual General Meeting/Dividend Rs 2 Per Share,NSE_CORPORATE_ACTIONS,https://www.nseindia.com/companies-listing/corporate-filings-actions,2026-07-17T14:51:07,VERIFIED_AMOUNT_PARSED
SEC010,INE165B01029,RSSOFTWARE,2013-01-17,2013-01-18,,1.5,INTERIM,INR,Interim Dividend Rs.1.50 Per Share,NSE_CORPORATE_ACTIONS,https://www.nseindia.com/companies-listing/corporate-filings-actions,2026-07-17T14:51:07,VERIFIED_AMOUNT_PARSED
SEC010,INE165B01029,RSSOFTWARE,2013-07-05,,,2.0,DIVIDEND,INR,Annual General Meeting/Dividend Rs 2/- Per Share,NSE_CORPORATE_ACTIONS,https://www.nseindia.com/companies-listing/corporate-filings-actions,2026-07-17T14:51:07,VERIFIED_AMOUNT_PARSED
SEC010,INE165B01029,RSSOFTWARE,2013-10-29,2013-10-30,,2.5,INTERIM,INR,Interim Dividend - Rs 2.50/- Per Share,NSE_CORPORATE_ACTIONS,https://www.nseindia.com/companies-listing/corporate-filings-actions,2026-07-17T14:51:07,VERIFIED_AMOUNT_PARSED
SEC010,INE165B01029,RSSOFTWARE,2014-01-29,2014-01-30,,1.0,INTERIM,INR,Interim Dividend Re 1/- Per Share,NSE_CORPORATE_ACTIONS,https://www.nseindia.com/companies-listing/corporate-filings-actions,2026-07-17T14:51:07,VERIFIED_AMOUNT_PARSED
SEC010,INE165B01029,RSSOFTWARE,2014-07-07,,,2.5,FINAL,INR,Annual General Meeting / Final Dividend - Rs 2.50/- Per Share,NSE_CORPORATE_ACTIONS,https://www.nseindia.com/companies-listing/corporate-filings-actions,2026-07-17T14:51:07,VERIFIED_AMOUNT_PARSED
SEC010,INE165B01029,RSSOFTWARE,2014-08-06,2014-08-07,,1.0,INTERIM,INR,Interim Dividend - Re 1/- Per Share,NSE_CORPORATE_ACTIONS,https://www.nseindia.com/companies-listing/corporate-filings-actions,2026-07-17T14:51:07,VERIFIED_AMOUNT_PARSED
SEC010,INE165B01029,RSSOFTWARE,2014-10-30,2014-10-31,,1.5,INTERIM,INR,Interim Dividend Rs.1.50 Per Share,NSE_CORPORATE_ACTIONS,https://www.nseindia.com/companies-listing/corporate-filings-actions,2026-07-17T14:51:07,VERIFIED_AMOUNT_PARSED
SEC010,INE165B01029,RSSOFTWARE,2015-01-21,2015-01-22,,16.5,INTERIM,INR,Interim Dividend - Rs 1.50/- Per Share / Face Value Split - From Rs 10/- Per Share To Rs 5/- Per Share (Purpose Revised),NSE_CORPORATE_ACTIONS,https://www.nseindia.com/companies-listing/corporate-filings-actions,2026-07-17T14:51:07,VERIFIED_AMOUNT_PARSED
SEC010,INE165B01029,RSSOFTWARE,2015-07-02,,,1.25,DIVIDEND,INR,Annual General Meeting/Dividend - Rs 1.25 Per Share,NSE_CORPORATE_ACTIONS,https://www.nseindia.com/companies-listing/corporate-filings-actions,2026-07-17T14:51:07,VERIFIED_AMOUNT_PARSED
SEC010,INE165B01029,RSSOFTWARE,2016-07-13,,,1.0,DIVIDEND,INR, Annual General Meeting/ Dividend - Re 1/- Per Share,NSE_CORPORATE_ACTIONS,https://www.nseindia.com/companies-listing/corporate-filings-actions,2026-07-17T14:51:07,VERIFIED_AMOUNT_PARSED
SEC010,INE165B01029,RSSOFTWARE,2024-07-19,2024-07-20,,0.25,INTERIM,INR,Interim Dividend - Re 0.25 Per Share,NSE_CORPORATE_ACTIONS,https://www.nseindia.com/companies-listing/corporate-filings-actions,2026-07-17T14:51:07,VERIFIED_AMOUNT_PARSED
SEC011,INE520A01027,ZENSARTECH,2012-02-02,2012-02-04,,3.0,INTERIM,INR,Interim Dividend Rs.3/- Per Share,NSE_CORPORATE_ACTIONS,https://www.nseindia.com/companies-listing/corporate-filings-actions,2026-07-17T14:51:07,VERIFIED_AMOUNT_PARSED
SEC011,INE520A01027,ZENSARTECH,2012-07-13,,,4.0,DIVIDEND,INR,Annual General Meeting And Dividend - Rs.4/- Per Share,NSE_CORPORATE_ACTIONS,https://www.nseindia.com/companies-listing/corporate-filings-actions,2026-07-17T14:51:07,VERIFIED_AMOUNT_PARSED
SEC011,INE520A01027,ZENSARTECH,2013-01-31,2013-02-01,,3.5,INTERIM,INR,Interim Dividend Rs 3.50 Per Share,NSE_CORPORATE_ACTIONS,https://www.nseindia.com/companies-listing/corporate-filings-actions,2026-07-17T14:51:07,VERIFIED_AMOUNT_PARSED
SEC011,INE520A01027,ZENSARTECH,2013-07-05,,,4.5,FINAL,INR,Annual General Meeting / Final Dividend - Rs 4.50/- Per Equity Share,NSE_CORPORATE_ACTIONS,https://www.nseindia.com/companies-listing/corporate-filings-actions,2026-07-17T14:51:07,VERIFIED_AMOUNT_PARSED
SEC011,INE520A01027,ZENSARTECH,2014-01-30,2014-01-31,,4.0,INTERIM,INR,Interim Dividend - Rs 4/- Per Share,NSE_CORPORATE_ACTIONS,https://www.nseindia.com/companies-listing/corporate-filings-actions,2026-07-17T14:51:07,VERIFIED_AMOUNT_PARSED
SEC011,INE520A01027,ZENSARTECH,2014-07-14,,,6.0,FINAL,INR,Annual General Meeting / Final Dividend - Rs 6/- Per Share,NSE_CORPORATE_ACTIONS,https://www.nseindia.com/companies-listing/corporate-filings-actions,2026-07-17T14:51:07,VERIFIED_AMOUNT_PARSED
SEC011,INE520A01027,ZENSARTECH,2015-01-29,2015-01-30,,4.5,INTERIM,INR,Interim Dividend - Rs 4.50/- Per Share,NSE_CORPORATE_ACTIONS,https://www.nseindia.com/companies-listing/corporate-filings-actions,2026-07-17T14:51:07,VERIFIED_AMOUNT_PARSED
SEC011,INE520A01027,ZENSARTECH,2015-07-03,,,6.5,DIVIDEND,INR,Annual General Meeting/Dividend Rs 6.50 Per Share,NSE_CORPORATE_ACTIONS,https://www.nseindia.com/companies-listing/corporate-filings-actions,2026-07-17T14:51:07,VERIFIED_AMOUNT_PARSED
SEC011,INE520A01027,ZENSARTECH,2016-01-29,2016-02-01,,5.0,INTERIM,INR, Interim Dividend Rs 5/- Per Share,NSE_CORPORATE_ACTIONS,https://www.nseindia.com/companies-listing/corporate-filings-actions,2026-07-17T14:51:07,VERIFIED_AMOUNT_PARSED
SEC011,INE520A01027,ZENSARTECH,2016-03-22,2016-03-24,,7.0,INTERIM,INR, Interim Dividend - Rs 7/- Per Share,NSE_CORPORATE_ACTIONS,https://www.nseindia.com/companies-listing/corporate-filings-actions,2026-07-17T14:51:07,VERIFIED_AMOUNT_PARSED
SEC011,INE520A01027,ZENSARTECH,2017-02-02,2017-02-04,,5.0,INTERIM,INR, Interim Dividend Rs 5/- Per Share,NSE_CORPORATE_ACTIONS,https://www.nseindia.com/companies-listing/corporate-filings-actions,2026-07-17T14:51:07,VERIFIED_AMOUNT_PARSED
SEC011,INE520A01027,ZENSARTECH,2017-07-10,,,7.0,DIVIDEND,INR, Annual General Meeting/Dividend Rs 7/- Per Share,NSE_CORPORATE_ACTIONS,https://www.nseindia.com/companies-listing/corporate-filings-actions,2026-07-17T14:51:07,VERIFIED_AMOUNT_PARSED
SEC011,INE520A01027,ZENSARTECH,2018-01-30,2018-01-31,,5.0,INTERIM,INR, Interim Dividend - Rs 5 Per Share,NSE_CORPORATE_ACTIONS,https://www.nseindia.com/companies-listing/corporate-filings-actions,2026-07-17T14:51:07,VERIFIED_AMOUNT_PARSED
SEC011,INE520A01027,ZENSARTECH,2018-07-30,,,7.0,DIVIDEND,INR, Annual General Meeting / Dividend - Rs 7 Per Share,NSE_CORPORATE_ACTIONS,https://www.nseindia.com/companies-listing/corporate-filings-actions,2026-07-17T14:51:07,VERIFIED_AMOUNT_PARSED
SEC011,INE520A01027,ZENSARTECH,2019-01-31,2019-02-01,,1.0,INTERIM,INR, Interim Dividend - Re 1 Per Share,NSE_CORPORATE_ACTIONS,https://www.nseindia.com/companies-listing/corporate-filings-actions,2026-07-17T14:51:07,VERIFIED_AMOUNT_PARSED
SEC011,INE520A01027,ZENSARTECH,2019-07-25,,,1.8,DIVIDEND,INR, Annual General Meeting/ Dividend - Rs 1.80 Per Share,NSE_CORPORATE_ACTIONS,https://www.nseindia.com/companies-listing/corporate-filings-actions,2026-07-17T14:51:07,VERIFIED_AMOUNT_PARSED
SEC011,INE520A01027,ZENSARTECH,2020-02-06,2020-02-07,,1.0,INTERIM,INR, Interim Dividend - Re 1 Per Share,NSE_CORPORATE_ACTIONS,https://www.nseindia.com/companies-listing/corporate-filings-actions,2026-07-17T14:51:07,VERIFIED_AMOUNT_PARSED
SEC011,INE520A01027,ZENSARTECH,2020-03-18,2020-03-19,,1.8,INTERIM,INR, Interim Dividend - Rs 1.80 Per Share,NSE_CORPORATE_ACTIONS,https://www.nseindia.com/companies-listing/corporate-filings-actions,2026-07-17T14:51:07,VERIFIED_AMOUNT_PARSED
SEC011,INE520A01027,ZENSARTECH,2021-01-29,2021-02-01,,1.2,INTERIM,INR, Interim Dividend - Rs 1.20 Per Share,NSE_CORPORATE_ACTIONS,https://www.nseindia.com/companies-listing/corporate-filings-actions,2026-07-17T14:51:07,VERIFIED_AMOUNT_PARSED
SEC011,INE520A01027,ZENSARTECH,2021-09-15,2021-09-16,,2.4,DIVIDEND,INR, Dividend - Rs 2.40 Per Share,NSE_CORPORATE_ACTIONS,https://www.nseindia.com/companies-listing/corporate-filings-actions,2026-07-17T14:51:07,VERIFIED_AMOUNT_PARSED
SEC011,INE520A01027,ZENSARTECH,2022-02-03,2022-02-04,,1.5,INTERIM,INR,Interim Dividend - Rs 1.50 Per Share,NSE_CORPORATE_ACTIONS,https://www.nseindia.com/companies-listing/corporate-filings-actions,2026-07-17T14:51:07,VERIFIED_AMOUNT_PARSED
SEC011,INE520A01027,ZENSARTECH,2022-07-14,2022-07-15,,3.5,DIVIDEND,INR,Dividend - Rs 3.50 Per Share,NSE_CORPORATE_ACTIONS,https://www.nseindia.com/companies-listing/corporate-filings-actions,2026-07-17T14:51:07,VERIFIED_AMOUNT_PARSED
SEC011,INE520A01027,ZENSARTECH,2023-02-03,2023-02-03,,1.5,INTERIM,INR,Interim Dividend - Rs 1.50 Per Share,NSE_CORPORATE_ACTIONS,https://www.nseindia.com/companies-listing/corporate-filings-actions,2026-07-17T14:51:07,VERIFIED_AMOUNT_PARSED
SEC011,INE520A01027,ZENSARTECH,2023-07-21,2023-07-21,,3.5,DIVIDEND,INR,Dividend - Rs 3.50 Per Share,NSE_CORPORATE_ACTIONS,https://www.nseindia.com/companies-listing/corporate-filings-actions,2026-07-17T14:51:07,VERIFIED_AMOUNT_PARSED
SEC011,INE520A01027,ZENSARTECH,2024-02-02,2024-02-02,,2.0,INTERIM,INR,Interim Dividend - Rs 2 Per Share,NSE_CORPORATE_ACTIONS,https://www.nseindia.com/companies-listing/corporate-filings-actions,2026-07-17T14:51:07,VERIFIED_AMOUNT_PARSED
SEC011,INE520A01027,ZENSARTECH,2024-07-19,2024-07-19,,7.0,DIVIDEND,INR,Dividend - Rs 7 Per Share,NSE_CORPORATE_ACTIONS,https://www.nseindia.com/companies-listing/corporate-filings-actions,2026-07-17T14:51:07,VERIFIED_AMOUNT_PARSED
SEC011,INE520A01027,ZENSARTECH,2025-01-28,2025-01-28,,2.0,INTERIM,INR,Interim Dividend - Rs 2 Per Sh,NSE_CORPORATE_ACTIONS,https://www.nseindia.com/companies-listing/corporate-filings-actions,2026-07-17T14:51:07,VERIFIED_AMOUNT_PARSED
SEC011,INE520A01027,ZENSARTECH,2025-07-11,2025-07-11,,11.0,DIVIDEND,INR,Dividend - Rs 11 Per Share,NSE_CORPORATE_ACTIONS,https://www.nseindia.com/companies-listing/corporate-filings-actions,2026-07-17T14:51:07,VERIFIED_AMOUNT_PARSED
SEC011,INE520A01027,ZENSARTECH,2026-01-29,2026-01-29,,2.4,INTERIM,INR,Interim Dividend - Rs 2.40 Per Share,NSE_CORPORATE_ACTIONS,https://www.nseindia.com/companies-listing/corporate-filings-actions,2026-07-17T14:51:07,VERIFIED_AMOUNT_PARSED
SEC011,INE520A01027,ZENSARTECH,2026-07-17,2026-07-17,,12.6,DIVIDEND,INR,Dividend - Rs 12.60 Per Share,NSE_CORPORATE_ACTIONS,https://www.nseindia.com/companies-listing/corporate-filings-actions,2026-07-17T14:51:07,VERIFIED_AMOUNT_PARSED
SEC012,INE509K01011,TECHNOFAB,2012-09-03,,,2.0,DIVIDEND,INR,Annual General Meeting/ Dividend Rs 2 Per Share,NSE_CORPORATE_ACTIONS,https://www.nseindia.com/companies-listing/corporate-filings-actions,2026-07-17T14:51:07,VERIFIED_AMOUNT_PARSED
SEC012,INE509K01011,TECHNOFAB,2013-09-18,,,2.5,DIVIDEND,INR,Annual General Meeting / Dividend - Rs 2.50/- Per Share,NSE_CORPORATE_ACTIONS,https://www.nseindia.com/companies-listing/corporate-filings-actions,2026-07-17T14:51:07,VERIFIED_AMOUNT_PARSED
SEC012,INE509K01011,TECHNOFAB,2018-09-19,,,2.0,DIVIDEND,INR, Annual General Meeting/Dividend Rs 2 Per Share,NSE_CORPORATE_ACTIONS,https://www.nseindia.com/companies-listing/corporate-filings-actions,2026-07-17T14:51:07,VERIFIED_AMOUNT_PARSED
SEC013,INE142I01023,TAKE,2012-08-30,,,1.0,DIVIDEND,INR,Annual General Meeting/ Dividend Rs 1 Per Share,NSE_CORPORATE_ACTIONS,https://www.nseindia.com/companies-listing/corporate-filings-actions,2026-07-17T14:51:07,VERIFIED_AMOUNT_PARSED
SEC013,INE142I01023,TAKE,2012-11-23,2012-11-26,,0.3,INTERIM,INR,Interim Dividend-Re.0.30 Per Share,NSE_CORPORATE_ACTIONS,https://www.nseindia.com/companies-listing/corporate-filings-actions,2026-07-17T14:51:07,VERIFIED_AMOUNT_PARSED
SEC013,INE142I01023,TAKE,2013-02-25,2013-02-26,,0.3,INTERIM,INR,Interim Dividend Re 0.30 Per Share,NSE_CORPORATE_ACTIONS,https://www.nseindia.com/companies-listing/corporate-filings-actions,2026-07-17T14:51:07,VERIFIED_AMOUNT_PARSED
SEC013,INE142I01023,TAKE,2013-08-29,,,0.4,FINAL,INR,Annual General Meeting / Final Dividend - Re 0.40/- Per Share,NSE_CORPORATE_ACTIONS,https://www.nseindia.com/companies-listing/corporate-filings-actions,2026-07-17T14:51:07,VERIFIED_AMOUNT_PARSED
SEC013,INE142I01023,TAKE,2013-11-21,2013-11-22,,0.3,INTERIM,INR,Interim Dividend - Re 0.30/- Per Share,NSE_CORPORATE_ACTIONS,https://www.nseindia.com/companies-listing/corporate-filings-actions,2026-07-17T14:51:07,VERIFIED_AMOUNT_PARSED
SEC013,INE142I01023,TAKE,2014-02-11,2014-02-12,,0.3,INTERIM,INR,Interim Dividend - Re 0.30/- Per Share,NSE_CORPORATE_ACTIONS,https://www.nseindia.com/companies-listing/corporate-filings-actions,2026-07-17T14:51:07,VERIFIED_AMOUNT_PARSED
SEC013,INE142I01023,TAKE,2014-09-11,,,0.4,DIVIDEND,INR,Annual General Meeting / Dividend - Re 0.40/- Per Share,NSE_CORPORATE_ACTIONS,https://www.nseindia.com/companies-listing/corporate-filings-actions,2026-07-17T14:51:07,VERIFIED_AMOUNT_PARSED
SEC013,INE142I01023,TAKE,2014-11-25,2014-11-26,,0.3,INTERIM,INR,Interim Dividend - Re 0.30/- Per Share,NSE_CORPORATE_ACTIONS,https://www.nseindia.com/companies-listing/corporate-filings-actions,2026-07-17T14:51:07,VERIFIED_AMOUNT_PARSED
SEC013,INE142I01023,TAKE,2015-02-18,2015-02-20,,0.3,INTERIM,INR,Interim Dividend - Re 0.30/- Per Share,NSE_CORPORATE_ACTIONS,https://www.nseindia.com/companies-listing/corporate-filings-actions,2026-07-17T14:51:07,VERIFIED_AMOUNT_PARSED
SEC013,INE142I01023,TAKE,2015-08-20,,,0.4,DIVIDEND,INR, Annual General Meeting/ Dividend -  Re 0.40/- Per Share,NSE_CORPORATE_ACTIONS,https://www.nseindia.com/companies-listing/corporate-filings-actions,2026-07-17T14:51:07,VERIFIED_AMOUNT_PARSED
SEC013,INE142I01023,TAKE,2015-11-23,2015-11-25,,0.3,INTERIM,INR, Interim Dividend - Re 0.30/- Per Share,NSE_CORPORATE_ACTIONS,https://www.nseindia.com/companies-listing/corporate-filings-actions,2026-07-17T14:51:07,VERIFIED_AMOUNT_PARSED
SEC013,INE142I01023,TAKE,2016-02-17,2016-02-19,,0.3,INTERIM,INR, Interim Dividend- Re 0.30/- Per Share,NSE_CORPORATE_ACTIONS,https://www.nseindia.com/companies-listing/corporate-filings-actions,2026-07-17T14:51:07,VERIFIED_AMOUNT_PARSED
SEC013,INE142I01023,TAKE,2016-08-18,,,0.4,DIVIDEND,INR, Annual General Meeting/ Dividend - Re 0.40/- Per Share,NSE_CORPORATE_ACTIONS,https://www.nseindia.com/companies-listing/corporate-filings-actions,2026-07-17T14:51:07,VERIFIED_AMOUNT_PARSED
SEC013,INE142I01023,TAKE,2016-11-17,2016-11-19,,0.3,INTERIM,INR, Interim Dividend - Re 0.30 Per Share,NSE_CORPORATE_ACTIONS,https://www.nseindia.com/companies-listing/corporate-filings-actions,2026-07-17T14:51:07,VERIFIED_AMOUNT_PARSED
SEC013,INE142I01023,TAKE,2017-02-16,2017-02-17,,0.3,INTERIM,INR, Interim Dividend Re 0.30 Per Share,NSE_CORPORATE_ACTIONS,https://www.nseindia.com/companies-listing/corporate-filings-actions,2026-07-17T14:51:07,VERIFIED_AMOUNT_PARSED
SEC013,INE142I01023,TAKE,2017-08-03,,,0.4,DIVIDEND,INR, Dividend - Re 0.40/- Per Share,NSE_CORPORATE_ACTIONS,https://www.nseindia.com/companies-listing/corporate-filings-actions,2026-07-17T14:51:07,VERIFIED_AMOUNT_PARSED
SEC013,INE142I01023,TAKE,2017-11-17,2017-11-20,,0.3,INTERIM,INR, Interim Dividend - Re 0.30 Per Share,NSE_CORPORATE_ACTIONS,https://www.nseindia.com/companies-listing/corporate-filings-actions,2026-07-17T14:51:07,VERIFIED_AMOUNT_PARSED
SEC013,INE142I01023,TAKE,2018-02-15,2018-02-19,,0.3,INTERIM,INR, Interim Dividend Re 0.30 Per Share (Purpose Revised),NSE_CORPORATE_ACTIONS,https://www.nseindia.com/companies-listing/corporate-filings-actions,2026-07-17T14:51:07,VERIFIED_AMOUNT_PARSED
SEC013,INE142I01023,TAKE,2018-08-02,,,1.0,FINAL+SPECIAL,INR, Annual General Meeting/Final Dividend- Re 0.40 Per Share/ Special Dividend- Re 0.60 Per Share (Purpose Revised),NSE_CORPORATE_ACTIONS,https://www.nseindia.com/companies-listing/corporate-filings-actions,2026-07-17T14:51:07,VERIFIED_AMOUNT_PARSED
SEC013,INE142I01023,TAKE,2018-11-09,2018-11-12,,0.3,INTERIM,INR, Interim Dividend - Re 0.30 Per Share,NSE_CORPORATE_ACTIONS,https://www.nseindia.com/companies-listing/corporate-filings-actions,2026-07-17T14:51:07,VERIFIED_AMOUNT_PARSED
SEC013,INE142I01023,TAKE,2019-02-22,2019-02-25,,0.3,INTERIM,INR, Interim Dividend - Re 0.30 Per Share,NSE_CORPORATE_ACTIONS,https://www.nseindia.com/companies-listing/corporate-filings-actions,2026-07-17T14:51:07,VERIFIED_AMOUNT_PARSED
SEC013,INE142I01023,TAKE,2019-08-01,,,0.4,DIVIDEND,INR, Dividend - Re 0.40 Per Share,NSE_CORPORATE_ACTIONS,https://www.nseindia.com/companies-listing/corporate-filings-actions,2026-07-17T14:51:07,VERIFIED_AMOUNT_PARSED
SEC014,INE978A01027,HERITGFOOD,2012-09-24,,,2.0,DIVIDEND,INR,Annual General Meeting/ Dividend Rs. 2 Per Share,NSE_CORPORATE_ACTIONS,https://www.nseindia.com/companies-listing/corporate-filings-actions,2026-07-17T14:51:07,VERIFIED_AMOUNT_PARSED
SEC014,INE978A01027,HERITGFOOD,2013-06-19,,,3.0,DIVIDEND,INR,Annual General Meeting/ Dividend Rs. 3 Per Share (Bc Dates Revised),NSE_CORPORATE_ACTIONS,https://www.nseindia.com/companies-listing/corporate-filings-actions,2026-07-17T14:51:07,VERIFIED_AMOUNT_PARSED
SEC014,INE978A01027,HERITGFOOD,2014-09-18,,,3.0,DIVIDEND,INR,Annual General Meeting / Dividend - Rs 3/- Per Share,NSE_CORPORATE_ACTIONS,https://www.nseindia.com/companies-listing/corporate-filings-actions,2026-07-17T14:51:07,VERIFIED_AMOUNT_PARSED
SEC014,INE978A01027,HERITGFOOD,2015-09-15,,,3.0,DIVIDEND,INR, Annual General Meeting/ Dividend - Rs 3/- Per Share,NSE_CORPORATE_ACTIONS,https://www.nseindia.com/companies-listing/corporate-filings-actions,2026-07-17T14:51:07,VERIFIED_AMOUNT_PARSED
SEC014,INE978A01027,HERITGFOOD,2016-08-09,,,3.0,DIVIDEND,INR, Annual General Meeting/Dividend Rs 3/- Per Share,NSE_CORPORATE_ACTIONS,https://www.nseindia.com/companies-listing/corporate-filings-actions,2026-07-17T14:51:07,VERIFIED_AMOUNT_PARSED
SEC014,INE978A01027,HERITGFOOD,2017-08-11,,,4.0,SPECIAL,INR, Annual General Meeting/Dividend - Rs 3/- Per Share/Special Dividend Re 1/- Per Share,NSE_CORPORATE_ACTIONS,https://www.nseindia.com/companies-listing/corporate-filings-actions,2026-07-17T14:51:07,VERIFIED_AMOUNT_PARSED
SEC014,INE978A01027,HERITGFOOD,2018-08-20,,,2.0,DIVIDEND,INR, Annual General Meeting/Dividend- Rs 2 Per Share (Purpose Revised),NSE_CORPORATE_ACTIONS,https://www.nseindia.com/companies-listing/corporate-filings-actions,2026-07-17T14:51:07,VERIFIED_AMOUNT_PARSED
SEC014,INE978A01027,HERITGFOOD,2019-08-21,,,2.0,DIVIDEND,INR, Annual General Meeting/Dividend - Rs 2 Per Share,NSE_CORPORATE_ACTIONS,https://www.nseindia.com/companies-listing/corporate-filings-actions,2026-07-17T14:51:07,VERIFIED_AMOUNT_PARSED
SEC014,INE978A01027,HERITGFOOD,2020-08-19,,,2.5,DIVIDEND,INR, Annual General Meeting/Dividend - Rs 2.50 Per Share,NSE_CORPORATE_ACTIONS,https://www.nseindia.com/companies-listing/corporate-filings-actions,2026-07-17T14:51:07,VERIFIED_AMOUNT_PARSED
SEC014,INE978A01027,HERITGFOOD,2021-07-22,,,5.0,DIVIDEND,INR, Annual General Meetingdividend - Rs 5 Per Share,NSE_CORPORATE_ACTIONS,https://www.nseindia.com/companies-listing/corporate-filings-actions,2026-07-17T14:51:07,VERIFIED_AMOUNT_PARSED
SEC014,INE978A01027,HERITGFOOD,2021-11-01,2021-11-02,,2.5,INTERIM,INR, Interim Dividend - Rs 2.50 Per Share,NSE_CORPORATE_ACTIONS,https://www.nseindia.com/companies-listing/corporate-filings-actions,2026-07-17T14:51:07,VERIFIED_AMOUNT_PARSED
SEC014,INE978A01027,HERITGFOOD,2022-07-21,,,2.5,DIVIDEND,INR,Annual General Meeting/Dividend - Rs 2.50 Per Share,NSE_CORPORATE_ACTIONS,https://www.nseindia.com/companies-listing/corporate-filings-actions,2026-07-17T14:51:07,VERIFIED_AMOUNT_PARSED
SEC014,INE978A01027,HERITGFOOD,2023-08-14,,,2.5,DIVIDEND,INR,Annual General Meeting/Dividend - Rs 2.50 Per Share,NSE_CORPORATE_ACTIONS,https://www.nseindia.com/companies-listing/corporate-filings-actions,2026-07-17T14:51:07,VERIFIED_AMOUNT_PARSED
SEC014,INE978A01027,HERITGFOOD,2024-08-13,,,2.5,DIVIDEND,INR,Annual General Meeting/Dividend - Rs 2.50 Per Share,NSE_CORPORATE_ACTIONS,https://www.nseindia.com/companies-listing/corporate-filings-actions,2026-07-17T14:51:07,VERIFIED_AMOUNT_PARSED
SEC014,INE978A01027,HERITGFOOD,2025-07-23,2025-07-23,,2.5,DIVIDEND,INR,Annual General Meeting/Dividend - Rs 2.50 Per Share,NSE_CORPORATE_ACTIONS,https://www.nseindia.com/companies-listing/corporate-filings-actions,2026-07-17T14:51:07,VERIFIED_AMOUNT_PARSED
SEC014,INE978A01027,HERITGFOOD,2026-07-15,2026-07-15,,2.5,DIVIDEND,INR,Dividend - Rs 2.50 Per Share,NSE_CORPORATE_ACTIONS,https://www.nseindia.com/companies-listing/corporate-filings-actions,2026-07-17T14:51:07,VERIFIED_AMOUNT_PARSED
SEC015,INE295A01018,EVERESTIND,2012-07-17,,,7.0,DIVIDEND,INR,Annual General Meeting/Dividend Rs 7 Per Share,NSE_CORPORATE_ACTIONS,https://www.nseindia.com/companies-listing/corporate-filings-actions,2026-07-17T14:51:07,VERIFIED_AMOUNT_PARSED
SEC015,INE295A01018,EVERESTIND,2013-07-18,,,7.5,DIVIDEND,INR,Annual General Meeting / Dividend - Rs.7.50/- Per Equity Share,NSE_CORPORATE_ACTIONS,https://www.nseindia.com/companies-listing/corporate-filings-actions,2026-07-17T14:51:07,VERIFIED_AMOUNT_PARSED
SEC015,INE295A01018,EVERESTIND,2014-07-22,,,2.5,DIVIDEND,INR,Annual General Meeting/Dividend Rs.2.50 Per Share,NSE_CORPORATE_ACTIONS,https://www.nseindia.com/companies-listing/corporate-filings-actions,2026-07-17T14:51:07,VERIFIED_AMOUNT_PARSED
SEC015,INE295A01018,EVERESTIND,2015-08-17,,,5.0,DIVIDEND,INR,Annual General Meeting/ Dividend - Rs 5/- Per Share,NSE_CORPORATE_ACTIONS,https://www.nseindia.com/companies-listing/corporate-filings-actions,2026-07-17T14:51:07,VERIFIED_AMOUNT_PARSED
SEC015,INE295A01018,EVERESTIND,2016-06-21,,,5.0,DIVIDEND,INR, Annual General Meeting/ Dividend - Rs 5/- Per Share,NSE_CORPORATE_ACTIONS,https://www.nseindia.com/companies-listing/corporate-filings-actions,2026-07-17T14:51:07,VERIFIED_AMOUNT_PARSED
SEC015,INE295A01018,EVERESTIND,2017-07-17,,,1.0,DIVIDEND,INR, Annual General Meeting/Dividend - Re 1/- Per Share,NSE_CORPORATE_ACTIONS,https://www.nseindia.com/companies-listing/corporate-filings-actions,2026-07-17T14:51:07,VERIFIED_AMOUNT_PARSED
SEC015,INE295A01018,EVERESTIND,2018-07-17,,,6.5,DIVIDEND,INR, Annual General Meeting/Dividend- Rs 6.50 Per Share,NSE_CORPORATE_ACTIONS,https://www.nseindia.com/companies-listing/corporate-filings-actions,2026-07-17T14:51:07,VERIFIED_AMOUNT_PARSED
SEC015,INE295A01018,EVERESTIND,2019-07-16,2019-07-17,,7.5,DIVIDEND,INR, Annual General Meeting/Dividend Rs 7.50 Per Share,NSE_CORPORATE_ACTIONS,https://www.nseindia.com/companies-listing/corporate-filings-actions,2026-07-17T14:51:07,VERIFIED_AMOUNT_PARSED
SEC015,INE295A01018,EVERESTIND,2020-08-19,2020-08-20,,1.0,DIVIDEND,INR, Annual General Meeting/Dividend - Re 1 Per Sh,NSE_CORPORATE_ACTIONS,https://www.nseindia.com/companies-listing/corporate-filings-actions,2026-07-17T14:51:07,VERIFIED_AMOUNT_PARSED
SEC015,INE295A01018,EVERESTIND,2021-08-17,2021-08-18,,7.5,DIVIDEND,INR, Annual General Meeting/Dividend - Rs 7.50  Per Share,NSE_CORPORATE_ACTIONS,https://www.nseindia.com/companies-listing/corporate-filings-actions,2026-07-17T14:51:07,VERIFIED_AMOUNT_PARSED
SEC015,INE295A01018,EVERESTIND,2022-08-17,2022-08-18,,6.0,DIVIDEND,INR,Annual General Meeting/Dividend - Rs  6 Per Share,NSE_CORPORATE_ACTIONS,https://www.nseindia.com/companies-listing/corporate-filings-actions,2026-07-17T14:51:07,VERIFIED_AMOUNT_PARSED
SEC015,INE295A01018,EVERESTIND,2023-08-14,2023-08-15,,6.0,DIVIDEND,INR,Dividend - Rs 6 Per Share,NSE_CORPORATE_ACTIONS,https://www.nseindia.com/companies-listing/corporate-filings-actions,2026-07-17T14:51:07,VERIFIED_AMOUNT_PARSED
SEC015,INE295A01018,EVERESTIND,2024-08-02,2024-08-02,,2.5,DIVIDEND,INR,Dividend - Rs 2.50 Per Share,NSE_CORPORATE_ACTIONS,https://www.nseindia.com/companies-listing/corporate-filings-actions,2026-07-17T14:51:07,VERIFIED_AMOUNT_PARSED
SEC015,INE295A01018,EVERESTIND,2025-09-12,2025-09-12,,2.5,DIVIDEND,INR,Dividend - Rs 2.50 Per Share,NSE_CORPORATE_ACTIONS,https://www.nseindia.com/companies-listing/corporate-filings-actions,2026-07-17T14:51:07,VERIFIED_AMOUNT_PARSED
SEC016,INE040M01013,TREEHOUSE,2012-07-27,,,1.0,DIVIDEND,INR,Annual General Meeting And Dividend Re.1/- Per Share,NSE_CORPORATE_ACTIONS,https://www.nseindia.com/companies-listing/corporate-filings-actions,2026-07-17T14:51:07,VERIFIED_AMOUNT_PARSED
SEC016,INE040M01013,TREEHOUSE,2013-08-29,,,1.25,DIVIDEND,INR,Annual General Meeting And Dividend Rs.1.25 Per Share,NSE_CORPORATE_ACTIONS,https://www.nseindia.com/companies-listing/corporate-filings-actions,2026-07-17T14:51:07,VERIFIED_AMOUNT_PARSED
SEC016,INE040M01013,TREEHOUSE,2014-08-27,,,1.5,DIVIDEND,INR,Annual General Meeting / Dividend - Rs 1.50/- Per Share,NSE_CORPORATE_ACTIONS,https://www.nseindia.com/companies-listing/corporate-filings-actions,2026-07-17T14:51:07,VERIFIED_AMOUNT_PARSED
SEC016,INE040M01013,TREEHOUSE,2015-09-16,,,2.0,DIVIDEND,INR, Dividend -  Rs 2/- Per Share,NSE_CORPORATE_ACTIONS,https://www.nseindia.com/companies-listing/corporate-filings-actions,2026-07-17T14:51:07,VERIFIED_AMOUNT_PARSED
SEC017,INE066A01021,EICHERMOT,2012-03-13,,,16.0,DIVIDEND,INR,Dividend-Rs.16 Per Share,NSE_CORPORATE_ACTIONS,https://www.nseindia.com/companies-listing/corporate-filings-actions,2026-07-17T14:51:07,VERIFIED_AMOUNT_PARSED
SEC017,INE066A01021,EICHERMOT,2013-03-13,,,20.0,DIVIDEND,INR,Annual General Meeting/Dividend Rs 20 Per Share,NSE_CORPORATE_ACTIONS,https://www.nseindia.com/companies-listing/corporate-filings-actions,2026-07-17T14:51:07,VERIFIED_AMOUNT_PARSED
SEC017,INE066A01021,EICHERMOT,2014-03-12,,,30.0,DIVIDEND,INR,Annual General Meeting/Dividend Rs 30/- Per Share,NSE_CORPORATE_ACTIONS,https://www.nseindia.com/companies-listing/corporate-filings-actions,2026-07-17T14:51:07,VERIFIED_AMOUNT_PARSED
SEC017,INE066A01021,EICHERMOT,2015-03-11,,,50.0,DIVIDEND,INR,Annual General Meeting / Dividend - Rs 50/- Per Share (Agm And Book Closure Dates Revised),NSE_CORPORATE_ACTIONS,https://www.nseindia.com/companies-listing/corporate-filings-actions,2026-07-17T14:51:07,VERIFIED_AMOUNT_PARSED
SEC017,INE066A01021,EICHERMOT,2016-03-22,2016-03-23,,100.0,INTERIM,INR, Interim Dividend - Rs 100/- Per Share,NSE_CORPORATE_ACTIONS,https://www.nseindia.com/companies-listing/corporate-filings-actions,2026-07-17T14:51:07,VERIFIED_AMOUNT_PARSED
SEC017,INE066A01021,EICHERMOT,2017-07-31,,,100.0,DIVIDEND,INR, Annual General Meeting/Dividend - Rs 100/- Per Share,NSE_CORPORATE_ACTIONS,https://www.nseindia.com/companies-listing/corporate-filings-actions,2026-07-17T14:51:07,VERIFIED_AMOUNT_PARSED
SEC017,INE066A01021,EICHERMOT,2018-08-02,,,110.0,DIVIDEND,INR, Annual General Meeting / Dividend- Rs 110 Per Share,NSE_CORPORATE_ACTIONS,https://www.nseindia.com/companies-listing/corporate-filings-actions,2026-07-17T14:51:07,VERIFIED_AMOUNT_PARSED
SEC017,INE066A01021,EICHERMOT,2019-07-24,,,125.0,DIVIDEND,INR, Annual General Meeting/ Dividend - Rs 125 Per Share,NSE_CORPORATE_ACTIONS,https://www.nseindia.com/companies-listing/corporate-filings-actions,2026-07-17T14:51:07,VERIFIED_AMOUNT_PARSED
SEC017,INE066A01021,EICHERMOT,2020-03-19,2020-03-21,,125.0,INTERIM,INR, Interim Dividend - Rs 125 Per Share,NSE_CORPORATE_ACTIONS,https://www.nseindia.com/companies-listing/corporate-filings-actions,2026-07-17T14:51:07,VERIFIED_AMOUNT_PARSED
SEC017,INE066A01021,EICHERMOT,2021-08-09,,,17.0,DIVIDEND,INR, Annual General Meeting/Dividend - Rs 17 Per Share,NSE_CORPORATE_ACTIONS,https://www.nseindia.com/companies-listing/corporate-filings-actions,2026-07-17T14:51:07,VERIFIED_AMOUNT_PARSED
SEC017,INE066A01021,EICHERMOT,2022-08-12,,,21.0,DIVIDEND,INR,Annual General Meeting/Dividend - Rs 21 Per Share,NSE_CORPORATE_ACTIONS,https://www.nseindia.com/companies-listing/corporate-filings-actions,2026-07-17T14:51:07,VERIFIED_AMOUNT_PARSED
SEC017,INE066A01021,EICHERMOT,2023-08-14,,,37.0,DIVIDEND,INR,Annual General Meeting/Dividend - Rs  37 Per Share,NSE_CORPORATE_ACTIONS,https://www.nseindia.com/companies-listing/corporate-filings-actions,2026-07-17T14:51:07,VERIFIED_AMOUNT_PARSED
SEC017,INE066A01021,EICHERMOT,2024-08-07,2024-08-07,,51.0,DIVIDEND,INR,Dividend - Rs 51 Per Share,NSE_CORPORATE_ACTIONS,https://www.nseindia.com/companies-listing/corporate-filings-actions,2026-07-17T14:51:07,VERIFIED_AMOUNT_PARSED
SEC017,INE066A01021,EICHERMOT,2025-08-01,2025-08-01,,70.0,DIVIDEND,INR,Dividend - Rs 70 Per Share,NSE_CORPORATE_ACTIONS,https://www.nseindia.com/companies-listing/corporate-filings-actions,2026-07-17T14:51:07,VERIFIED_AMOUNT_PARSED
SEC019,INE171A01029,FEDERALBNK,2012-07-20,,,9.0,DIVIDEND,INR,Annual General Meeting And Dividend Rs.9/- Per Share,NSE_CORPORATE_ACTIONS,https://www.nseindia.com/companies-listing/corporate-filings-actions,2026-07-17T14:51:07,VERIFIED_AMOUNT_PARSED
SEC019,INE171A01029,FEDERALBNK,2013-07-09,,,9.0,DIVIDEND,INR,Annual General Meeting/Dividend Rs 9/- Per Share,NSE_CORPORATE_ACTIONS,https://www.nseindia.com/companies-listing/corporate-filings-actions,2026-07-17T14:51:07,VERIFIED_AMOUNT_PARSED
SEC019,INE171A01029,FEDERALBNK,2014-07-04,,,2.0,DIVIDEND,INR,Annual General Meeting / Dividend - Rs 2/- Per Share,NSE_CORPORATE_ACTIONS,https://www.nseindia.com/companies-listing/corporate-filings-actions,2026-07-17T14:51:07,VERIFIED_AMOUNT_PARSED
SEC019,INE171A01029,FEDERALBNK,2015-05-28,,,2.2,DIVIDEND,INR,Annual General Meeting / Dividend - Rs 2.20/- Per Share,NSE_CORPORATE_ACTIONS,https://www.nseindia.com/companies-listing/corporate-filings-actions,2026-07-17T14:51:07,VERIFIED_AMOUNT_PARSED
SEC019,INE171A01029,FEDERALBNK,2016-07-29,,,0.7,DIVIDEND,INR, Annual General Meeting/ Dividend -Re 0.70 Per Share,NSE_CORPORATE_ACTIONS,https://www.nseindia.com/companies-listing/corporate-filings-actions,2026-07-17T14:51:07,VERIFIED_AMOUNT_PARSED
SEC019,INE171A01029,FEDERALBNK,2017-07-03,,,0.9,DIVIDEND,INR, Annual General Meeting/Dividend - Re 0.90 Per Share,NSE_CORPORATE_ACTIONS,https://www.nseindia.com/companies-listing/corporate-filings-actions,2026-07-17T14:51:07,VERIFIED_AMOUNT_PARSED
SEC019,INE171A01029,FEDERALBNK,2018-08-02,,,1.0,DIVIDEND,INR, Annual General Meeting/Dividend- Re 1 Per Share,NSE_CORPORATE_ACTIONS,https://www.nseindia.com/companies-listing/corporate-filings-actions,2026-07-17T14:51:07,VERIFIED_AMOUNT_PARSED
SEC019,INE171A01029,FEDERALBNK,2019-07-17,,,1.4,DIVIDEND,INR, Annual General Meeting/Dividend - Rs 1.4 Per Share,NSE_CORPORATE_ACTIONS,https://www.nseindia.com/companies-listing/corporate-filings-actions,2026-07-17T14:51:07,VERIFIED_AMOUNT_PARSED
SEC019,INE171A01029,FEDERALBNK,2021-07-01,,,0.7,DIVIDEND,INR, Annual General Meeting/Dividend - Rs 0.70 Per Share,NSE_CORPORATE_ACTIONS,https://www.nseindia.com/companies-listing/corporate-filings-actions,2026-07-17T14:51:07,VERIFIED_AMOUNT_PARSED
SEC019,INE171A01029,FEDERALBNK,2022-07-19,,,1.8,DIVIDEND,INR,Annual General Meeting/Dividend - Rs  1.80 Per Share,NSE_CORPORATE_ACTIONS,https://www.nseindia.com/companies-listing/corporate-filings-actions,2026-07-17T14:51:07,VERIFIED_AMOUNT_PARSED
SEC019,INE171A01029,FEDERALBNK,2023-08-11,,,1.0,DIVIDEND,INR,Annual General Meeting/Dividend - Re 1 Per Share,NSE_CORPORATE_ACTIONS,https://www.nseindia.com/companies-listing/corporate-filings-actions,2026-07-17T14:51:07,VERIFIED_AMOUNT_PARSED
SEC019,INE171A01029,FEDERALBNK,2024-08-23,,,1.2,DIVIDEND,INR,Annual General Meeting/Dividend - Rs 1.20 Per Share,NSE_CORPORATE_ACTIONS,https://www.nseindia.com/companies-listing/corporate-filings-actions,2026-07-17T14:51:07,VERIFIED_AMOUNT_PARSED
SEC019,INE171A01029,FEDERALBNK,2025-08-22,2025-08-22,,1.2,DIVIDEND,INR,Dividend - Rs 1.20 Per Share,NSE_CORPORATE_ACTIONS,https://www.nseindia.com/companies-listing/corporate-filings-actions,2026-07-17T14:51:07,VERIFIED_AMOUNT_PARSED
SEC020,INE572A01028,JBCHEPHARM,2012-07-19,,,1.0,DIVIDEND,INR,Annual General Meeting/Dividend Re 1 Per Share,NSE_CORPORATE_ACTIONS,https://www.nseindia.com/companies-listing/corporate-filings-actions,2026-07-17T14:51:07,VERIFIED_AMOUNT_PARSED
SEC020,INE572A01028,JBCHEPHARM,2013-08-01,,,3.0,DIVIDEND,INR,Annual General Meeting / Dividend - Rs 3/- Per Share,NSE_CORPORATE_ACTIONS,https://www.nseindia.com/companies-listing/corporate-filings-actions,2026-07-17T14:51:07,VERIFIED_AMOUNT_PARSED
SEC020,INE572A01028,JBCHEPHARM,2014-09-04,,,3.0,DIVIDEND,INR,Annual General Meeting / Dividend - Rs 3/- Per Share,NSE_CORPORATE_ACTIONS,https://www.nseindia.com/companies-listing/corporate-filings-actions,2026-07-17T14:51:07,VERIFIED_AMOUNT_PARSED
SEC020,INE572A01028,JBCHEPHARM,2015-08-06,,,14.0,FINAL+SPECIAL,INR,Annual General Meeting/Final Dividend Rs.4/- Per Share And Special Dividend Rs.10/- Per Share,NSE_CORPORATE_ACTIONS,https://www.nseindia.com/companies-listing/corporate-filings-actions,2026-07-17T14:51:07,VERIFIED_AMOUNT_PARSED
SEC020,INE572A01028,JBCHEPHARM,2016-03-17,2016-03-19,,4.5,INTERIM,INR, Interim Dividend -Rs 4.50/- Per Share (Purpose Revised),NSE_CORPORATE_ACTIONS,https://www.nseindia.com/companies-listing/corporate-filings-actions,2026-07-17T14:51:07,VERIFIED_AMOUNT_PARSED
SEC020,INE572A01028,JBCHEPHARM,2016-08-11,,,0.5,DIVIDEND,INR, Dividend - Re 0.50/- Per Share,NSE_CORPORATE_ACTIONS,https://www.nseindia.com/companies-listing/corporate-filings-actions,2026-07-17T14:51:07,VERIFIED_AMOUNT_PARSED
SEC020,INE572A01028,JBCHEPHARM,2017-09-11,,,1.0,DIVIDEND,INR, Annual General Meeting/Dividend - Re 1/- Per Share,NSE_CORPORATE_ACTIONS,https://www.nseindia.com/companies-listing/corporate-filings-actions,2026-07-17T14:51:07,VERIFIED_AMOUNT_PARSED
SEC020,INE572A01028,JBCHEPHARM,2018-08-27,,,2.0,DIVIDEND,INR, Dividend Rs 2/- Per Share,NSE_CORPORATE_ACTIONS,https://www.nseindia.com/companies-listing/corporate-filings-actions,2026-07-17T14:51:07,VERIFIED_AMOUNT_PARSED
SEC020,INE572A01028,JBCHEPHARM,2019-08-14,2019-08-16,,5.0,DIVIDEND,INR, Dividend - Rs 5 Per Share,NSE_CORPORATE_ACTIONS,https://www.nseindia.com/companies-listing/corporate-filings-actions,2026-07-17T14:51:07,VERIFIED_AMOUNT_PARSED
SEC020,INE572A01028,JBCHEPHARM,2020-03-03,2020-03-04,,10.0,INTERIM,INR, Interim Dividend - Rs 10 Per Share,NSE_CORPORATE_ACTIONS,https://www.nseindia.com/companies-listing/corporate-filings-actions,2026-07-17T14:51:07,VERIFIED_AMOUNT_PARSED
SEC020,INE572A01028,JBCHEPHARM,2020-09-22,2020-09-23,,1.0,DIVIDEND,INR, Annual General Meeting/Dividend -  Re 1 Per Share,NSE_CORPORATE_ACTIONS,https://www.nseindia.com/companies-listing/corporate-filings-actions,2026-07-17T14:51:07,VERIFIED_AMOUNT_PARSED
SEC020,INE572A01028,JBCHEPHARM,2021-02-18,2021-02-22,,8.5,INTERIM,INR, Interim Dividend - Rs. 8.50 Per Share,NSE_CORPORATE_ACTIONS,https://www.nseindia.com/companies-listing/corporate-filings-actions,2026-07-17T14:51:07,VERIFIED_AMOUNT_PARSED
SEC020,INE572A01028,JBCHEPHARM,2021-09-01,2021-09-02,,8.0,DIVIDEND,INR, Annual General Meeting/Dividend - Rs 8 Per Share,NSE_CORPORATE_ACTIONS,https://www.nseindia.com/companies-listing/corporate-filings-actions,2026-07-17T14:51:07,VERIFIED_AMOUNT_PARSED
SEC020,INE572A01028,JBCHEPHARM,2022-02-23,2022-02-24,,8.5,INTERIM,INR,Interim Dividend - Rs 8.50 Per Share,NSE_CORPORATE_ACTIONS,https://www.nseindia.com/companies-listing/corporate-filings-actions,2026-07-17T14:51:07,VERIFIED_AMOUNT_PARSED
SEC020,INE572A01028,JBCHEPHARM,2022-08-12,2022-08-17,,8.0,DIVIDEND,INR,Dividend - Rs 8 Per Sh,NSE_CORPORATE_ACTIONS,https://www.nseindia.com/companies-listing/corporate-filings-actions,2026-07-17T14:51:07,VERIFIED_AMOUNT_PARSED
SEC020,INE572A01028,JBCHEPHARM,2023-02-17,2023-02-18,,8.5,INTERIM,INR,Interim Dividend - Rs 8.50 Per Share,NSE_CORPORATE_ACTIONS,https://www.nseindia.com/companies-listing/corporate-filings-actions,2026-07-17T14:51:07,VERIFIED_AMOUNT_PARSED
SEC020,INE572A01028,JBCHEPHARM,2023-08-17,2023-08-17,,9.25,DIVIDEND,INR,Dividend - Rs 9.25 Per Share,NSE_CORPORATE_ACTIONS,https://www.nseindia.com/companies-listing/corporate-filings-actions,2026-07-17T14:51:07,VERIFIED_AMOUNT_PARSED
SEC020,INE572A01028,JBCHEPHARM,2024-02-16,2024-02-16,,5.5,INTERIM,INR,Interim Dividend - Rs 5.50 Per Share,NSE_CORPORATE_ACTIONS,https://www.nseindia.com/companies-listing/corporate-filings-actions,2026-07-17T14:51:07,VERIFIED_AMOUNT_PARSED
SEC020,INE572A01028,JBCHEPHARM,2024-08-14,2024-08-14,,6.75,DIVIDEND,INR,Dividend - Rs 6.75 Per Share,NSE_CORPORATE_ACTIONS,https://www.nseindia.com/companies-listing/corporate-filings-actions,2026-07-17T14:51:07,VERIFIED_AMOUNT_PARSED
SEC020,INE572A01028,JBCHEPHARM,2025-02-07,2025-02-08,,8.5,INTERIM,INR,Interim Dividend - Rs 8.50 Per Share,NSE_CORPORATE_ACTIONS,https://www.nseindia.com/companies-listing/corporate-filings-actions,2026-07-17T14:51:07,VERIFIED_AMOUNT_PARSED
SEC020,INE572A01028,JBCHEPHARM,2025-07-30,2025-07-30,,7.0,DIVIDEND,INR,Dividend - Rs 7 Per Share,NSE_CORPORATE_ACTIONS,https://www.nseindia.com/companies-listing/corporate-filings-actions,2026-07-17T14:51:07,VERIFIED_AMOUNT_PARSED
SEC020,INE572A01028,JBCHEPHARM,2026-02-11,2026-02-11,,12.7,INTERIM,INR,Interim Dividend - Rs 12.70 Per Share,NSE_CORPORATE_ACTIONS,https://www.nseindia.com/companies-listing/corporate-filings-actions,2026-07-17T14:51:07,VERIFIED_AMOUNT_PARSED
SEC020,INE572A01028,JBCHEPHARM,2026-05-29,2026-05-29,,9.3,DIVIDEND,INR,Dividend - Rs 9.30  Per Share,NSE_CORPORATE_ACTIONS,https://www.nseindia.com/companies-listing/corporate-filings-actions,2026-07-17T14:51:07,VERIFIED_AMOUNT_PARSED
SEC021,INE745G01035,MCX,2012-04-26,2012-04-27,,18.0,INTERIM,INR,Interim Dividend Rs.18/- Per Share,NSE_CORPORATE_ACTIONS,https://www.nseindia.com/companies-listing/corporate-filings-actions,2026-07-17T14:51:07,VERIFIED_AMOUNT_PARSED
SEC021,INE745G01035,MCX,2012-09-14,,,6.0,DIVIDEND,INR,Annual General Meeting And Dividend Rs.6/- Per Share,NSE_CORPORATE_ACTIONS,https://www.nseindia.com/companies-listing/corporate-filings-actions,2026-07-17T14:51:07,VERIFIED_AMOUNT_PARSED
SEC021,INE745G01035,MCX,2012-11-15,2012-11-16,,12.0,INTERIM,INR,Interim Dividend Rs.12/- Per Share,NSE_CORPORATE_ACTIONS,https://www.nseindia.com/companies-listing/corporate-filings-actions,2026-07-17T14:51:07,VERIFIED_AMOUNT_PARSED
SEC021,INE745G01035,MCX,2013-09-18,,,12.0,DIVIDEND,INR,Annual General Meeting And Dividend Rs.12/- Per Share,NSE_CORPORATE_ACTIONS,https://www.nseindia.com/companies-listing/corporate-filings-actions,2026-07-17T14:51:07,VERIFIED_AMOUNT_PARSED
SEC021,INE745G01035,MCX,2013-11-21,2013-11-22,,7.0,INTERIM,INR,Interim Dividend Rs.7/- Per Share,NSE_CORPORATE_ACTIONS,https://www.nseindia.com/companies-listing/corporate-filings-actions,2026-07-17T14:51:07,VERIFIED_AMOUNT_PARSED
SEC021,INE745G01035,MCX,2014-09-11,,,3.0,DIVIDEND,INR,Annual General Meeting And Dividend Rs.3/- Per Share,NSE_CORPORATE_ACTIONS,https://www.nseindia.com/companies-listing/corporate-filings-actions,2026-07-17T14:51:07,VERIFIED_AMOUNT_PARSED
SEC021,INE745G01035,MCX,2015-09-16,,,10.0,DIVIDEND,INR, Annual General Meeting/ Dividend -  Rs 10/- Per Share,NSE_CORPORATE_ACTIONS,https://www.nseindia.com/companies-listing/corporate-filings-actions,2026-07-17T14:51:07,VERIFIED_AMOUNT_PARSED
SEC021,INE745G01035,MCX,2016-09-09,,,6.5,DIVIDEND,INR, Annual General Meeting/Dividend - Rs 6.50 Per Share,NSE_CORPORATE_ACTIONS,https://www.nseindia.com/companies-listing/corporate-filings-actions,2026-07-17T14:51:07,VERIFIED_AMOUNT_PARSED
SEC021,INE745G01035,MCX,2017-08-14,,,15.0,DIVIDEND,INR, Annual General Meeting/Dividend - Rs 15 Per Share,NSE_CORPORATE_ACTIONS,https://www.nseindia.com/companies-listing/corporate-filings-actions,2026-07-17T14:51:07,VERIFIED_AMOUNT_PARSED
SEC021,INE745G01035,MCX,2018-08-23,,,17.0,DIVIDEND,INR, Annual General Meeting/Dividend- Rs 17 Per Share,NSE_CORPORATE_ACTIONS,https://www.nseindia.com/companies-listing/corporate-filings-actions,2026-07-17T14:51:07,VERIFIED_AMOUNT_PARSED
SEC021,INE745G01035,MCX,2019-09-12,,,20.0,DIVIDEND,INR, Annual General Meeting/Dividend - Rs 20 Per Share,NSE_CORPORATE_ACTIONS,https://www.nseindia.com/companies-listing/corporate-filings-actions,2026-07-17T14:51:07,VERIFIED_AMOUNT_PARSED
SEC021,INE745G01035,MCX,2020-08-21,,,30.0,DIVIDEND,INR, Annual General Meeting/Dividend - Rs 30 Per Share,NSE_CORPORATE_ACTIONS,https://www.nseindia.com/companies-listing/corporate-filings-actions,2026-07-17T14:51:07,VERIFIED_AMOUNT_PARSED
SEC021,INE745G01035,MCX,2021-08-26,,,27.6,DIVIDEND,INR, Dividend - Rs 27.60 Per Share,NSE_CORPORATE_ACTIONS,https://www.nseindia.com/companies-listing/corporate-filings-actions,2026-07-17T14:51:07,VERIFIED_AMOUNT_PARSED
SEC021,INE745G01035,MCX,2022-09-19,2022-09-20,,17.4,DIVIDEND,INR,Dividend - Rs 17.40 Per Share,NSE_CORPORATE_ACTIONS,https://www.nseindia.com/companies-listing/corporate-filings-actions,2026-07-17T14:51:07,VERIFIED_AMOUNT_PARSED
SEC021,INE745G01035,MCX,2023-09-15,2023-09-15,,19.09,DIVIDEND,INR,Dividend - Rs 19.09 Per Share,NSE_CORPORATE_ACTIONS,https://www.nseindia.com/companies-listing/corporate-filings-actions,2026-07-17T14:51:07,VERIFIED_AMOUNT_PARSED
SEC021,INE745G01035,MCX,2024-09-19,2024-09-19,,7.64,DIVIDEND,INR,Dividend - Rs 7.64 Per Share,NSE_CORPORATE_ACTIONS,https://www.nseindia.com/companies-listing/corporate-filings-actions,2026-07-17T14:51:07,VERIFIED_AMOUNT_PARSED
SEC021,INE745G01035,MCX,2025-08-08,2025-08-08,,30.0,DIVIDEND,INR,Dividend - Rs 30 Per Share,NSE_CORPORATE_ACTIONS,https://www.nseindia.com/companies-listing/corporate-filings-actions,2026-07-17T14:51:07,VERIFIED_AMOUNT_PARSED
SEC022,INE042A01014,ESCORTS,2012-03-01,,,1.5,DIVIDEND,INR,Dividend-Rs.1.50 Per Share,NSE_CORPORATE_ACTIONS,https://www.nseindia.com/companies-listing/corporate-filings-actions,2026-07-17T14:51:07,VERIFIED_AMOUNT_PARSED
SEC022,INE042A01014,ESCORTS,2013-03-07,,,1.2,DIVIDEND,INR,Annual General Meeting/Dividend Rs 1.20 Per Share,NSE_CORPORATE_ACTIONS,https://www.nseindia.com/companies-listing/corporate-filings-actions,2026-07-17T14:51:07,VERIFIED_AMOUNT_PARSED
SEC022,INE042A01014,ESCORTS,2013-10-14,2013-10-15,,1.2,INTERIM,INR,Interim Dividend Rs 1.20/- Per Share,NSE_CORPORATE_ACTIONS,https://www.nseindia.com/companies-listing/corporate-filings-actions,2026-07-17T14:51:07,VERIFIED_AMOUNT_PARSED
SEC022,INE042A01014,ESCORTS,2014-09-04,,,0.6,FINAL,INR,Annual General Meeting / Final Dividend - Re 0.60/- Per Share,NSE_CORPORATE_ACTIONS,https://www.nseindia.com/companies-listing/corporate-filings-actions,2026-07-17T14:51:07,VERIFIED_AMOUNT_PARSED
SEC022,INE042A01014,ESCORTS,2015-09-03,,,1.2,DIVIDEND,INR, Annual General Meeting/ Dividend -  Rs 1.20/- Per Share,NSE_CORPORATE_ACTIONS,https://www.nseindia.com/companies-listing/corporate-filings-actions,2026-07-17T14:51:07,VERIFIED_AMOUNT_PARSED
SEC022,INE042A01014,ESCORTS,2016-09-08,,,1.2,DIVIDEND,INR, Dividend - Rs 1.20/- Per Share,NSE_CORPORATE_ACTIONS,https://www.nseindia.com/companies-listing/corporate-filings-actions,2026-07-17T14:51:07,VERIFIED_AMOUNT_PARSED
SEC022,INE042A01014,ESCORTS,2017-09-07,,,1.5,DIVIDEND,INR, Dividend - Rs 1.50 Per Share,NSE_CORPORATE_ACTIONS,https://www.nseindia.com/companies-listing/corporate-filings-actions,2026-07-17T14:51:07,VERIFIED_AMOUNT_PARSED
SEC022,INE042A01014,ESCORTS,2018-08-23,,,2.0,DIVIDEND,INR, Dividend-Rs 2 Per Share,NSE_CORPORATE_ACTIONS,https://www.nseindia.com/companies-listing/corporate-filings-actions,2026-07-17T14:51:07,VERIFIED_AMOUNT_PARSED
SEC022,INE042A01014,ESCORTS,2019-07-11,,,2.5,DIVIDEND,INR, Dividend Rs - 2.50 Per Share,NSE_CORPORATE_ACTIONS,https://www.nseindia.com/companies-listing/corporate-filings-actions,2026-07-17T14:51:07,VERIFIED_AMOUNT_PARSED
SEC022,INE042A01014,ESCORTS,2020-08-13,,,2.5,DIVIDEND,INR, Annual General Meeting/Dividend - Rs 2.5 Per Sh,NSE_CORPORATE_ACTIONS,https://www.nseindia.com/companies-listing/corporate-filings-actions,2026-07-17T14:51:07,VERIFIED_AMOUNT_PARSED
SEC022,INE042A01014,ESCORTS,2021-07-15,,,7.5,SPECIAL,INR, Annual General Meeting/Dividend - Rs 5 Per Share/Special Dividend - Rs 2.50 Per Share,NSE_CORPORATE_ACTIONS,https://www.nseindia.com/companies-listing/corporate-filings-actions,2026-07-17T14:51:07,VERIFIED_AMOUNT_PARSED
SEC022,INE042A01014,ESCORTS,2022-06-30,,,7.0,DIVIDEND,INR,Annual General Meeting/Dividend - Rs 7 Per Share,NSE_CORPORATE_ACTIONS,https://www.nseindia.com/companies-listing/corporate-filings-actions,2026-07-17T14:51:07,VERIFIED_AMOUNT_PARSED
SEC022,INE042A01014,ESCORTS,2023-06-30,,,7.0,DIVIDEND,INR,Annual General Meeting/Dividend - Rs 7 Per Share,NSE_CORPORATE_ACTIONS,https://www.nseindia.com/companies-listing/corporate-filings-actions,2026-07-17T14:51:07,VERIFIED_AMOUNT_PARSED
SEC022,INE042A01014,ESCORTS,2024-07-05,,,18.0,DIVIDEND,INR,Annual General Meeting/Dividend - Rs 18 Per Share,NSE_CORPORATE_ACTIONS,https://www.nseindia.com/companies-listing/corporate-filings-actions,2026-07-17T14:51:07,VERIFIED_AMOUNT_PARSED
SEC022,INE042A01014,ESCORTS,2025-02-14,2025-02-14,,10.0,INTERIM,INR,Interim Dividend - Rs 10 Per Share,NSE_CORPORATE_ACTIONS,https://www.nseindia.com/companies-listing/corporate-filings-actions,2026-07-17T14:51:07,VERIFIED_AMOUNT_PARSED
SEC022,INE042A01014,ESCORTS,2025-07-04,2025-07-04,,18.0,DIVIDEND,INR,Dividend - Rs 18 Per Share,NSE_CORPORATE_ACTIONS,https://www.nseindia.com/companies-listing/corporate-filings-actions,2026-07-17T14:51:07,VERIFIED_AMOUNT_PARSED
SEC022,INE042A01014,ESCORTS,2026-02-16,2026-02-16,,18.0,SPECIAL,INR,Special Dividend - Rs 18 Per Share,NSE_CORPORATE_ACTIONS,https://www.nseindia.com/companies-listing/corporate-filings-actions,2026-07-17T14:51:07,VERIFIED_AMOUNT_PARSED
SEC022,INE042A01014,ESCORTS,2026-07-03,2026-07-03,,33.0,DIVIDEND,INR,Dividend - Rs 33 Per Share,NSE_CORPORATE_ACTIONS,https://www.nseindia.com/companies-listing/corporate-filings-actions,2026-07-17T14:51:07,VERIFIED_AMOUNT_PARSED
SEC023,INE818A01017,ANTELOPUS,2012-02-03,2012-02-06,,3.0,INTERIM,INR,Interim Dividend Rs.3/- Per Share (Purpose Revised),NSE_CORPORATE_ACTIONS,https://www.nseindia.com/companies-listing/corporate-filings-actions,2026-07-17T14:51:07,VERIFIED_AMOUNT_PARSED
SEC023,INE818A01017,ANTELOPUS,2013-02-14,2013-02-16,,5.0,INTERIM,INR,Interim Dividend Rs 5 Per Share (Purpose Revised),NSE_CORPORATE_ACTIONS,https://www.nseindia.com/companies-listing/corporate-filings-actions,2026-07-17T14:51:07,VERIFIED_AMOUNT_PARSED
SEC023,INE818A01017,ANTELOPUS,2014-02-13,2014-02-15,,5.0,INTERIM,INR,Interim Dividend Rs.5/- Per Share (Purpose Revised),NSE_CORPORATE_ACTIONS,https://www.nseindia.com/companies-listing/corporate-filings-actions,2026-07-17T14:51:07,VERIFIED_AMOUNT_PARSED
SEC023,INE818A01017,ANTELOPUS,2015-02-16,2015-02-19,,5.0,INTERIM,INR,Interim Dividend - Rs 5/- Per Share (Purpose Revised),NSE_CORPORATE_ACTIONS,https://www.nseindia.com/companies-listing/corporate-filings-actions,2026-07-17T14:51:07,VERIFIED_AMOUNT_PARSED
SEC023,INE818A01017,ANTELOPUS,2016-02-22,2016-02-23,,5.0,INTERIM,INR, Interim Dividend - Rs 5/- Per Share,NSE_CORPORATE_ACTIONS,https://www.nseindia.com/companies-listing/corporate-filings-actions,2026-07-17T14:51:07,VERIFIED_AMOUNT_PARSED
SEC023,INE818A01017,ANTELOPUS,2017-02-16,2017-02-18,,5.0,INTERIM,INR, Interim Dividend Rs 5/- Per Share (Purpose Revised),NSE_CORPORATE_ACTIONS,https://www.nseindia.com/companies-listing/corporate-filings-actions,2026-07-17T14:51:07,VERIFIED_AMOUNT_PARSED
SEC023,INE818A01017,ANTELOPUS,2018-02-08,2018-02-10,,5.0,INTERIM,INR, Interim Dividend Rs 5/- Per Share (Purpose Revised),NSE_CORPORATE_ACTIONS,https://www.nseindia.com/companies-listing/corporate-filings-actions,2026-07-17T14:51:07,VERIFIED_AMOUNT_PARSED
SEC023,INE818A01017,ANTELOPUS,2019-01-03,2019-01-05,,5.0,INTERIM,INR, Interim Dividend - Rs 5 Per Share,NSE_CORPORATE_ACTIONS,https://www.nseindia.com/companies-listing/corporate-filings-actions,2026-07-17T14:51:07,VERIFIED_AMOUNT_PARSED
SEC023,INE818A01017,ANTELOPUS,2020-02-20,2020-02-24,,5.0,INTERIM,INR, Interim Dividend - Rs 5 Per Share,NSE_CORPORATE_ACTIONS,https://www.nseindia.com/companies-listing/corporate-filings-actions,2026-07-17T14:51:07,VERIFIED_AMOUNT_PARSED
SEC023,INE818A01017,ANTELOPUS,2021-02-22,2021-02-23,,5.0,INTERIM,INR, Interim Dividend - Rs 5 Per Share,NSE_CORPORATE_ACTIONS,https://www.nseindia.com/companies-listing/corporate-filings-actions,2026-07-17T14:51:07,VERIFIED_AMOUNT_PARSED
SEC023,INE818A01017,ANTELOPUS,2022-02-17,2022-02-19,,5.0,INTERIM,INR,Interim Dividend - Rs 5 Per Share,NSE_CORPORATE_ACTIONS,https://www.nseindia.com/companies-listing/corporate-filings-actions,2026-07-17T14:51:07,VERIFIED_AMOUNT_PARSED
SEC024,INE939A01011,STAR,2012-05-14,,,2.0,DIVIDEND,INR,Annual General Meeting And Dividend Rs.2/- Per Share,NSE_CORPORATE_ACTIONS,https://www.nseindia.com/companies-listing/corporate-filings-actions,2026-07-17T14:51:07,VERIFIED_AMOUNT_PARSED
SEC024,INE939A01011,STAR,2013-05-30,,,2.0,DIVIDEND,INR,Annual General Meeting And Dividend Rs.2/- Per Share,NSE_CORPORATE_ACTIONS,https://www.nseindia.com/companies-listing/corporate-filings-actions,2026-07-17T14:51:07,VERIFIED_AMOUNT_PARSED
SEC024,INE939A01011,STAR,2013-12-19,2013-12-20,,500.0,SPECIAL,INR,Special Dividend - Rs 500/- Per Share,NSE_CORPORATE_ACTIONS,https://www.nseindia.com/companies-listing/corporate-filings-actions,2026-07-17T14:51:07,VERIFIED_AMOUNT_PARSED
SEC024,INE939A01011,STAR,2014-09-01,,,5.0,DIVIDEND,INR,Annual General Meeting / Dividend - Rs 5/- Per Share,NSE_CORPORATE_ACTIONS,https://www.nseindia.com/companies-listing/corporate-filings-actions,2026-07-17T14:51:07,VERIFIED_AMOUNT_PARSED
SEC024,INE939A01011,STAR,2014-10-16,2014-10-17,,105.0,SPECIAL,INR,Special Dividend Rs.105/- Per Share,NSE_CORPORATE_ACTIONS,https://www.nseindia.com/companies-listing/corporate-filings-actions,2026-07-17T14:51:07,VERIFIED_AMOUNT_PARSED
SEC024,INE939A01011,STAR,2015-07-22,,,3.0,DIVIDEND,INR,Annual General Meeting/ Dividend - Rs 3/- Per Share,NSE_CORPORATE_ACTIONS,https://www.nseindia.com/companies-listing/corporate-filings-actions,2026-07-17T14:51:07,VERIFIED_AMOUNT_PARSED
SEC024,INE939A01011,STAR,2016-07-21,,,4.0,DIVIDEND,INR, Annual General Meeting/ Dividend - Rs 4/- Per Share,NSE_CORPORATE_ACTIONS,https://www.nseindia.com/companies-listing/corporate-filings-actions,2026-07-17T14:51:07,VERIFIED_AMOUNT_PARSED
SEC024,INE939A01011,STAR,2017-09-07,,,4.5,DIVIDEND,INR, Annual General Meeting/Dividend - Rs 4.50 Per Share,NSE_CORPORATE_ACTIONS,https://www.nseindia.com/companies-listing/corporate-filings-actions,2026-07-17T14:51:07,VERIFIED_AMOUNT_PARSED
SEC024,INE939A01011,STAR,2018-09-12,,,2.0,DIVIDEND,INR, Annual General Meeting/Dividend Rs 2 Per Share,NSE_CORPORATE_ACTIONS,https://www.nseindia.com/companies-listing/corporate-filings-actions,2026-07-17T14:51:07,VERIFIED_AMOUNT_PARSED
SEC024,INE939A01011,STAR,2019-07-19,,,3.0,DIVIDEND,INR, Annual General Meeting/Dividend - Rs 3 Per Share,NSE_CORPORATE_ACTIONS,https://www.nseindia.com/companies-listing/corporate-filings-actions,2026-07-17T14:51:07,VERIFIED_AMOUNT_PARSED
SEC024,INE939A01011,STAR,2019-08-22,2019-08-23,,12.0,INTERIM,INR, Interim Dividend - Rs 12 Per Share,NSE_CORPORATE_ACTIONS,https://www.nseindia.com/companies-listing/corporate-filings-actions,2026-07-17T14:51:07,VERIFIED_AMOUNT_PARSED
SEC024,INE939A01011,STAR,2020-07-24,2020-07-27,,2.0,DIVIDEND,INR, Annual General Meeting/Dividend - Rs 2 Per Share,NSE_CORPORATE_ACTIONS,https://www.nseindia.com/companies-listing/corporate-filings-actions,2026-07-17T14:51:07,VERIFIED_AMOUNT_PARSED
SEC024,INE939A01011,STAR,2021-08-05,2021-08-06,,2.5,DIVIDEND,INR, Dividend - Rs 2.50 Per Share,NSE_CORPORATE_ACTIONS,https://www.nseindia.com/companies-listing/corporate-filings-actions,2026-07-17T14:51:07,VERIFIED_AMOUNT_PARSED
SEC024,INE939A01011,STAR,2023-08-04,2023-08-04,,1.5,DIVIDEND,INR,Dividend - Rs 1.50 Per Share,NSE_CORPORATE_ACTIONS,https://www.nseindia.com/companies-listing/corporate-filings-actions,2026-07-17T14:51:07,VERIFIED_AMOUNT_PARSED
SEC024,INE939A01011,STAR,2024-09-09,2024-09-09,,2.5,DIVIDEND,INR,Dividend - Rs 2.50 Per Share,NSE_CORPORATE_ACTIONS,https://www.nseindia.com/companies-listing/corporate-filings-actions,2026-07-17T14:51:07,VERIFIED_AMOUNT_PARSED
SEC024,INE939A01011,STAR,2025-07-22,2025-07-22,,4.0,DIVIDEND,INR,Dividend - Rs 4 Per Share,NSE_CORPORATE_ACTIONS,https://www.nseindia.com/companies-listing/corporate-filings-actions,2026-07-17T14:51:07,VERIFIED_AMOUNT_PARSED
SEC025,INE038F01029,TVTODAY,2012-08-06,,,0.75,DIVIDEND,INR,Annual General Meeting And Dividend Re.0.75 Per Share,NSE_CORPORATE_ACTIONS,https://www.nseindia.com/companies-listing/corporate-filings-actions,2026-07-17T14:51:07,VERIFIED_AMOUNT_PARSED
SEC025,INE038F01029,TVTODAY,2013-08-06,,,0.75,DIVIDEND,INR,Annual General Meeting/Dividend Re 0.75/- Per Share,NSE_CORPORATE_ACTIONS,https://www.nseindia.com/companies-listing/corporate-filings-actions,2026-07-17T14:51:07,VERIFIED_AMOUNT_PARSED
SEC025,INE038F01029,TVTODAY,2014-08-06,,,1.0,DIVIDEND,INR,Annual General Meeting / Dividend - Re 1/- Per Share,NSE_CORPORATE_ACTIONS,https://www.nseindia.com/companies-listing/corporate-filings-actions,2026-07-17T14:51:07,VERIFIED_AMOUNT_PARSED
SEC025,INE038F01029,TVTODAY,2015-08-05,,,1.5,DIVIDEND,INR,Dividend - Rs 1.50/- Per Share,NSE_CORPORATE_ACTIONS,https://www.nseindia.com/companies-listing/corporate-filings-actions,2026-07-17T14:51:07,VERIFIED_AMOUNT_PARSED
SEC025,INE038F01029,TVTODAY,2016-08-23,,,1.75,DIVIDEND,INR, Annual General Meeting/ Dividend - Rs 1.75 Per Share,NSE_CORPORATE_ACTIONS,https://www.nseindia.com/companies-listing/corporate-filings-actions,2026-07-17T14:51:07,VERIFIED_AMOUNT_PARSED
SEC025,INE038F01029,TVTODAY,2017-08-23,,,2.0,DIVIDEND,INR, Annual Genral Meeting/Dividend - Rs 2/- Per Share,NSE_CORPORATE_ACTIONS,https://www.nseindia.com/companies-listing/corporate-filings-actions,2026-07-17T14:51:07,VERIFIED_AMOUNT_PARSED
SEC025,INE038F01029,TVTODAY,2018-08-31,,,2.25,DIVIDEND,INR, Annual General Meeting/Dividend- Rs 2.25 Per Share,NSE_CORPORATE_ACTIONS,https://www.nseindia.com/companies-listing/corporate-filings-actions,2026-07-17T14:51:07,VERIFIED_AMOUNT_PARSED
SEC025,INE038F01029,TVTODAY,2019-09-04,,,2.25,DIVIDEND,INR, Annual General Meeting/Dividend - Rs 2.25 Per Share,NSE_CORPORATE_ACTIONS,https://www.nseindia.com/companies-listing/corporate-filings-actions,2026-07-17T14:51:07,VERIFIED_AMOUNT_PARSED
SEC025,INE038F01029,TVTODAY,2019-10-31,2019-11-02,,20.0,INTERIM,INR, Interim Dividend - Rs 20 Per Sh,NSE_CORPORATE_ACTIONS,https://www.nseindia.com/companies-listing/corporate-filings-actions,2026-07-17T14:51:07,VERIFIED_AMOUNT_PARSED
SEC025,INE038F01029,TVTODAY,2020-09-02,2020-09-03,,2.25,DIVIDEND,INR, Dividend - Rs 2.25 Per Share,NSE_CORPORATE_ACTIONS,https://www.nseindia.com/companies-listing/corporate-filings-actions,2026-07-17T14:51:07,VERIFIED_AMOUNT_PARSED
SEC025,INE038F01029,TVTODAY,2021-09-08,2021-09-09,,2.5,DIVIDEND,INR, Dividend - Rs 2.50 Per Share,NSE_CORPORATE_ACTIONS,https://www.nseindia.com/companies-listing/corporate-filings-actions,2026-07-17T14:51:07,VERIFIED_AMOUNT_PARSED
SEC025,INE038F01029,TVTODAY,2022-09-19,2022-09-20,,3.0,DIVIDEND,INR,Dividend - Rs 3 Per Share,NSE_CORPORATE_ACTIONS,https://www.nseindia.com/companies-listing/corporate-filings-actions,2026-07-17T14:51:07,VERIFIED_AMOUNT_PARSED
SEC025,INE038F01029,TVTODAY,2023-02-13,2023-02-13,,67.0,INTERIM+SPECIAL,INR,Special Interim Dividend - Rs 67 Per Share,NSE_CORPORATE_ACTIONS,https://www.nseindia.com/companies-listing/corporate-filings-actions,2026-07-17T14:51:07,VERIFIED_AMOUNT_PARSED
SEC025,INE038F01029,TVTODAY,2023-09-14,2023-09-14,,3.0,DIVIDEND,INR,Dividend - Rs 3 Per Share,NSE_CORPORATE_ACTIONS,https://www.nseindia.com/companies-listing/corporate-filings-actions,2026-07-17T14:51:07,VERIFIED_AMOUNT_PARSED
SEC025,INE038F01029,TVTODAY,2024-09-11,2024-09-11,,8.5,DIVIDEND,INR,Dividend - Rs 8.50 Per Share,NSE_CORPORATE_ACTIONS,https://www.nseindia.com/companies-listing/corporate-filings-actions,2026-07-17T14:51:07,VERIFIED_AMOUNT_PARSED
SEC025,INE038F01029,TVTODAY,2025-09-11,2025-09-11,,3.0,DIVIDEND,INR,Dividend - Rs 3 Per Share,NSE_CORPORATE_ACTIONS,https://www.nseindia.com/companies-listing/corporate-filings-actions,2026-07-17T14:51:07,VERIFIED_AMOUNT_PARSED
SEC026,INE912H01013,MBLINFRA,2012-02-15,2012-02-20,,1.5,INTERIM,INR,Interim Dividend Rs.1.50 Per Share (Purpose Revised),NSE_CORPORATE_ACTIONS,https://www.nseindia.com/companies-listing/corporate-filings-actions,2026-07-17T14:51:07,VERIFIED_AMOUNT_PARSED
SEC026,INE912H01013,MBLINFRA,2012-07-26,,,1.5,DIVIDEND,INR,Annual General Meeting And Dividend Rs.1.50 Per Share,NSE_CORPORATE_ACTIONS,https://www.nseindia.com/companies-listing/corporate-filings-actions,2026-07-17T14:51:07,VERIFIED_AMOUNT_PARSED
SEC026,INE912H01013,MBLINFRA,2013-08-22,,,3.0,DIVIDEND,INR,Annual General Meeting And Dividend Rs.3/- Per Share,NSE_CORPORATE_ACTIONS,https://www.nseindia.com/companies-listing/corporate-filings-actions,2026-07-17T14:51:07,VERIFIED_AMOUNT_PARSED
SEC026,INE912H01013,MBLINFRA,2014-07-31,,,3.0,DIVIDEND,INR,Annual General Meeting / Dividend - Rs 3/- Per Share,NSE_CORPORATE_ACTIONS,https://www.nseindia.com/companies-listing/corporate-filings-actions,2026-07-17T14:51:07,VERIFIED_AMOUNT_PARSED
SEC026,INE912H01013,MBLINFRA,2015-07-08,,,3.0,DIVIDEND,INR,Annual General Meeting/Dividend - Rs 3/- Per Share,NSE_CORPORATE_ACTIONS,https://www.nseindia.com/companies-listing/corporate-filings-actions,2026-07-17T14:51:07,VERIFIED_AMOUNT_PARSED
SEC026,INE912H01013,MBLINFRA,2016-08-04,,,1.5,DIVIDEND,INR, Annual General Meeting/Dividend - Rs 1.50/- Per Share,NSE_CORPORATE_ACTIONS,https://www.nseindia.com/companies-listing/corporate-filings-actions,2026-07-17T14:51:07,VERIFIED_AMOUNT_PARSED
SEC029,INE096B01018,NUCLEUS,2012-06-29,,,2.5,DIVIDEND,INR,Annual General Meeting/Dividend Rs 2.50 Per Share,NSE_CORPORATE_ACTIONS,https://www.nseindia.com/companies-listing/corporate-filings-actions,2026-07-17T14:51:07,VERIFIED_AMOUNT_PARSED
SEC029,INE096B01018,NUCLEUS,2013-06-27,,,3.0,DIVIDEND,INR,Annual Generla Meeting/Dividend Rs 3/- Per Share,NSE_CORPORATE_ACTIONS,https://www.nseindia.com/companies-listing/corporate-filings-actions,2026-07-17T14:51:07,VERIFIED_AMOUNT_PARSED
SEC029,INE096B01018,NUCLEUS,2014-06-27,,,6.0,FINAL+SPECIAL,INR,Annual General Meeting / Final Dividend - Rs 3/- Per Share + Special Dividend - Rs 3/- Per Share,NSE_CORPORATE_ACTIONS,https://www.nseindia.com/companies-listing/corporate-filings-actions,2026-07-17T14:51:07,VERIFIED_AMOUNT_PARSED
SEC029,INE096B01018,NUCLEUS,2015-06-30,,,5.0,DIVIDEND,INR,Annual General Meeting/ Dividend - Rs 5/- Per Share,NSE_CORPORATE_ACTIONS,https://www.nseindia.com/companies-listing/corporate-filings-actions,2026-07-17T14:51:07,VERIFIED_AMOUNT_PARSED
SEC029,INE096B01018,NUCLEUS,2016-03-23,2016-03-28,,5.0,INTERIM,INR, Interim Dividend - Rs 5/- Per Share (Purpose Revised),NSE_CORPORATE_ACTIONS,https://www.nseindia.com/companies-listing/corporate-filings-actions,2026-07-17T14:51:07,VERIFIED_AMOUNT_PARSED
SEC029,INE096B01018,NUCLEUS,2017-06-29,,,5.0,DIVIDEND,INR, Annual General Meeting/Dividend - Rs 5/- Per Share,NSE_CORPORATE_ACTIONS,https://www.nseindia.com/companies-listing/corporate-filings-actions,2026-07-17T14:51:07,VERIFIED_AMOUNT_PARSED
SEC029,INE096B01018,NUCLEUS,2018-06-22,,,8.0,DIVIDEND,INR, Annual General Meeting/Dividend- Rs 8 Per Share,NSE_CORPORATE_ACTIONS,https://www.nseindia.com/companies-listing/corporate-filings-actions,2026-07-17T14:51:07,VERIFIED_AMOUNT_PARSED
SEC029,INE096B01018,NUCLEUS,2019-06-28,,,9.0,DIVIDEND,INR, Annual General Meeting/Dividend - Rs 9 Per Share,NSE_CORPORATE_ACTIONS,https://www.nseindia.com/companies-listing/corporate-filings-actions,2026-07-17T14:51:07,VERIFIED_AMOUNT_PARSED
SEC029,INE096B01018,NUCLEUS,2020-03-24,2020-03-26,,9.0,INTERIM,INR, Interim Dividend - Rs 9 Per Share,NSE_CORPORATE_ACTIONS,https://www.nseindia.com/companies-listing/corporate-filings-actions,2026-07-17T14:51:07,VERIFIED_AMOUNT_PARSED
SEC029,INE096B01018,NUCLEUS,2020-08-11,2020-08-12,,3.0,INTERIM,INR, Interim Dividend - Rs 3 Per Share,NSE_CORPORATE_ACTIONS,https://www.nseindia.com/companies-listing/corporate-filings-actions,2026-07-17T14:51:07,VERIFIED_AMOUNT_PARSED
SEC029,INE096B01018,NUCLEUS,2021-07-15,,,6.0,DIVIDEND,INR, Annual General Meeting/Dividend - Rs 6 Per Share,NSE_CORPORATE_ACTIONS,https://www.nseindia.com/companies-listing/corporate-filings-actions,2026-07-17T14:51:07,VERIFIED_AMOUNT_PARSED
SEC029,INE096B01018,NUCLEUS,2022-06-30,,,7.0,DIVIDEND,INR,Annual General Meeting/Dividend - Rs 7 Per Share,NSE_CORPORATE_ACTIONS,https://www.nseindia.com/companies-listing/corporate-filings-actions,2026-07-17T14:51:07,VERIFIED_AMOUNT_PARSED
SEC029,INE096B01018,NUCLEUS,2023-07-07,,,10.0,DIVIDEND,INR,Annual General Meeting/Dividend - Rs 10 Per Share,NSE_CORPORATE_ACTIONS,https://www.nseindia.com/companies-listing/corporate-filings-actions,2026-07-17T14:51:07,VERIFIED_AMOUNT_PARSED
SEC029,INE096B01018,NUCLEUS,2024-07-05,2024-07-05,,12.5,DIVIDEND,INR,Dividend - Rs 12.5 Per Share,NSE_CORPORATE_ACTIONS,https://www.nseindia.com/companies-listing/corporate-filings-actions,2026-07-17T14:51:07,VERIFIED_AMOUNT_PARSED
SEC029,INE096B01018,NUCLEUS,2025-07-11,2025-07-11,,12.5,DIVIDEND,INR,Annual General Meeting/Dividend - Rs 12.50 Per Share,NSE_CORPORATE_ACTIONS,https://www.nseindia.com/companies-listing/corporate-filings-actions,2026-07-17T14:51:07,VERIFIED_AMOUNT_PARSED
SEC029,INE096B01018,NUCLEUS,2026-07-10,2026-07-10,,12.5,DIVIDEND,INR,Dividend - Rs 12.50 Per Share,NSE_CORPORATE_ACTIONS,https://www.nseindia.com/companies-listing/corporate-filings-actions,2026-07-17T14:51:07,VERIFIED_AMOUNT_PARSED
SEC030,INE794A01010,NEULANDLAB,2013-07-24,,,1.2,DIVIDEND,INR,Annual General Meeting And Dividend Rs.1.20 Per Share,NSE_CORPORATE_ACTIONS,https://www.nseindia.com/companies-listing/corporate-filings-actions,2026-07-17T14:51:07,VERIFIED_AMOUNT_PARSED
SEC030,INE794A01010,NEULANDLAB,2014-06-16,,,3.0,FINAL+SPECIAL,INR,Annual General Meeting/Final Dividend Rs.1.50 Per Share And Special Dividend Rs.1.50 Per Share,NSE_CORPORATE_ACTIONS,https://www.nseindia.com/companies-listing/corporate-filings-actions,2026-07-17T14:51:07,VERIFIED_AMOUNT_PARSED
SEC030,INE794A01010,NEULANDLAB,2015-08-06,,,1.5,DIVIDEND,INR,Annual General Meeting/Dividend Rs 1.50 Per Share,NSE_CORPORATE_ACTIONS,https://www.nseindia.com/companies-listing/corporate-filings-actions,2026-07-17T14:51:07,VERIFIED_AMOUNT_PARSED
SEC030,INE794A01010,NEULANDLAB,2016-08-04,,,2.0,DIVIDEND,INR, Annual General Meeting/ Dividend - Rs 2/- Per Share,NSE_CORPORATE_ACTIONS,https://www.nseindia.com/companies-listing/corporate-filings-actions,2026-07-17T14:51:07,VERIFIED_AMOUNT_PARSED
SEC030,INE794A01010,NEULANDLAB,2019-06-27,,,1.2,DIVIDEND,INR, Annual General Meeting/Dividend - Rs 1.20 Per Share,NSE_CORPORATE_ACTIONS,https://www.nseindia.com/companies-listing/corporate-filings-actions,2026-07-17T14:51:07,VERIFIED_AMOUNT_PARSED
SEC030,INE794A01010,NEULANDLAB,2020-02-18,2020-02-20,,2.0,INTERIM,INR, Interim Dividend - Rs 2 Per Share,NSE_CORPORATE_ACTIONS,https://www.nseindia.com/companies-listing/corporate-filings-actions,2026-07-17T14:51:07,VERIFIED_AMOUNT_PARSED
SEC030,INE794A01010,NEULANDLAB,2020-11-10,2020-11-11,,2.0,INTERIM,INR, Interim Dividend - Rs 2 Per Share,NSE_CORPORATE_ACTIONS,https://www.nseindia.com/companies-listing/corporate-filings-actions,2026-07-17T14:51:07,VERIFIED_AMOUNT_PARSED
SEC030,INE794A01010,NEULANDLAB,2021-06-29,,,3.0,DIVIDEND,INR, Annual General Meeting/Dividend - Rs  3 Per Share,NSE_CORPORATE_ACTIONS,https://www.nseindia.com/companies-listing/corporate-filings-actions,2026-07-17T14:51:07,VERIFIED_AMOUNT_PARSED
SEC030,INE794A01010,NEULANDLAB,2022-07-14,2022-07-15,,5.0,DIVIDEND,INR,Annual General Meeting/Dividend - Rs 5 Per Share,NSE_CORPORATE_ACTIONS,https://www.nseindia.com/companies-listing/corporate-filings-actions,2026-07-17T14:51:07,VERIFIED_AMOUNT_PARSED
SEC030,INE794A01010,NEULANDLAB,2023-07-11,,,10.0,DIVIDEND,INR,Annual General Meeting/Dividend - Rs 10 Per Share,NSE_CORPORATE_ACTIONS,https://www.nseindia.com/companies-listing/corporate-filings-actions,2026-07-17T14:51:07,VERIFIED_AMOUNT_PARSED
SEC030,INE794A01010,NEULANDLAB,2024-07-12,,,14.0,DIVIDEND,INR,Annual General Meeting/Dividend - Rs 14 Per Share,NSE_CORPORATE_ACTIONS,https://www.nseindia.com/companies-listing/corporate-filings-actions,2026-07-17T14:51:07,VERIFIED_AMOUNT_PARSED
SEC030,INE794A01010,NEULANDLAB,2025-07-18,2025-07-18,,12.0,DIVIDEND,INR,Dividend - Rs 12 Per Share,NSE_CORPORATE_ACTIONS,https://www.nseindia.com/companies-listing/corporate-filings-actions,2026-07-17T14:51:07,VERIFIED_AMOUNT_PARSED
SEC031,INE168A01041,J&KBANK,2012-07-05,,,33.5,DIVIDEND,INR,Annual General Meeting And Dividend Rs.33.50 Per Share,NSE_CORPORATE_ACTIONS,https://www.nseindia.com/companies-listing/corporate-filings-actions,2026-07-17T14:51:07,VERIFIED_AMOUNT_PARSED
SEC031,INE168A01041,J&KBANK,2013-06-13,,,50.0,DIVIDEND,INR,Annual General Meeting And Dividend Rs.50/- Per Share,NSE_CORPORATE_ACTIONS,https://www.nseindia.com/companies-listing/corporate-filings-actions,2026-07-17T14:51:07,VERIFIED_AMOUNT_PARSED
SEC031,INE168A01041,J&KBANK,2014-07-24,,,50.0,DIVIDEND,INR,Dividend - Rs 50/- Per Share,NSE_CORPORATE_ACTIONS,https://www.nseindia.com/companies-listing/corporate-filings-actions,2026-07-17T14:51:07,VERIFIED_AMOUNT_PARSED
SEC031,INE168A01041,J&KBANK,2015-08-13,,,2.1,DIVIDEND,INR, Dividend - Rs 2.10/- Per Share,NSE_CORPORATE_ACTIONS,https://www.nseindia.com/companies-listing/corporate-filings-actions,2026-07-17T14:51:07,VERIFIED_AMOUNT_PARSED
SEC031,INE168A01041,J&KBANK,2016-07-11,,,1.75,DIVIDEND,INR, Dividend - Rs 1.75/- Per Share,NSE_CORPORATE_ACTIONS,https://www.nseindia.com/companies-listing/corporate-filings-actions,2026-07-17T14:51:07,VERIFIED_AMOUNT_PARSED
SEC031,INE168A01041,J&KBANK,2023-08-17,,,0.5,DIVIDEND,INR,Annual General Meeting/Dividend - Rs  0.50 Per Share,NSE_CORPORATE_ACTIONS,https://www.nseindia.com/companies-listing/corporate-filings-actions,2026-07-17T14:51:07,VERIFIED_AMOUNT_PARSED
SEC031,INE168A01041,J&KBANK,2024-08-09,,,2.15,DIVIDEND,INR,Annual General Meeting/Dividend - Rs 2.15 Per Share,NSE_CORPORATE_ACTIONS,https://www.nseindia.com/companies-listing/corporate-filings-actions,2026-07-17T14:51:07,VERIFIED_AMOUNT_PARSED
SEC031,INE168A01041,J&KBANK,2025-08-19,2025-08-19,,2.15,DIVIDEND,INR,Dividend - Rs 2.15 Per Share,NSE_CORPORATE_ACTIONS,https://www.nseindia.com/companies-listing/corporate-filings-actions,2026-07-17T14:51:07,VERIFIED_AMOUNT_PARSED
SEC033,INE221B01012,DYNAMATECH,2012-02-15,2012-02-18,,3.0,INTERIM,INR,2nd Interim Dividend Rs 3 Per Share (Purpose Revised),NSE_CORPORATE_ACTIONS,https://www.nseindia.com/companies-listing/corporate-filings-actions,2026-07-17T14:51:07,VERIFIED_AMOUNT_PARSED
SEC033,INE221B01012,DYNAMATECH,2012-09-18,,,2.0,DIVIDEND,INR,Annual General Meeting And Dividend Rs.2/- Per Share,NSE_CORPORATE_ACTIONS,https://www.nseindia.com/companies-listing/corporate-filings-actions,2026-07-17T14:51:07,VERIFIED_AMOUNT_PARSED
SEC033,INE221B01012,DYNAMATECH,2018-08-23,2018-08-24,,2.0,INTERIM,INR, Interim Dividend-Rs 2 Per Share,NSE_CORPORATE_ACTIONS,https://www.nseindia.com/companies-listing/corporate-filings-actions,2026-07-17T14:51:07,VERIFIED_AMOUNT_PARSED
SEC033,INE221B01012,DYNAMATECH,2022-08-18,2022-08-19,,3.0,INTERIM,INR,Interim Dividend - Rs  3 Per Share,NSE_CORPORATE_ACTIONS,https://www.nseindia.com/companies-listing/corporate-filings-actions,2026-07-17T14:51:07,VERIFIED_AMOUNT_PARSED
SEC033,INE221B01012,DYNAMATECH,2023-06-09,2023-06-09,,7.0,DIVIDEND,INR,Dividend - Rs 7 Per Share,NSE_CORPORATE_ACTIONS,https://www.nseindia.com/companies-listing/corporate-filings-actions,2026-07-17T14:51:07,VERIFIED_AMOUNT_PARSED
SEC033,INE221B01012,DYNAMATECH,2024-02-23,2024-02-23,,5.0,INTERIM,INR,Interim Dividend - Rs  5 Per Share,NSE_CORPORATE_ACTIONS,https://www.nseindia.com/companies-listing/corporate-filings-actions,2026-07-17T14:51:07,VERIFIED_AMOUNT_PARSED
SEC033,INE221B01012,DYNAMATECH,2024-08-02,2024-08-02,,5.0,DIVIDEND,INR,Dividend - Rs 5 Per Share,NSE_CORPORATE_ACTIONS,https://www.nseindia.com/companies-listing/corporate-filings-actions,2026-07-17T14:51:07,VERIFIED_AMOUNT_PARSED
SEC033,INE221B01012,DYNAMATECH,2024-11-29,2024-11-29,,2.0,INTERIM,INR,Interim Dividend - Rs 2 Per Share,NSE_CORPORATE_ACTIONS,https://www.nseindia.com/companies-listing/corporate-filings-actions,2026-07-17T14:51:07,VERIFIED_AMOUNT_PARSED
SEC033,INE221B01012,DYNAMATECH,2026-02-13,2026-02-13,,5.0,INTERIM,INR,Interim Dividend - Rs 5 Per Share,NSE_CORPORATE_ACTIONS,https://www.nseindia.com/companies-listing/corporate-filings-actions,2026-07-17T14:51:07,VERIFIED_AMOUNT_PARSED
SEC034,INE511C01022,POONAWALLA,2012-07-04,,,0.6,DIVIDEND,INR,Annual General Meeting And Dividend Re.0.60 Per Share,NSE_CORPORATE_ACTIONS,https://www.nseindia.com/companies-listing/corporate-filings-actions,2026-07-17T14:51:07,VERIFIED_AMOUNT_PARSED
SEC034,INE511C01022,POONAWALLA,2013-07-10,,,0.8,DIVIDEND,INR,Annual General Meeting /Dividend Re 0.80 Per Equity Share,NSE_CORPORATE_ACTIONS,https://www.nseindia.com/companies-listing/corporate-filings-actions,2026-07-17T14:51:07,VERIFIED_AMOUNT_PARSED
SEC034,INE511C01022,POONAWALLA,2014-07-23,,,0.8,DIVIDEND,INR,Annual General Meeting /Dividend Re 0.80 Per Equity Share,NSE_CORPORATE_ACTIONS,https://www.nseindia.com/companies-listing/corporate-filings-actions,2026-07-17T14:51:07,VERIFIED_AMOUNT_PARSED
SEC034,INE511C01022,POONAWALLA,2015-07-23,,,0.8,DIVIDEND,INR,Annual General Meeting/Dividend Re - 0.80/- Per Share,NSE_CORPORATE_ACTIONS,https://www.nseindia.com/companies-listing/corporate-filings-actions,2026-07-17T14:51:07,VERIFIED_AMOUNT_PARSED
SEC034,INE511C01022,POONAWALLA,2016-07-27,,,0.8,DIVIDEND,INR, Dividend - Re 0.80/- Per Share,NSE_CORPORATE_ACTIONS,https://www.nseindia.com/companies-listing/corporate-filings-actions,2026-07-17T14:51:07,VERIFIED_AMOUNT_PARSED
SEC034,INE511C01022,POONAWALLA,2017-07-25,,,0.8,DIVIDEND,INR, Dividend-Re 0.80 Per Share,NSE_CORPORATE_ACTIONS,https://www.nseindia.com/companies-listing/corporate-filings-actions,2026-07-17T14:51:07,VERIFIED_AMOUNT_PARSED
SEC034,INE511C01022,POONAWALLA,2018-07-25,,,0.8,DIVIDEND,INR, Dividend- Re 0.80 Per Share,NSE_CORPORATE_ACTIONS,https://www.nseindia.com/companies-listing/corporate-filings-actions,2026-07-17T14:51:07,VERIFIED_AMOUNT_PARSED
SEC034,INE511C01022,POONAWALLA,2019-07-24,,,0.8,DIVIDEND,INR, Annual General Meeting/Dividend - Rs 0.80 Per Share,NSE_CORPORATE_ACTIONS,https://www.nseindia.com/companies-listing/corporate-filings-actions,2026-07-17T14:51:07,VERIFIED_AMOUNT_PARSED
SEC034,INE511C01022,POONAWALLA,2022-07-21,,,0.4,DIVIDEND,INR,Annual General Meeting/Dividend - Rs 0.40 Per Share,NSE_CORPORATE_ACTIONS,https://www.nseindia.com/companies-listing/corporate-filings-actions,2026-07-17T14:51:07,VERIFIED_AMOUNT_PARSED
SEC034,INE511C01022,POONAWALLA,2023-07-18,,,2.0,DIVIDEND,INR,Annual General Meeting/Dividend - Rs 2 Per Share,NSE_CORPORATE_ACTIONS,https://www.nseindia.com/companies-listing/corporate-filings-actions,2026-07-17T14:51:07,VERIFIED_AMOUNT_PARSED
SEC034,INE511C01022,POONAWALLA,2024-01-31,2024-01-31,,2.0,INTERIM,INR,Interim Dividend - Rs 2 Per Share,NSE_CORPORATE_ACTIONS,https://www.nseindia.com/companies-listing/corporate-filings-actions,2026-07-17T14:51:07,VERIFIED_AMOUNT_PARSED
SEC035,INE527H01019,UFO,2016-03-17,2016-03-19,,5.0,INTERIM,INR, Interim Dividend - Rs 5/- Per Share (Purpose Revised),NSE_CORPORATE_ACTIONS,https://www.nseindia.com/companies-listing/corporate-filings-actions,2026-07-17T14:51:07,VERIFIED_AMOUNT_PARSED
SEC035,INE527H01019,UFO,2016-09-02,,,3.0,DIVIDEND,INR, Annual General Meeting/Dividend - Rs 3/- Per Share,NSE_CORPORATE_ACTIONS,https://www.nseindia.com/companies-listing/corporate-filings-actions,2026-07-17T14:51:07,VERIFIED_AMOUNT_PARSED
SEC035,INE527H01019,UFO,2017-09-15,,,10.0,DIVIDEND,INR, Annual General Meeting/Dividend - Rs 10/- Per Share,NSE_CORPORATE_ACTIONS,https://www.nseindia.com/companies-listing/corporate-filings-actions,2026-07-17T14:51:07,VERIFIED_AMOUNT_PARSED
SEC035,INE527H01019,UFO,2018-08-01,,,12.5,DIVIDEND,INR, Annual General Meeting/Dividend- Rs 12.50 Per Share,NSE_CORPORATE_ACTIONS,https://www.nseindia.com/companies-listing/corporate-filings-actions,2026-07-17T14:51:07,VERIFIED_AMOUNT_PARSED
SEC035,INE527H01019,UFO,2019-06-06,2019-06-07,,27.5,INTERIM+SPECIAL,INR, Interim Dividend Rs - 12.50 Per Share/ Special Dividend Rs - 15.00 Per Share,NSE_CORPORATE_ACTIONS,https://www.nseindia.com/companies-listing/corporate-filings-actions,2026-07-17T14:51:07,VERIFIED_AMOUNT_PARSED
SEC035,INE527H01019,UFO,2019-07-17,,,2.5,DIVIDEND,INR, Annual General Meeting/Dividend - Rs 2.50 Per Share,NSE_CORPORATE_ACTIONS,https://www.nseindia.com/companies-listing/corporate-filings-actions,2026-07-17T14:51:07,VERIFIED_AMOUNT_PARSED
SEC035,INE527H01019,UFO,2020-03-11,2020-03-12,,15.0,INTERIM,INR, Interim Dividend - Rs 15 Per Share,NSE_CORPORATE_ACTIONS,https://www.nseindia.com/companies-listing/corporate-filings-actions,2026-07-17T14:51:07,VERIFIED_AMOUNT_PARSED
SEC037,INE684F01012,FSL,2018-07-26,,,1.5,DIVIDEND,INR, Annual General Meeting/Dividend- Rs 1.50 Per Share,NSE_CORPORATE_ACTIONS,https://www.nseindia.com/companies-listing/corporate-filings-actions,2026-07-17T14:51:07,VERIFIED_AMOUNT_PARSED
SEC037,INE684F01012,FSL,2019-07-25,,,2.0,DIVIDEND,INR, Annual General Meeting/Dividend - Rs 2 Per Share,NSE_CORPORATE_ACTIONS,https://www.nseindia.com/companies-listing/corporate-filings-actions,2026-07-17T14:51:07,VERIFIED_AMOUNT_PARSED
SEC037,INE684F01012,FSL,2020-02-27,2020-02-28,,2.5,INTERIM,INR, Interim Dividend - Rs 2.50 Per Share,NSE_CORPORATE_ACTIONS,https://www.nseindia.com/companies-listing/corporate-filings-actions,2026-07-17T14:51:07,VERIFIED_AMOUNT_PARSED
SEC037,INE684F01012,FSL,2021-02-17,2021-02-19,,3.0,INTERIM,INR, Interim Dividend - Rs 3 Per Share,NSE_CORPORATE_ACTIONS,https://www.nseindia.com/companies-listing/corporate-filings-actions,2026-07-17T14:51:07,VERIFIED_AMOUNT_PARSED
SEC037,INE684F01012,FSL,2022-02-17,2022-02-18,,3.5,INTERIM,INR,Interim Dividend - Rs 3.50 Per Share,NSE_CORPORATE_ACTIONS,https://www.nseindia.com/companies-listing/corporate-filings-actions,2026-07-17T14:51:07,VERIFIED_AMOUNT_PARSED
SEC037,INE684F01012,FSL,2023-02-17,2023-02-17,,3.5,INTERIM,INR,Interim Dividend - Rs  3.50 Per Share,NSE_CORPORATE_ACTIONS,https://www.nseindia.com/companies-listing/corporate-filings-actions,2026-07-17T14:51:07,VERIFIED_AMOUNT_PARSED
SEC037,INE684F01012,FSL,2024-02-16,2024-02-16,,3.5,INTERIM,INR,Interim Dividend - Rs 3.50 Per Share,NSE_CORPORATE_ACTIONS,https://www.nseindia.com/companies-listing/corporate-filings-actions,2026-07-17T14:51:07,VERIFIED_AMOUNT_PARSED
SEC037,INE684F01012,FSL,2025-02-21,2025-02-21,,4.0,INTERIM,INR,Interim Dividend - Rs 4 Per Share,NSE_CORPORATE_ACTIONS,https://www.nseindia.com/companies-listing/corporate-filings-actions,2026-07-17T14:51:07,VERIFIED_AMOUNT_PARSED
SEC037,INE684F01012,FSL,2026-02-20,2026-02-20,,5.5,INTERIM,INR,Interim Dividend - Rs 5.50 Per Share,NSE_CORPORATE_ACTIONS,https://www.nseindia.com/companies-listing/corporate-filings-actions,2026-07-17T14:51:07,VERIFIED_AMOUNT_PARSED
SEC038,INE192A01025,TATACONSUM,2012-08-09,,,2.15,DIVIDEND,INR,Annual General Meeting/ Dividend Rs. 2.15 Per Share,NSE_CORPORATE_ACTIONS,https://www.nseindia.com/companies-listing/corporate-filings-actions,2026-07-17T14:51:07,VERIFIED_AMOUNT_PARSED
SEC038,INE192A01025,TATACONSUM,2013-06-27,,,2.15,DIVIDEND,INR,Annual General Meeting/Dividend Rs 2.15/- Per Share,NSE_CORPORATE_ACTIONS,https://www.nseindia.com/companies-listing/corporate-filings-actions,2026-07-17T14:51:07,VERIFIED_AMOUNT_PARSED
SEC038,INE192A01025,TATACONSUM,2014-08-05,,,2.25,DIVIDEND,INR,Annual General Meeting / Dividend - Rs 2.25/- Per Share,NSE_CORPORATE_ACTIONS,https://www.nseindia.com/companies-listing/corporate-filings-actions,2026-07-17T14:51:07,VERIFIED_AMOUNT_PARSED
SEC038,INE192A01025,TATACONSUM,2015-07-30,,,2.25,DIVIDEND,INR,Annual General Meeting/ Dividend - Rs 2.25/- Per Share,NSE_CORPORATE_ACTIONS,https://www.nseindia.com/companies-listing/corporate-filings-actions,2026-07-17T14:51:07,VERIFIED_AMOUNT_PARSED
SEC038,INE192A01025,TATACONSUM,2016-08-08,,,2.25,DIVIDEND,INR, Annual General Meeting/Dividend Rs 2.25 Per Share,NSE_CORPORATE_ACTIONS,https://www.nseindia.com/companies-listing/corporate-filings-actions,2026-07-17T14:51:07,VERIFIED_AMOUNT_PARSED
SEC038,INE192A01025,TATACONSUM,2017-08-04,,,2.35,DIVIDEND,INR, Annual General Meeting/Dividend- Rs 2.35 Per Share,NSE_CORPORATE_ACTIONS,https://www.nseindia.com/companies-listing/corporate-filings-actions,2026-07-17T14:51:07,VERIFIED_AMOUNT_PARSED
SEC038,INE192A01025,TATACONSUM,2018-06-20,,,2.5,DIVIDEND,INR, Annual General Meeting / Dividend- Rs 2.50 Per Share,NSE_CORPORATE_ACTIONS,https://www.nseindia.com/companies-listing/corporate-filings-actions,2026-07-17T14:51:07,VERIFIED_AMOUNT_PARSED
SEC038,INE192A01025,TATACONSUM,2019-05-24,,,2.5,DIVIDEND,INR, Annual General Meeting/ Dividend - Rs 2.50 Per Share,NSE_CORPORATE_ACTIONS,https://www.nseindia.com/companies-listing/corporate-filings-actions,2026-07-17T14:51:07,VERIFIED_AMOUNT_PARSED
SEC038,INE192A01025,TATACONSUM,2020-06-18,,,2.7,DIVIDEND,INR, Annual General Meeting/Dividend -Rs 2.70 Per Share,NSE_CORPORATE_ACTIONS,https://www.nseindia.com/companies-listing/corporate-filings-actions,2026-07-17T14:51:07,VERIFIED_AMOUNT_PARSED
SEC038,INE192A01025,TATACONSUM,2021-06-10,,,4.05,DIVIDEND,INR, Annual General Meeting/Dividend - Rs 4.05 Per Share,NSE_CORPORATE_ACTIONS,https://www.nseindia.com/companies-listing/corporate-filings-actions,2026-07-17T14:51:07,VERIFIED_AMOUNT_PARSED
SEC038,INE192A01025,TATACONSUM,2022-06-09,,,6.05,DIVIDEND,INR,Annual General Meeting/Dividend - Rs  6.05 Per Share,NSE_CORPORATE_ACTIONS,https://www.nseindia.com/companies-listing/corporate-filings-actions,2026-07-17T14:51:07,VERIFIED_AMOUNT_PARSED
SEC038,INE192A01025,TATACONSUM,2023-05-19,,,8.45,DIVIDEND,INR,Annual General Meeting/Dividend - Rs 8.45 Per Share,NSE_CORPORATE_ACTIONS,https://www.nseindia.com/companies-listing/corporate-filings-actions,2026-07-17T14:51:07,VERIFIED_AMOUNT_PARSED
SEC038,INE192A01025,TATACONSUM,2024-05-24,2024-05-24,,7.75,DIVIDEND,INR,Dividend - Rs 7.75 Per Share,NSE_CORPORATE_ACTIONS,https://www.nseindia.com/companies-listing/corporate-filings-actions,2026-07-17T14:51:07,VERIFIED_AMOUNT_PARSED
SEC038,INE192A01025,TATACONSUM,2025-05-29,2025-05-29,,8.25,DIVIDEND,INR,Dividend - Rs 8.25 Per Share,NSE_CORPORATE_ACTIONS,https://www.nseindia.com/companies-listing/corporate-filings-actions,2026-07-17T14:51:07,VERIFIED_AMOUNT_PARSED
SEC038,INE192A01025,TATACONSUM,2026-05-25,2026-05-25,,10.0,DIVIDEND,INR,Dividend - Rs 10 Per Share,NSE_CORPORATE_ACTIONS,https://www.nseindia.com/companies-listing/corporate-filings-actions,2026-07-17T14:51:07,VERIFIED_AMOUNT_PARSED
SEC039,INE683A01023,SOUTHBANK,2012-06-20,,,0.6,DIVIDEND,INR,Annual General Meeting/Dividend Re 0.60 Per Share,NSE_CORPORATE_ACTIONS,https://www.nseindia.com/companies-listing/corporate-filings-actions,2026-07-17T14:51:07,VERIFIED_AMOUNT_PARSED
SEC039,INE683A01023,SOUTHBANK,2013-06-20,,,0.7,DIVIDEND,INR,Annual General Meeting/Dividend Re 0.70 Per Equity Share,NSE_CORPORATE_ACTIONS,https://www.nseindia.com/companies-listing/corporate-filings-actions,2026-07-17T14:51:07,VERIFIED_AMOUNT_PARSED
SEC039,INE683A01023,SOUTHBANK,2014-07-08,,,0.8,DIVIDEND,INR,Annual General Meeting / Dividend - Re 0.80/- Per Share,NSE_CORPORATE_ACTIONS,https://www.nseindia.com/companies-listing/corporate-filings-actions,2026-07-17T14:51:07,VERIFIED_AMOUNT_PARSED
SEC039,INE683A01023,SOUTHBANK,2015-07-07,,,0.6,DIVIDEND,INR,Annual General Meeting/Dividend - Re 0.60/- Per Share,NSE_CORPORATE_ACTIONS,https://www.nseindia.com/companies-listing/corporate-filings-actions,2026-07-17T14:51:07,VERIFIED_AMOUNT_PARSED
SEC039,INE683A01023,SOUTHBANK,2016-06-30,,,0.5,DIVIDEND,INR, Dividend - Re 0.50/- Per Share,NSE_CORPORATE_ACTIONS,https://www.nseindia.com/companies-listing/corporate-filings-actions,2026-07-17T14:51:07,VERIFIED_AMOUNT_PARSED
SEC039,INE683A01023,SOUTHBANK,2017-07-03,,,,DIVIDEND,INR, Annual General Meeting/Dividend - 0.40 Per Share,NSE_CORPORATE_ACTIONS,https://www.nseindia.com/companies-listing/corporate-filings-actions,2026-07-17T14:51:07,INSUFFICIENT_AMOUNT_PARSE
SEC039,INE683A01023,SOUTHBANK,2018-07-03,,,0.4,DIVIDEND,INR, Annual General Meeting/Dividend Re 0.40 Per Share,NSE_CORPORATE_ACTIONS,https://www.nseindia.com/companies-listing/corporate-filings-actions,2026-07-17T14:51:07,VERIFIED_AMOUNT_PARSED
SEC039,INE683A01023,SOUTHBANK,2019-07-09,,,0.25,DIVIDEND,INR, Annual General Meeting/Dividend - Rs 0.25 Per Share,NSE_CORPORATE_ACTIONS,https://www.nseindia.com/companies-listing/corporate-filings-actions,2026-07-17T14:51:07,VERIFIED_AMOUNT_PARSED
SEC039,INE683A01023,SOUTHBANK,2023-08-17,,,0.3,DIVIDEND,INR,Annual General Meeting/Dividend - Re 0.30 Per Share,NSE_CORPORATE_ACTIONS,https://www.nseindia.com/companies-listing/corporate-filings-actions,2026-07-17T14:51:07,VERIFIED_AMOUNT_PARSED
SEC039,INE683A01023,SOUTHBANK,2024-08-20,,,0.3,DIVIDEND,INR,Annual General Meeting/Dividend - Rs 0.30 Per Share,NSE_CORPORATE_ACTIONS,https://www.nseindia.com/companies-listing/corporate-filings-actions,2026-07-17T14:51:07,VERIFIED_AMOUNT_PARSED
SEC039,INE683A01023,SOUTHBANK,2025-08-13,2025-08-13,,0.4,DIVIDEND,INR,Dividend - Rs 0.40 Per Share,NSE_CORPORATE_ACTIONS,https://www.nseindia.com/companies-listing/corporate-filings-actions,2026-07-17T14:51:07,VERIFIED_AMOUNT_PARSED
SEC040,INE979A01017,SAREGAMA,2013-07-18,,,1.5,DIVIDEND,INR,Annual General Meeting/Dividend Rs 1.50/- Per Share,NSE_CORPORATE_ACTIONS,https://www.nseindia.com/companies-listing/corporate-filings-actions,2026-07-17T14:51:07,VERIFIED_AMOUNT_PARSED
SEC040,INE979A01017,SAREGAMA,2014-07-22,,,1.5,DIVIDEND,INR,Annual General Meeting/Dividend Rs.1.50/- Per Share,NSE_CORPORATE_ACTIONS,https://www.nseindia.com/companies-listing/corporate-filings-actions,2026-07-17T14:51:07,VERIFIED_AMOUNT_PARSED
SEC040,INE979A01017,SAREGAMA,2015-07-22,,,1.5,DIVIDEND,INR,Annual General Meeting/Dividend - Rs 1.50 Per Share,NSE_CORPORATE_ACTIONS,https://www.nseindia.com/companies-listing/corporate-filings-actions,2026-07-17T14:51:07,VERIFIED_AMOUNT_PARSED
SEC040,INE979A01017,SAREGAMA,2016-07-14,,,1.5,DIVIDEND,INR, Annual General Meeting/ Dividend - Re. 1.50/- Per Share,NSE_CORPORATE_ACTIONS,https://www.nseindia.com/companies-listing/corporate-filings-actions,2026-07-17T14:51:07,VERIFIED_AMOUNT_PARSED
SEC040,INE979A01017,SAREGAMA,2017-07-20,,,1.5,DIVIDEND,INR, Annual General Meeting/Dividend - Rs 1.50 Per Share,NSE_CORPORATE_ACTIONS,https://www.nseindia.com/companies-listing/corporate-filings-actions,2026-07-17T14:51:07,VERIFIED_AMOUNT_PARSED
SEC040,INE979A01017,SAREGAMA,2018-07-19,,,3.0,DIVIDEND,INR, Annual General Meeting/Dividend- Rs 3 Per Share,NSE_CORPORATE_ACTIONS,https://www.nseindia.com/companies-listing/corporate-filings-actions,2026-07-17T14:51:07,VERIFIED_AMOUNT_PARSED
SEC040,INE979A01017,SAREGAMA,2019-07-11,,,3.0,DIVIDEND,INR, Annual General Meeting/Dividend - Rs 3 Per Share,NSE_CORPORATE_ACTIONS,https://www.nseindia.com/companies-listing/corporate-filings-actions,2026-07-17T14:51:07,VERIFIED_AMOUNT_PARSED
SEC040,INE979A01017,SAREGAMA,2020-08-03,,,1.5,DIVIDEND,INR, Annual General Meeting/Dividend - Rs 1.50 Per Share,NSE_CORPORATE_ACTIONS,https://www.nseindia.com/companies-listing/corporate-filings-actions,2026-07-17T14:51:07,VERIFIED_AMOUNT_PARSED
SEC040,INE979A01017,SAREGAMA,2021-04-05,2021-04-06,,20.0,INTERIM,INR, Interim Dividend - Rs 20 Per Share,NSE_CORPORATE_ACTIONS,https://www.nseindia.com/companies-listing/corporate-filings-actions,2026-07-17T14:51:07,VERIFIED_AMOUNT_PARSED
SEC040,INE979A01017,SAREGAMA,2022-01-31,2022-02-01,,30.0,INTERIM,INR,Interim Dividend - Rs 30 Per Share,NSE_CORPORATE_ACTIONS,https://www.nseindia.com/companies-listing/corporate-filings-actions,2026-07-17T14:51:07,VERIFIED_AMOUNT_PARSED
SEC040,INE979A01017,SAREGAMA,2023-02-02,2023-02-02,,3.0,INTERIM,INR,Interim Dividend - Rs 3 Per Share,NSE_CORPORATE_ACTIONS,https://www.nseindia.com/companies-listing/corporate-filings-actions,2026-07-17T14:51:07,VERIFIED_AMOUNT_PARSED
SEC040,INE979A01017,SAREGAMA,2024-02-21,2024-02-21,,4.0,INTERIM,INR,Interim Dividend - Rs 4 Per Share,NSE_CORPORATE_ACTIONS,https://www.nseindia.com/companies-listing/corporate-filings-actions,2026-07-17T14:51:07,VERIFIED_AMOUNT_PARSED
SEC040,INE979A01017,SAREGAMA,2025-02-14,2025-02-14,,4.5,INTERIM,INR,Interim Dividend - Rs 4.50 Per Share,NSE_CORPORATE_ACTIONS,https://www.nseindia.com/companies-listing/corporate-filings-actions,2026-07-17T14:51:07,VERIFIED_AMOUNT_PARSED
SEC040,INE979A01017,SAREGAMA,2025-11-11,2025-11-11,,4.5,INTERIM,INR,Interim Dividend - Rs 4.50 Per Share,NSE_CORPORATE_ACTIONS,https://www.nseindia.com/companies-listing/corporate-filings-actions,2026-07-17T14:51:07,VERIFIED_AMOUNT_PARSED
SEC041,INE338I01027,MOTILALOFS,2012-01-20,2012-01-23,,1.0,INTERIM,INR,Interim Dividend Re.1/- Per Share (Purpose Revised),NSE_CORPORATE_ACTIONS,https://www.nseindia.com/companies-listing/corporate-filings-actions,2026-07-17T14:51:07,VERIFIED_AMOUNT_PARSED
SEC041,INE338I01027,MOTILALOFS,2012-07-16,,,0.5,DIVIDEND,INR,Annual General Meeting/Dividend Rs. 0.50 Per Share,NSE_CORPORATE_ACTIONS,https://www.nseindia.com/companies-listing/corporate-filings-actions,2026-07-17T14:51:07,VERIFIED_AMOUNT_PARSED
SEC041,INE338I01027,MOTILALOFS,2012-10-23,2012-10-26,,1.0,INTERIM,INR,Interim Dividend Re 1 Per Share (Purpose Revised),NSE_CORPORATE_ACTIONS,https://www.nseindia.com/companies-listing/corporate-filings-actions,2026-07-17T14:51:07,VERIFIED_AMOUNT_PARSED
SEC041,INE338I01027,MOTILALOFS,2013-07-18,,,1.0,DIVIDEND,INR,Annual General Meeting / Dividend - Re 1/- Per Share,NSE_CORPORATE_ACTIONS,https://www.nseindia.com/companies-listing/corporate-filings-actions,2026-07-17T14:51:07,VERIFIED_AMOUNT_PARSED
SEC041,INE338I01027,MOTILALOFS,2013-10-31,2013-11-01,,1.0,INTERIM,INR,Interim Dividend Re 1 Per Share (Purpose Revised),NSE_CORPORATE_ACTIONS,https://www.nseindia.com/companies-listing/corporate-filings-actions,2026-07-17T14:51:07,VERIFIED_AMOUNT_PARSED
SEC041,INE338I01027,MOTILALOFS,2014-08-13,,,1.0,FINAL,INR,Annual General Meeting / Final Dividend - Re 1/- Per Share,NSE_CORPORATE_ACTIONS,https://www.nseindia.com/companies-listing/corporate-filings-actions,2026-07-17T14:51:07,VERIFIED_AMOUNT_PARSED
SEC041,INE338I01027,MOTILALOFS,2015-02-05,2015-02-06,,2.0,INTERIM,INR,Interim Dividend - Rs 2/- Per Share (Purpose Revised),NSE_CORPORATE_ACTIONS,https://www.nseindia.com/companies-listing/corporate-filings-actions,2026-07-17T14:51:07,VERIFIED_AMOUNT_PARSED
SEC041,INE338I01027,MOTILALOFS,2015-07-30,,,1.0,DIVIDEND,INR,Annual General Meeting/Dividend - Re 1/- Per Share,NSE_CORPORATE_ACTIONS,https://www.nseindia.com/companies-listing/corporate-filings-actions,2026-07-17T14:51:07,VERIFIED_AMOUNT_PARSED
SEC041,INE338I01027,MOTILALOFS,2016-02-11,2016-02-13,,2.0,INTERIM,INR, Interim Dividend - Rs 2/- Per Share,NSE_CORPORATE_ACTIONS,https://www.nseindia.com/companies-listing/corporate-filings-actions,2026-07-17T14:51:07,VERIFIED_AMOUNT_PARSED
SEC041,INE338I01027,MOTILALOFS,2016-03-22,2016-03-23,,1.5,INTERIM,INR, Interim Dividend - Rs 1.50/- Per Share,NSE_CORPORATE_ACTIONS,https://www.nseindia.com/companies-listing/corporate-filings-actions,2026-07-17T14:51:07,VERIFIED_AMOUNT_PARSED
SEC041,INE338I01027,MOTILALOFS,2017-02-08,2017-02-09,,2.5,INTERIM,INR, Interim Dividend Rs 2.50 Per Share,NSE_CORPORATE_ACTIONS,https://www.nseindia.com/companies-listing/corporate-filings-actions,2026-07-17T14:51:07,VERIFIED_AMOUNT_PARSED
SEC041,INE338I01027,MOTILALOFS,2017-07-20,2017-07-21,,3.0,DIVIDEND,INR, Dividend - Rs 3 Per Share,NSE_CORPORATE_ACTIONS,https://www.nseindia.com/companies-listing/corporate-filings-actions,2026-07-17T14:51:07,VERIFIED_AMOUNT_PARSED
SEC041,INE338I01027,MOTILALOFS,2018-02-05,2018-02-06,,4.0,INTERIM,INR, Interim Dividend - Rs 4 Per Share,NSE_CORPORATE_ACTIONS,https://www.nseindia.com/companies-listing/corporate-filings-actions,2026-07-17T14:51:07,VERIFIED_AMOUNT_PARSED
SEC041,INE338I01027,MOTILALOFS,2018-09-19,2018-09-21,,4.5,DIVIDEND,INR, Dividend- Rs 4.50 Per Share,NSE_CORPORATE_ACTIONS,https://www.nseindia.com/companies-listing/corporate-filings-actions,2026-07-17T14:51:07,VERIFIED_AMOUNT_PARSED
SEC041,INE338I01027,MOTILALOFS,2019-01-25,2019-01-28,,4.0,INTERIM,INR, Interim Dividend - Rs 4 Per Share,NSE_CORPORATE_ACTIONS,https://www.nseindia.com/companies-listing/corporate-filings-actions,2026-07-17T14:51:07,VERIFIED_AMOUNT_PARSED
SEC041,INE338I01027,MOTILALOFS,2019-07-24,2019-07-25,,4.5,DIVIDEND,INR, Dividend - Rs 4.50 Per Sh,NSE_CORPORATE_ACTIONS,https://www.nseindia.com/companies-listing/corporate-filings-actions,2026-07-17T14:51:07,VERIFIED_AMOUNT_PARSED
SEC041,INE338I01027,MOTILALOFS,2020-01-31,2020-02-03,,4.0,INTERIM,INR, Interim Dividend-Rs 4 Per Share,NSE_CORPORATE_ACTIONS,https://www.nseindia.com/companies-listing/corporate-filings-actions,2026-07-17T14:51:07,VERIFIED_AMOUNT_PARSED
SEC041,INE338I01027,MOTILALOFS,2021-02-08,2021-02-09,,5.0,INTERIM,INR, Interim Dividend - Rs 5 Per Share,NSE_CORPORATE_ACTIONS,https://www.nseindia.com/companies-listing/corporate-filings-actions,2026-07-17T14:51:07,VERIFIED_AMOUNT_PARSED
SEC041,INE338I01027,MOTILALOFS,2021-08-02,2021-08-03,,5.0,DIVIDEND,INR, Dividend - Rs 5 Per Share,NSE_CORPORATE_ACTIONS,https://www.nseindia.com/companies-listing/corporate-filings-actions,2026-07-17T14:51:07,VERIFIED_AMOUNT_PARSED
SEC041,INE338I01027,MOTILALOFS,2022-02-03,2022-02-04,,7.0,INTERIM,INR,Interim Dividend - Rs 7 Per Share,NSE_CORPORATE_ACTIONS,https://www.nseindia.com/companies-listing/corporate-filings-actions,2026-07-17T14:51:07,VERIFIED_AMOUNT_PARSED
SEC041,INE338I01027,MOTILALOFS,2022-07-01,2022-07-04,,3.0,DIVIDEND,INR,Dividend - Rs 3 Per Share,NSE_CORPORATE_ACTIONS,https://www.nseindia.com/companies-listing/corporate-filings-actions,2026-07-17T14:51:07,VERIFIED_AMOUNT_PARSED
SEC041,INE338I01027,MOTILALOFS,2023-02-03,2023-02-04,,7.0,INTERIM,INR,Interim Dividend - Rs 7 Per Share,NSE_CORPORATE_ACTIONS,https://www.nseindia.com/companies-listing/corporate-filings-actions,2026-07-17T14:51:07,VERIFIED_AMOUNT_PARSED
SEC041,INE338I01027,MOTILALOFS,2023-07-04,2023-07-04,,3.0,DIVIDEND,INR,Dividend - Rs 3 Per Share,NSE_CORPORATE_ACTIONS,https://www.nseindia.com/companies-listing/corporate-filings-actions,2026-07-17T14:51:07,VERIFIED_AMOUNT_PARSED
SEC041,INE338I01027,MOTILALOFS,2024-02-06,2024-02-06,,14.0,INTERIM,INR,Interim Dividend - Rs 14 Per Share,NSE_CORPORATE_ACTIONS,https://www.nseindia.com/companies-listing/corporate-filings-actions,2026-07-17T14:51:07,VERIFIED_AMOUNT_PARSED
SEC041,INE338I01027,MOTILALOFS,2025-01-31,2025-02-01,,5.0,INTERIM,INR,Interim Dividend - Rs 5 Per Sh,NSE_CORPORATE_ACTIONS,https://www.nseindia.com/companies-listing/corporate-filings-actions,2026-07-17T14:51:07,VERIFIED_AMOUNT_PARSED
SEC041,INE338I01027,MOTILALOFS,2026-01-30,2026-01-31,,6.0,INTERIM,INR,Interim Dividend - Rs 6 Per Share,NSE_CORPORATE_ACTIONS,https://www.nseindia.com/companies-listing/corporate-filings-actions,2026-07-17T14:51:07,VERIFIED_AMOUNT_PARSED
SEC042,INE070I01018,INSECTICID,2012-09-17,,,2.5,DIVIDEND,INR,Annual General Meeting/Dividend Rs 2.50 Per Share,NSE_CORPORATE_ACTIONS,https://www.nseindia.com/companies-listing/corporate-filings-actions,2026-07-17T14:51:07,VERIFIED_AMOUNT_PARSED
SEC042,INE070I01018,INSECTICID,2013-08-14,,,3.0,FINAL,INR,Annual General Meeting / Final Dividend - Rs 3/- Per Share,NSE_CORPORATE_ACTIONS,https://www.nseindia.com/companies-listing/corporate-filings-actions,2026-07-17T14:51:07,VERIFIED_AMOUNT_PARSED
SEC042,INE070I01018,INSECTICID,2014-09-11,,,3.0,FINAL,INR,Annual General Meeting / Final Dividend - Rs 3/- Per Share,NSE_CORPORATE_ACTIONS,https://www.nseindia.com/companies-listing/corporate-filings-actions,2026-07-17T14:51:07,VERIFIED_AMOUNT_PARSED
SEC042,INE070I01018,INSECTICID,2015-09-10,,,2.5,DIVIDEND,INR, Annual General Meeting/ Dividend -  Rs 2.50/- Per Share,NSE_CORPORATE_ACTIONS,https://www.nseindia.com/companies-listing/corporate-filings-actions,2026-07-17T14:51:07,VERIFIED_AMOUNT_PARSED
SEC042,INE070I01018,INSECTICID,2016-03-23,2016-03-28,,2.0,INTERIM,INR, Interim Dividend - Rs 2/- Per Share,NSE_CORPORATE_ACTIONS,https://www.nseindia.com/companies-listing/corporate-filings-actions,2026-07-17T14:51:07,VERIFIED_AMOUNT_PARSED
SEC042,INE070I01018,INSECTICID,2017-07-27,,,2.0,DIVIDEND,INR, Annual General Meeting/ Dividend -Rs 2/- Per Share,NSE_CORPORATE_ACTIONS,https://www.nseindia.com/companies-listing/corporate-filings-actions,2026-07-17T14:51:07,VERIFIED_AMOUNT_PARSED
SEC042,INE070I01018,INSECTICID,2018-07-27,,,2.0,DIVIDEND,INR, Annual General Meeting/Dividend- Rs 2 Per Share,NSE_CORPORATE_ACTIONS,https://www.nseindia.com/companies-listing/corporate-filings-actions,2026-07-17T14:51:07,VERIFIED_AMOUNT_PARSED
SEC042,INE070I01018,INSECTICID,2019-07-25,,,2.0,DIVIDEND,INR, Annual General Meeting/Dividend - Rs 2 Per Share,NSE_CORPORATE_ACTIONS,https://www.nseindia.com/companies-listing/corporate-filings-actions,2026-07-17T14:51:07,VERIFIED_AMOUNT_PARSED
SEC042,INE070I01018,INSECTICID,2020-03-19,2020-03-20,,4.0,INTERIM,INR, Interim Dividend - Rs 4 Per Share,NSE_CORPORATE_ACTIONS,https://www.nseindia.com/companies-listing/corporate-filings-actions,2026-07-17T14:51:07,VERIFIED_AMOUNT_PARSED
SEC042,INE070I01018,INSECTICID,2020-11-19,2020-11-20,,2.0,INTERIM,INR, Interim Dividend - Rs 2  Per Share,NSE_CORPORATE_ACTIONS,https://www.nseindia.com/companies-listing/corporate-filings-actions,2026-07-17T14:51:07,VERIFIED_AMOUNT_PARSED
SEC042,INE070I01018,INSECTICID,2022-09-15,,,3.0,DIVIDEND,INR,Annual General Meeting/Dividend - Rs 3 Per Share,NSE_CORPORATE_ACTIONS,https://www.nseindia.com/companies-listing/corporate-filings-actions,2026-07-17T14:51:07,VERIFIED_AMOUNT_PARSED
SEC042,INE070I01018,INSECTICID,2023-02-24,2023-02-24,,3.0,INTERIM,INR,Interim Dividend - Rs 3 Per Share,NSE_CORPORATE_ACTIONS,https://www.nseindia.com/companies-listing/corporate-filings-actions,2026-07-17T14:51:07,VERIFIED_AMOUNT_PARSED
SEC042,INE070I01018,INSECTICID,2023-11-10,2023-11-10,,3.0,INTERIM,INR,Interim Dividend - Rs 3 Per Share,NSE_CORPORATE_ACTIONS,https://www.nseindia.com/companies-listing/corporate-filings-actions,2026-07-17T14:51:07,VERIFIED_AMOUNT_PARSED
SEC042,INE070I01018,INSECTICID,2024-08-23,2024-08-23,,2.0,INTERIM,INR,Interim Dividend - Rs 2 Per Share,NSE_CORPORATE_ACTIONS,https://www.nseindia.com/companies-listing/corporate-filings-actions,2026-07-17T14:51:07,VERIFIED_AMOUNT_PARSED
SEC042,INE070I01018,INSECTICID,2026-02-06,2026-02-06,,2.0,INTERIM,INR,Interim Dividend - Rs 2 Per Share,NSE_CORPORATE_ACTIONS,https://www.nseindia.com/companies-listing/corporate-filings-actions,2026-07-17T14:51:07,VERIFIED_AMOUNT_PARSED
SEC043,INE399G01015,RKFORGE,2012-07-19,,,2.0,DIVIDEND,INR,Annual General Meeting/Dividend Of Rs. 2 Per Share,NSE_CORPORATE_ACTIONS,https://www.nseindia.com/companies-listing/corporate-filings-actions,2026-07-17T14:51:07,VERIFIED_AMOUNT_PARSED
SEC043,INE399G01015,RKFORGE,2013-07-11,,,1.0,DIVIDEND,INR,Annual General Meeting/Dividend Re 1/- Per Share,NSE_CORPORATE_ACTIONS,https://www.nseindia.com/companies-listing/corporate-filings-actions,2026-07-17T14:51:07,VERIFIED_AMOUNT_PARSED
SEC043,INE399G01015,RKFORGE,2014-06-05,,,1.0,DIVIDEND,INR,Annual General Meeting / Dividend - Re 1/- Per Share,NSE_CORPORATE_ACTIONS,https://www.nseindia.com/companies-listing/corporate-filings-actions,2026-07-17T14:51:07,VERIFIED_AMOUNT_PARSED
SEC043,INE399G01015,RKFORGE,2015-09-03,,,2.0,DIVIDEND,INR, Annual General Meeting/ Dividend -  Rs 2/- Per Share,NSE_CORPORATE_ACTIONS,https://www.nseindia.com/companies-listing/corporate-filings-actions,2026-07-17T14:51:07,VERIFIED_AMOUNT_PARSED
SEC043,INE399G01015,RKFORGE,2016-09-15,,,2.0,DIVIDEND,INR, Dividend - Rs 2/- Per Share,NSE_CORPORATE_ACTIONS,https://www.nseindia.com/companies-listing/corporate-filings-actions,2026-07-17T14:51:07,VERIFIED_AMOUNT_PARSED
SEC043,INE399G01015,RKFORGE,2017-09-07,,,1.0,DIVIDEND,INR, Annual General Meeting/Dividend - Re 1/- Per Share,NSE_CORPORATE_ACTIONS,https://www.nseindia.com/companies-listing/corporate-filings-actions,2026-07-17T14:51:07,VERIFIED_AMOUNT_PARSED
SEC043,INE399G01015,RKFORGE,2018-09-12,,,1.0,DIVIDEND,INR, Annual General Meeting/Dividend Re 1/- Per Share,NSE_CORPORATE_ACTIONS,https://www.nseindia.com/companies-listing/corporate-filings-actions,2026-07-17T14:51:07,VERIFIED_AMOUNT_PARSED
SEC043,INE399G01015,RKFORGE,2019-08-29,,,1.5,DIVIDEND,INR, Dividend - Rs 1.50 Per Share,NSE_CORPORATE_ACTIONS,https://www.nseindia.com/companies-listing/corporate-filings-actions,2026-07-17T14:51:07,VERIFIED_AMOUNT_PARSED
SEC043,INE399G01015,RKFORGE,2021-08-05,2021-08-06,,0.5,INTERIM,INR, Interim Dividend - Re 0.50 Per Share,NSE_CORPORATE_ACTIONS,https://www.nseindia.com/companies-listing/corporate-filings-actions,2026-07-17T14:51:07,VERIFIED_AMOUNT_PARSED
SEC043,INE399G01015,RKFORGE,2021-10-21,2021-10-22,,0.5,INTERIM,INR, Interim Dividend - Rs 0.50 Per Sh,NSE_CORPORATE_ACTIONS,https://www.nseindia.com/companies-listing/corporate-filings-actions,2026-07-17T14:51:07,VERIFIED_AMOUNT_PARSED
SEC043,INE399G01015,RKFORGE,2022-01-28,2022-01-31,,0.5,INTERIM,INR,Interim Dividend - Rs 0.50 Per Share,NSE_CORPORATE_ACTIONS,https://www.nseindia.com/companies-listing/corporate-filings-actions,2026-07-17T14:51:07,VERIFIED_AMOUNT_PARSED
SEC043,INE399G01015,RKFORGE,2022-07-28,2022-07-29,,0.5,INTERIM,INR,Interim Dividend- Rs 0.50 Per Share,NSE_CORPORATE_ACTIONS,https://www.nseindia.com/companies-listing/corporate-filings-actions,2026-07-17T14:51:07,VERIFIED_AMOUNT_PARSED
SEC043,INE399G01015,RKFORGE,2022-09-08,,,0.2,DIVIDEND,INR,Annual General Meeting/Dividend - Rs 0.20 Per Share,NSE_CORPORATE_ACTIONS,https://www.nseindia.com/companies-listing/corporate-filings-actions,2026-07-17T14:51:07,VERIFIED_AMOUNT_PARSED
SEC043,INE399G01015,RKFORGE,2022-11-01,2022-11-02,,0.5,INTERIM,INR,Interim Dividend - Rs 0.50 Per Share,NSE_CORPORATE_ACTIONS,https://www.nseindia.com/companies-listing/corporate-filings-actions,2026-07-17T14:51:07,VERIFIED_AMOUNT_PARSED
SEC043,INE399G01015,RKFORGE,2023-01-31,2023-01-31,,0.5,INTERIM,INR,Interim Dividend - Re 0.50 Per Share,NSE_CORPORATE_ACTIONS,https://www.nseindia.com/companies-listing/corporate-filings-actions,2026-07-17T14:51:07,VERIFIED_AMOUNT_PARSED
SEC043,INE399G01015,RKFORGE,2023-05-09,2023-05-09,,0.5,INTERIM,INR,Interim Dividend - Re 0.50 Per Share,NSE_CORPORATE_ACTIONS,https://www.nseindia.com/companies-listing/corporate-filings-actions,2026-07-17T14:51:07,VERIFIED_AMOUNT_PARSED
SEC043,INE399G01015,RKFORGE,2023-10-30,2023-10-30,,1.0,INTERIM,INR,Interim Dividend - Re 1 Per Share,NSE_CORPORATE_ACTIONS,https://www.nseindia.com/companies-listing/corporate-filings-actions,2026-07-17T14:51:07,VERIFIED_AMOUNT_PARSED
SEC043,INE399G01015,RKFORGE,2024-05-10,2024-05-10,,1.0,INTERIM,INR,Interim Dividend - Re 1 Per Share,NSE_CORPORATE_ACTIONS,https://www.nseindia.com/companies-listing/corporate-filings-actions,2026-07-17T14:51:07,VERIFIED_AMOUNT_PARSED
SEC043,INE399G01015,RKFORGE,2024-10-31,2024-11-02,,1.0,INTERIM,INR,Interim Dividend - Re 1 Per Share,NSE_CORPORATE_ACTIONS,https://www.nseindia.com/companies-listing/corporate-filings-actions,2026-07-17T14:51:07,VERIFIED_AMOUNT_PARSED
SEC043,INE399G01015,RKFORGE,2025-06-06,2025-06-06,,1.0,INTERIM,INR,Interim Dividend - Re 1 Per Share,NSE_CORPORATE_ACTIONS,https://www.nseindia.com/companies-listing/corporate-filings-actions,2026-07-17T14:51:07,VERIFIED_AMOUNT_PARSED
SEC043,INE399G01015,RKFORGE,2026-05-08,2026-05-08,,1.0,INTERIM,INR,Interim Dividend - Re 1 Per Share,NSE_CORPORATE_ACTIONS,https://www.nseindia.com/companies-listing/corporate-filings-actions,2026-07-17T14:51:07,VERIFIED_AMOUNT_PARSED
SEC044,INE119A01028,BALRAMCHIN,2013-07-22,,,2.0,DIVIDEND,INR,Annual General Meeting / Dividend - Rs 2/- Per Share,NSE_CORPORATE_ACTIONS,https://www.nseindia.com/companies-listing/corporate-filings-actions,2026-07-17T14:51:07,VERIFIED_AMOUNT_PARSED
SEC044,INE119A01028,BALRAMCHIN,2016-08-23,2016-08-24,,3.5,INTERIM,INR, Interim Dividend - Rs 3.50 Per Share,NSE_CORPORATE_ACTIONS,https://www.nseindia.com/companies-listing/corporate-filings-actions,2026-07-17T14:51:07,VERIFIED_AMOUNT_PARSED
SEC044,INE119A01028,BALRAMCHIN,2017-08-09,2017-08-10,,2.5,INTERIM,INR, Interim Dividend - Rs 2.50 Per Share,NSE_CORPORATE_ACTIONS,https://www.nseindia.com/companies-listing/corporate-filings-actions,2026-07-17T14:51:07,VERIFIED_AMOUNT_PARSED
SEC044,INE119A01028,BALRAMCHIN,2019-02-14,2019-02-15,,2.5,INTERIM,INR, Interim Dividend - Rs 2.50 Per Share,NSE_CORPORATE_ACTIONS,https://www.nseindia.com/companies-listing/corporate-filings-actions,2026-07-17T14:51:07,VERIFIED_AMOUNT_PARSED
SEC044,INE119A01028,BALRAMCHIN,2019-11-21,2019-11-22,,2.5,INTERIM,INR, Interim Dividend - Rs 2.50 Per Share,NSE_CORPORATE_ACTIONS,https://www.nseindia.com/companies-listing/corporate-filings-actions,2026-07-17T14:51:07,VERIFIED_AMOUNT_PARSED
SEC044,INE119A01028,BALRAMCHIN,2021-02-11,2021-02-12,,2.5,INTERIM,INR, Interim Dividend - Rs 2.50 Per Share,NSE_CORPORATE_ACTIONS,https://www.nseindia.com/companies-listing/corporate-filings-actions,2026-07-17T14:51:07,VERIFIED_AMOUNT_PARSED
SEC044,INE119A01028,BALRAMCHIN,2022-02-11,2022-02-14,,2.5,INTERIM,INR,Interim Dividend - Rs 2.50 Per Share,NSE_CORPORATE_ACTIONS,https://www.nseindia.com/companies-listing/corporate-filings-actions,2026-07-17T14:51:07,VERIFIED_AMOUNT_PARSED
SEC044,INE119A01028,BALRAMCHIN,2023-02-22,2023-02-22,,2.5,INTERIM,INR,Interim Dividend - Rs 2.50 Per Share,NSE_CORPORATE_ACTIONS,https://www.nseindia.com/companies-listing/corporate-filings-actions,2026-07-17T14:51:07,VERIFIED_AMOUNT_PARSED
SEC044,INE119A01028,BALRAMCHIN,2023-11-20,2023-11-20,,3.0,INTERIM,INR,Interim Dividend - Rs 3 Per Share,NSE_CORPORATE_ACTIONS,https://www.nseindia.com/companies-listing/corporate-filings-actions,2026-07-17T14:51:07,VERIFIED_AMOUNT_PARSED
SEC044,INE119A01028,BALRAMCHIN,2024-11-25,2024-11-25,,3.0,INTERIM,INR,Interim Dividend - Rs 3 Per Share,NSE_CORPORATE_ACTIONS,https://www.nseindia.com/companies-listing/corporate-filings-actions,2026-07-17T14:51:07,VERIFIED_AMOUNT_PARSED
SEC044,INE119A01028,BALRAMCHIN,2025-11-17,2025-11-17,,3.5,INTERIM,INR,Interim Dividend - Rs 3.50 Per Share,NSE_CORPORATE_ACTIONS,https://www.nseindia.com/companies-listing/corporate-filings-actions,2026-07-17T14:51:07,VERIFIED_AMOUNT_PARSED
SEC045,INE074A01025,PRAJIND,2012-07-12,,,1.62,DIVIDEND,INR,Annual General Meeting/Dividend Rs 1.62 Per Share,NSE_CORPORATE_ACTIONS,https://www.nseindia.com/companies-listing/corporate-filings-actions,2026-07-17T14:51:07,VERIFIED_AMOUNT_PARSED
SEC045,INE074A01025,PRAJIND,2013-07-16,,,1.62,DIVIDEND,INR,Annual General Meeting/Dividend Rs 1.62 Per Equity Share,NSE_CORPORATE_ACTIONS,https://www.nseindia.com/companies-listing/corporate-filings-actions,2026-07-17T14:51:07,VERIFIED_AMOUNT_PARSED
SEC045,INE074A01025,PRAJIND,2014-02-13,2014-02-14,,0.6,INTERIM,INR,Interim Dividend Re.0.60/- Per Share (Purpose Revised),NSE_CORPORATE_ACTIONS,https://www.nseindia.com/companies-listing/corporate-filings-actions,2026-07-17T14:51:07,VERIFIED_AMOUNT_PARSED
SEC045,INE074A01025,PRAJIND,2014-07-22,,,1.62,DIVIDEND,INR,Annual General Meeting / Dividend - Rs 1.62/- Per Share,NSE_CORPORATE_ACTIONS,https://www.nseindia.com/companies-listing/corporate-filings-actions,2026-07-17T14:51:07,VERIFIED_AMOUNT_PARSED
SEC045,INE074A01025,PRAJIND,2015-07-29,,,1.62,DIVIDEND,INR,Annual General Meeting/Dividend - Rs 1.62/- Per Share,NSE_CORPORATE_ACTIONS,https://www.nseindia.com/companies-listing/corporate-filings-actions,2026-07-17T14:51:07,VERIFIED_AMOUNT_PARSED
SEC045,INE074A01025,PRAJIND,2016-03-17,2016-03-19,,1.62,INTERIM,INR, Interim Dividend - Rs 1.62/- Per Share (Purpose Revised),NSE_CORPORATE_ACTIONS,https://www.nseindia.com/companies-listing/corporate-filings-actions,2026-07-17T14:51:07,VERIFIED_AMOUNT_PARSED
SEC045,INE074A01025,PRAJIND,2017-08-02,,,1.62,DIVIDEND,INR, Annual General Meeting/Dividend - Rs 1.62 Per Share,NSE_CORPORATE_ACTIONS,https://www.nseindia.com/companies-listing/corporate-filings-actions,2026-07-17T14:51:07,VERIFIED_AMOUNT_PARSED
SEC045,INE074A01025,PRAJIND,2018-07-27,,,1.62,DIVIDEND,INR, Annual General Meeting/Dividend- Rs 1.62 Per Share,NSE_CORPORATE_ACTIONS,https://www.nseindia.com/companies-listing/corporate-filings-actions,2026-07-17T14:51:07,VERIFIED_AMOUNT_PARSED
SEC045,INE074A01025,PRAJIND,2019-02-07,2019-02-08,,0.5,INTERIM,INR, Interim Dividend - Re 0.50 Per Share,NSE_CORPORATE_ACTIONS,https://www.nseindia.com/companies-listing/corporate-filings-actions,2026-07-17T14:51:07,VERIFIED_AMOUNT_PARSED
SEC045,INE074A01025,PRAJIND,2019-07-15,,,1.62,DIVIDEND,INR, Annual General Meeting/Dividend - Rs 1.62 Per Share,NSE_CORPORATE_ACTIONS,https://www.nseindia.com/companies-listing/corporate-filings-actions,2026-07-17T14:51:07,VERIFIED_AMOUNT_PARSED
SEC045,INE074A01025,PRAJIND,2020-03-13,2020-03-16,,2.7,INTERIM,INR, Interim Dividend - Rs 2.70 Per Share,NSE_CORPORATE_ACTIONS,https://www.nseindia.com/companies-listing/corporate-filings-actions,2026-07-17T14:51:07,VERIFIED_AMOUNT_PARSED
SEC045,INE074A01025,PRAJIND,2021-08-03,,,2.16,DIVIDEND,INR, Dividend - Rs 2.16 Per Share,NSE_CORPORATE_ACTIONS,https://www.nseindia.com/companies-listing/corporate-filings-actions,2026-07-17T14:51:07,VERIFIED_AMOUNT_PARSED
SEC045,INE074A01025,PRAJIND,2022-07-27,,,4.2,SPECIAL,INR,Annual General Meeting/Dividend - Rs  2.70 Per Share/ Special Dividend- Rs 1.50 Per Share,NSE_CORPORATE_ACTIONS,https://www.nseindia.com/companies-listing/corporate-filings-actions,2026-07-17T14:51:07,VERIFIED_AMOUNT_PARSED
SEC045,INE074A01025,PRAJIND,2023-07-19,,,4.5,DIVIDEND,INR,Annual General Meeting/Dividend - Rs 4.50 Per Share,NSE_CORPORATE_ACTIONS,https://www.nseindia.com/companies-listing/corporate-filings-actions,2026-07-17T14:51:07,VERIFIED_AMOUNT_PARSED
SEC045,INE074A01025,PRAJIND,2024-07-18,,,6.0,DIVIDEND,INR,Annual General Meeting/Dividend - Rs 6 Per Sh,NSE_CORPORATE_ACTIONS,https://www.nseindia.com/companies-listing/corporate-filings-actions,2026-07-17T14:51:07,VERIFIED_AMOUNT_PARSED
SEC045,INE074A01025,PRAJIND,2025-08-04,2025-08-04,,6.0,DIVIDEND,INR,Dividend - Rs 6 Per Share,NSE_CORPORATE_ACTIONS,https://www.nseindia.com/companies-listing/corporate-filings-actions,2026-07-17T14:51:07,VERIFIED_AMOUNT_PARSED
SEC046,INE686Y01026,FINEORG,2018-09-19,,,7.0,DIVIDEND,INR, Annual General Meeting/Dividend Rs 7 Per Share,NSE_CORPORATE_ACTIONS,https://www.nseindia.com/companies-listing/corporate-filings-actions,2026-07-17T14:51:07,VERIFIED_AMOUNT_PARSED
SEC046,INE686Y01026,FINEORG,2019-07-25,,,7.0,DIVIDEND,INR, Annual General Meeting/Dividend - Rs 7 Per Share,NSE_CORPORATE_ACTIONS,https://www.nseindia.com/companies-listing/corporate-filings-actions,2026-07-17T14:51:07,VERIFIED_AMOUNT_PARSED
SEC046,INE686Y01026,FINEORG,2020-02-18,2020-02-21,,4.0,INTERIM,INR, Interim Dividend - Rs 4 Per Share,NSE_CORPORATE_ACTIONS,https://www.nseindia.com/companies-listing/corporate-filings-actions,2026-07-17T14:51:07,VERIFIED_AMOUNT_PARSED
SEC046,INE686Y01026,FINEORG,2020-09-10,,,3.0,DIVIDEND,INR, Annual General Meeting/Dividend - Rs 3 Per Share,NSE_CORPORATE_ACTIONS,https://www.nseindia.com/companies-listing/corporate-filings-actions,2026-07-17T14:51:07,VERIFIED_AMOUNT_PARSED
SEC046,INE686Y01026,FINEORG,2021-08-13,,,11.0,SPECIAL,INR, Annual General Meeting/Dividend - Rs 6 Per Share/Special Dividend - Rs 5 Per Share,NSE_CORPORATE_ACTIONS,https://www.nseindia.com/companies-listing/corporate-filings-actions,2026-07-17T14:51:07,VERIFIED_AMOUNT_PARSED
SEC046,INE686Y01026,FINEORG,2022-08-11,,,9.0,DIVIDEND,INR,Annual General Meeting/Dividend - Rs 9 Per Share,NSE_CORPORATE_ACTIONS,https://www.nseindia.com/companies-listing/corporate-filings-actions,2026-07-17T14:51:07,VERIFIED_AMOUNT_PARSED
SEC046,INE686Y01026,FINEORG,2023-08-14,,,9.0,DIVIDEND,INR,Annual General Meeting/Dividend - Rs  9 Per Share,NSE_CORPORATE_ACTIONS,https://www.nseindia.com/companies-listing/corporate-filings-actions,2026-07-17T14:51:07,VERIFIED_AMOUNT_PARSED
SEC046,INE686Y01026,FINEORG,2024-08-13,,,10.0,DIVIDEND,INR,Annual General Meeting/Dividend - Rs 10 Per Share,NSE_CORPORATE_ACTIONS,https://www.nseindia.com/companies-listing/corporate-filings-actions,2026-07-17T14:51:07,VERIFIED_AMOUNT_PARSED
SEC046,INE686Y01026,FINEORG,2025-07-25,2025-07-26,,11.0,DIVIDEND,INR,Dividend - Rs 11 Per Share,NSE_CORPORATE_ACTIONS,https://www.nseindia.com/companies-listing/corporate-filings-actions,2026-07-17T14:51:07,VERIFIED_AMOUNT_PARSED
SEC047,INE974X01010,TIINDIA,2018-02-22,2018-02-23,,1.25,INTERIM,INR, Interim Dividend - Rs 1.25 Per Share,NSE_CORPORATE_ACTIONS,https://www.nseindia.com/companies-listing/corporate-filings-actions,2026-07-17T14:51:07,VERIFIED_AMOUNT_PARSED
SEC047,INE974X01010,TIINDIA,2018-07-30,,,0.5,DIVIDEND,INR, Dividend- Re 0.50 Per Share,NSE_CORPORATE_ACTIONS,https://www.nseindia.com/companies-listing/corporate-filings-actions,2026-07-17T14:51:07,VERIFIED_AMOUNT_PARSED
SEC047,INE974X01010,TIINDIA,2019-02-14,2019-02-15,,1.75,INTERIM,INR, Interim Dividend - Rs 1.75 Per Share,NSE_CORPORATE_ACTIONS,https://www.nseindia.com/companies-listing/corporate-filings-actions,2026-07-17T14:51:07,VERIFIED_AMOUNT_PARSED
SEC047,INE974X01010,TIINDIA,2019-07-08,,,0.75,DIVIDEND,INR, Dividend - Re 0.75 Per Share,NSE_CORPORATE_ACTIONS,https://www.nseindia.com/companies-listing/corporate-filings-actions,2026-07-17T14:51:07,VERIFIED_AMOUNT_PARSED
SEC047,INE974X01010,TIINDIA,2020-03-11,2020-03-12,,3.5,INTERIM,INR, Interim Dividend - Rs 3.50 Per Share,NSE_CORPORATE_ACTIONS,https://www.nseindia.com/companies-listing/corporate-filings-actions,2026-07-17T14:51:07,VERIFIED_AMOUNT_PARSED
SEC047,INE974X01010,TIINDIA,2021-02-22,2021-02-23,,2.0,INTERIM,INR, Interim Dividend - Rs 2 Per Share,NSE_CORPORATE_ACTIONS,https://www.nseindia.com/companies-listing/corporate-filings-actions,2026-07-17T14:51:07,VERIFIED_AMOUNT_PARSED
SEC047,INE974X01010,TIINDIA,2021-08-04,,,1.5,DIVIDEND,INR, Annual General Meeting/Dividend - Rs 1.50 Per Share,NSE_CORPORATE_ACTIONS,https://www.nseindia.com/companies-listing/corporate-filings-actions,2026-07-17T14:51:07,VERIFIED_AMOUNT_PARSED
SEC047,INE974X01010,TIINDIA,2022-02-17,2022-02-18,,2.0,INTERIM,INR,Interim Dividend - Rs 2 Per Share,NSE_CORPORATE_ACTIONS,https://www.nseindia.com/companies-listing/corporate-filings-actions,2026-07-17T14:51:07,VERIFIED_AMOUNT_PARSED
SEC047,INE974X01010,TIINDIA,2022-07-20,,,1.5,DIVIDEND,INR,Dividend - Rs 1.50 Per Sh,NSE_CORPORATE_ACTIONS,https://www.nseindia.com/companies-listing/corporate-filings-actions,2026-07-17T14:51:07,VERIFIED_AMOUNT_PARSED
SEC047,INE974X01010,TIINDIA,2023-02-15,2023-02-15,,2.0,INTERIM,INR,Interim Dividend - Rs 2 Per Share,NSE_CORPORATE_ACTIONS,https://www.nseindia.com/companies-listing/corporate-filings-actions,2026-07-17T14:51:07,VERIFIED_AMOUNT_PARSED
SEC047,INE974X01010,TIINDIA,2023-07-26,,,1.5,DIVIDEND,INR,Annual General Meeting/Dividend - Rs 1.50 Per Share,NSE_CORPORATE_ACTIONS,https://www.nseindia.com/companies-listing/corporate-filings-actions,2026-07-17T14:51:07,VERIFIED_AMOUNT_PARSED
SEC047,INE974X01010,TIINDIA,2024-02-13,2024-02-13,,2.0,INTERIM,INR,Interim Dividend - Rs 2 Per Share,NSE_CORPORATE_ACTIONS,https://www.nseindia.com/companies-listing/corporate-filings-actions,2026-07-17T14:51:07,VERIFIED_AMOUNT_PARSED
SEC047,INE974X01010,TIINDIA,2024-07-23,,,1.5,DIVIDEND,INR,Annual General Meeting/Dividend - Rs 1.50 Per Share,NSE_CORPORATE_ACTIONS,https://www.nseindia.com/companies-listing/corporate-filings-actions,2026-07-17T14:51:07,VERIFIED_AMOUNT_PARSED
SEC047,INE974X01010,TIINDIA,2025-02-07,2025-02-07,,2.0,INTERIM,INR,Interim Dividend - Rs 2 Per Share,NSE_CORPORATE_ACTIONS,https://www.nseindia.com/companies-listing/corporate-filings-actions,2026-07-17T14:51:07,VERIFIED_AMOUNT_PARSED
SEC047,INE974X01010,TIINDIA,2025-07-25,2025-07-25,,1.5,DIVIDEND,INR,Dividend - Rs 1.50 Per Share,NSE_CORPORATE_ACTIONS,https://www.nseindia.com/companies-listing/corporate-filings-actions,2026-07-17T14:51:07,VERIFIED_AMOUNT_PARSED
SEC047,INE974X01010,TIINDIA,2026-02-10,2026-02-10,,2.0,INTERIM,INR,Interim Dividend - Rs 2 Per Share,NSE_CORPORATE_ACTIONS,https://www.nseindia.com/companies-listing/corporate-filings-actions,2026-07-17T14:51:07,VERIFIED_AMOUNT_PARSED
SEC048,INE483C01032,TANLA,2016-03-22,2016-03-24,,0.2,INTERIM,INR, Interim Dividend - Re 0.20/- Per Share (Purpose Revised),NSE_CORPORATE_ACTIONS,https://www.nseindia.com/companies-listing/corporate-filings-actions,2026-07-17T14:51:07,VERIFIED_AMOUNT_PARSED
SEC048,INE483C01032,TANLA,2017-09-07,,,0.25,DIVIDEND,INR, Annual General Meeting/Dividend - Re 0.25 Per Share,NSE_CORPORATE_ACTIONS,https://www.nseindia.com/companies-listing/corporate-filings-actions,2026-07-17T14:51:07,VERIFIED_AMOUNT_PARSED
SEC048,INE483C01032,TANLA,2018-09-26,,,0.3,DIVIDEND,INR, Annual General Meeting/Dividend Re 0.30 Per Share (Date Revised),NSE_CORPORATE_ACTIONS,https://www.nseindia.com/companies-listing/corporate-filings-actions,2026-07-17T14:51:07,VERIFIED_AMOUNT_PARSED
SEC048,INE483C01032,TANLA,2019-09-20,,,0.35,DIVIDEND,INR, Annual General Meeting/Dividend -Rs 0.35 Per Share,NSE_CORPORATE_ACTIONS,https://www.nseindia.com/companies-listing/corporate-filings-actions,2026-07-17T14:51:07,VERIFIED_AMOUNT_PARSED
SEC048,INE483C01032,TANLA,2020-09-17,2020-09-18,,1.0,INTERIM,INR, Interim Dividend - Re 1 Per Share,NSE_CORPORATE_ACTIONS,https://www.nseindia.com/companies-listing/corporate-filings-actions,2026-07-17T14:51:07,VERIFIED_AMOUNT_PARSED
SEC048,INE483C01032,TANLA,2021-09-15,,,1.0,DIVIDEND,INR, Annual General Meeting/Dividend - Re 1 Per Share,NSE_CORPORATE_ACTIONS,https://www.nseindia.com/companies-listing/corporate-filings-actions,2026-07-17T14:51:07,VERIFIED_AMOUNT_PARSED
SEC048,INE483C01032,TANLA,2022-08-18,,,2.0,DIVIDEND,INR,Annual General Meeting/Dividend - Rs  2 Per Share,NSE_CORPORATE_ACTIONS,https://www.nseindia.com/companies-listing/corporate-filings-actions,2026-07-17T14:51:07,VERIFIED_AMOUNT_PARSED
SEC048,INE483C01032,TANLA,2022-08-18,2022-08-19,,6.0,INTERIM,INR,Interim Dividend - Rs  6 Per Share,NSE_CORPORATE_ACTIONS,https://www.nseindia.com/companies-listing/corporate-filings-actions,2026-07-17T14:51:07,VERIFIED_AMOUNT_PARSED
SEC048,INE483C01032,TANLA,2023-08-30,2023-08-30,,4.0,DIVIDEND,INR,Dividend - Rs 4 Per Share,NSE_CORPORATE_ACTIONS,https://www.nseindia.com/companies-listing/corporate-filings-actions,2026-07-17T14:51:07,VERIFIED_AMOUNT_PARSED
SEC048,INE483C01032,TANLA,2024-02-05,2024-02-05,,6.0,INTERIM,INR,Interim Dividend - Rs 6 Per Share,NSE_CORPORATE_ACTIONS,https://www.nseindia.com/companies-listing/corporate-filings-actions,2026-07-17T14:51:07,VERIFIED_AMOUNT_PARSED
SEC048,INE483C01032,TANLA,2024-07-18,2024-07-18,,6.0,DIVIDEND,INR,Dividend - Rs 6 Per Share,NSE_CORPORATE_ACTIONS,https://www.nseindia.com/companies-listing/corporate-filings-actions,2026-07-17T14:51:07,VERIFIED_AMOUNT_PARSED
SEC048,INE483C01032,TANLA,2025-01-27,2025-01-27,,6.0,INTERIM,INR,Interim Dividend - Rs 6 Per Share,NSE_CORPORATE_ACTIONS,https://www.nseindia.com/companies-listing/corporate-filings-actions,2026-07-17T14:51:07,VERIFIED_AMOUNT_PARSED
SEC048,INE483C01032,TANLA,2025-04-30,2025-04-30,,6.0,INTERIM,INR,Interim Dividend - Rs 6 Per Share,NSE_CORPORATE_ACTIONS,https://www.nseindia.com/companies-listing/corporate-filings-actions,2026-07-17T14:51:07,VERIFIED_AMOUNT_PARSED
SEC048,INE483C01032,TANLA,2025-10-27,2025-10-27,,6.0,INTERIM,INR,Interim Dividend - Rs 6 Per Share,NSE_CORPORATE_ACTIONS,https://www.nseindia.com/companies-listing/corporate-filings-actions,2026-07-17T14:51:07,VERIFIED_AMOUNT_PARSED
SEC048,INE483C01032,TANLA,2026-04-30,2026-04-30,,6.0,INTERIM,INR,Interim Dividend - Rs 6 Per Share,NSE_CORPORATE_ACTIONS,https://www.nseindia.com/companies-listing/corporate-filings-actions,2026-07-17T14:51:07,VERIFIED_AMOUNT_PARSED
SEC049,INE557A01011,BIRLANU,2012-02-02,2012-02-04,,6.0,INTERIM,INR,Interim Dividend Rs.6/- Per Share,NSE_CORPORATE_ACTIONS,https://www.nseindia.com/companies-listing/corporate-filings-actions,2026-07-17T14:51:07,VERIFIED_AMOUNT_PARSED
SEC049,INE557A01011,BIRLANU,2012-07-12,,,12.5,DIVIDEND,INR,Annual General Meeting And Dividend Rs.12.50 Per Share,NSE_CORPORATE_ACTIONS,https://www.nseindia.com/companies-listing/corporate-filings-actions,2026-07-17T14:51:07,VERIFIED_AMOUNT_PARSED
SEC049,INE557A01011,BIRLANU,2013-02-05,2013-02-06,,7.5,INTERIM,INR,Interim Dividend Rs 7.50 Per Share,NSE_CORPORATE_ACTIONS,https://www.nseindia.com/companies-listing/corporate-filings-actions,2026-07-17T14:51:07,VERIFIED_AMOUNT_PARSED
SEC049,INE557A01011,BIRLANU,2013-07-22,,,12.5,FINAL,INR,Annual General Meeting / Final Dividend Rs.12.50/- Per Equity Share,NSE_CORPORATE_ACTIONS,https://www.nseindia.com/companies-listing/corporate-filings-actions,2026-07-17T14:51:07,VERIFIED_AMOUNT_PARSED
SEC049,INE557A01011,BIRLANU,2014-07-16,,,5.0,FINAL,INR,Annual General Meeting / Final Dividend Rs.5/- Per Share,NSE_CORPORATE_ACTIONS,https://www.nseindia.com/companies-listing/corporate-filings-actions,2026-07-17T14:51:07,VERIFIED_AMOUNT_PARSED
SEC049,INE557A01011,BIRLANU,2014-09-25,2014-09-26,,10.0,INTERIM,INR,Interim Dividend Rs.10/- Per Share,NSE_CORPORATE_ACTIONS,https://www.nseindia.com/companies-listing/corporate-filings-actions,2026-07-17T14:51:07,VERIFIED_AMOUNT_PARSED
SEC049,INE557A01011,BIRLANU,2015-07-22,,,10.0,DIVIDEND,INR,Annual General Meeting/Dividend Rs 10/- Per Share,NSE_CORPORATE_ACTIONS,https://www.nseindia.com/companies-listing/corporate-filings-actions,2026-07-17T14:51:07,VERIFIED_AMOUNT_PARSED
SEC049,INE557A01011,BIRLANU,2016-02-15,2016-02-16,,7.5,INTERIM,INR, Interim Dividend - Rs 7.50/- Per Share,NSE_CORPORATE_ACTIONS,https://www.nseindia.com/companies-listing/corporate-filings-actions,2026-07-17T14:51:07,VERIFIED_AMOUNT_PARSED
SEC049,INE557A01011,BIRLANU,2016-07-20,,,10.0,DIVIDEND,INR, Annual General Meeting/ Dividend -Rs 10/- Per Share,NSE_CORPORATE_ACTIONS,https://www.nseindia.com/companies-listing/corporate-filings-actions,2026-07-17T14:51:07,VERIFIED_AMOUNT_PARSED
SEC049,INE557A01011,BIRLANU,2017-01-25,2017-01-27,,10.0,INTERIM,INR, Interim Dividend Rs 10/- Per Share ,NSE_CORPORATE_ACTIONS,https://www.nseindia.com/companies-listing/corporate-filings-actions,2026-07-17T14:51:07,VERIFIED_AMOUNT_PARSED
SEC049,INE557A01011,BIRLANU,2017-07-10,,,10.0,DIVIDEND,INR, Annual General Meeting/Dividend - Rs 10/- Per Share,NSE_CORPORATE_ACTIONS,https://www.nseindia.com/companies-listing/corporate-filings-actions,2026-07-17T14:51:07,VERIFIED_AMOUNT_PARSED
SEC049,INE557A01011,BIRLANU,2018-02-05,2018-02-06,,10.0,INTERIM,INR, Interim Dividend - Rs 10 Per Share,NSE_CORPORATE_ACTIONS,https://www.nseindia.com/companies-listing/corporate-filings-actions,2026-07-17T14:51:07,VERIFIED_AMOUNT_PARSED
SEC049,INE557A01011,BIRLANU,2018-07-27,,,12.5,DIVIDEND,INR, Annual General Meeting/Dividend- Rs 12.50 Per Share,NSE_CORPORATE_ACTIONS,https://www.nseindia.com/companies-listing/corporate-filings-actions,2026-07-17T14:51:07,VERIFIED_AMOUNT_PARSED
SEC049,INE557A01011,BIRLANU,2019-02-18,2019-02-20,,12.5,INTERIM,INR, Interim Dividend  - Rs 12.50 Per Share,NSE_CORPORATE_ACTIONS,https://www.nseindia.com/companies-listing/corporate-filings-actions,2026-07-17T14:51:07,VERIFIED_AMOUNT_PARSED
SEC049,INE557A01011,BIRLANU,2019-07-16,,,12.5,DIVIDEND,INR, Annual General Meeting/Dividend - Rs 12.50 Per Share,NSE_CORPORATE_ACTIONS,https://www.nseindia.com/companies-listing/corporate-filings-actions,2026-07-17T14:51:07,VERIFIED_AMOUNT_PARSED
SEC049,INE557A01011,BIRLANU,2020-02-25,2020-02-26,,10.0,INTERIM,INR, Interim Dividend - Rs 10 Per Share,NSE_CORPORATE_ACTIONS,https://www.nseindia.com/companies-listing/corporate-filings-actions,2026-07-17T14:51:07,VERIFIED_AMOUNT_PARSED
SEC049,INE557A01011,BIRLANU,2020-07-21,2020-07-22,,10.0,DIVIDEND,INR, Annual General Meeting/Dividend - Rs 10 Per Share,NSE_CORPORATE_ACTIONS,https://www.nseindia.com/companies-listing/corporate-filings-actions,2026-07-17T14:51:07,VERIFIED_AMOUNT_PARSED
SEC049,INE557A01011,BIRLANU,2021-02-11,2021-02-12,,15.0,INTERIM,INR, Interim Dividend - Rs 15 Per Share,NSE_CORPORATE_ACTIONS,https://www.nseindia.com/companies-listing/corporate-filings-actions,2026-07-17T14:51:07,VERIFIED_AMOUNT_PARSED
SEC049,INE557A01011,BIRLANU,2021-07-22,,,25.0,DIVIDEND,INR, Annual General Meeting/Dividend - Rs 25 Per Share,NSE_CORPORATE_ACTIONS,https://www.nseindia.com/companies-listing/corporate-filings-actions,2026-07-17T14:51:07,VERIFIED_AMOUNT_PARSED
SEC049,INE557A01011,BIRLANU,2022-02-08,2022-02-09,,20.0,INTERIM,INR,Interim Dividend - Rs 20 Per Share,NSE_CORPORATE_ACTIONS,https://www.nseindia.com/companies-listing/corporate-filings-actions,2026-07-17T14:51:07,VERIFIED_AMOUNT_PARSED
SEC049,INE557A01011,BIRLANU,2022-07-21,,,45.0,SPECIAL,INR,Annual General Meeting/Dividend - Rs 25 Per Share/Special Dividend - Rs 20 Per Share,NSE_CORPORATE_ACTIONS,https://www.nseindia.com/companies-listing/corporate-filings-actions,2026-07-17T14:51:07,VERIFIED_AMOUNT_PARSED
SEC049,INE557A01011,BIRLANU,2023-02-08,2023-02-08,,20.0,INTERIM,INR,Interim Dividend - Rs 20 Per Share,NSE_CORPORATE_ACTIONS,https://www.nseindia.com/companies-listing/corporate-filings-actions,2026-07-17T14:51:07,VERIFIED_AMOUNT_PARSED
SEC049,INE557A01011,BIRLANU,2023-07-21,,,25.0,DIVIDEND,INR,Annual General Meeting/Dividend - Rs  25 Per Share,NSE_CORPORATE_ACTIONS,https://www.nseindia.com/companies-listing/corporate-filings-actions,2026-07-17T14:51:07,VERIFIED_AMOUNT_PARSED
SEC049,INE557A01011,BIRLANU,2024-02-14,2024-02-14,,15.0,INTERIM,INR,Interim Dividend - Rs 15 Per Share,NSE_CORPORATE_ACTIONS,https://www.nseindia.com/companies-listing/corporate-filings-actions,2026-07-17T14:51:07,VERIFIED_AMOUNT_PARSED
SEC049,INE557A01011,BIRLANU,2024-07-23,,,22.5,DIVIDEND,INR,Annual General Meeting/Dividend - Rs 22.50 Per Share,NSE_CORPORATE_ACTIONS,https://www.nseindia.com/companies-listing/corporate-filings-actions,2026-07-17T14:51:07,VERIFIED_AMOUNT_PARSED
SEC049,INE557A01011,BIRLANU,2025-07-24,2025-07-24,,30.0,DIVIDEND,INR,Dividend - Rs 30 Per Share,NSE_CORPORATE_ACTIONS,https://www.nseindia.com/companies-listing/corporate-filings-actions,2026-07-17T14:51:07,VERIFIED_AMOUNT_PARSED
SEC050,INE485C01011,IOLCP,2020-03-18,2020-03-19,,3.0,INTERIM,INR, Interim Dividend - Rs 3 Per Share,NSE_CORPORATE_ACTIONS,https://www.nseindia.com/companies-listing/corporate-filings-actions,2026-07-17T14:51:07,VERIFIED_AMOUNT_PARSED
SEC050,INE485C01011,IOLCP,2020-11-17,2020-11-18,,4.0,INTERIM,INR, Interim Dividend - Rs 4 Per Share,NSE_CORPORATE_ACTIONS,https://www.nseindia.com/companies-listing/corporate-filings-actions,2026-07-17T14:51:07,VERIFIED_AMOUNT_PARSED
SEC050,INE485C01011,IOLCP,2021-09-08,,,2.0,DIVIDEND,INR, Annual General Meeting/Dividend - Rs 2 Per Share,NSE_CORPORATE_ACTIONS,https://www.nseindia.com/companies-listing/corporate-filings-actions,2026-07-17T14:51:07,VERIFIED_AMOUNT_PARSED
SEC050,INE485C01011,IOLCP,2022-02-15,2022-02-16,,4.0,INTERIM,INR,Interim Dividend - Rs 4 Per Share,NSE_CORPORATE_ACTIONS,https://www.nseindia.com/companies-listing/corporate-filings-actions,2026-07-17T14:51:07,VERIFIED_AMOUNT_PARSED
SEC050,INE485C01011,IOLCP,2023-02-17,2023-02-17,,4.0,INTERIM,INR,Interim Dividend - Rs 4 Per Share,NSE_CORPORATE_ACTIONS,https://www.nseindia.com/companies-listing/corporate-filings-actions,2026-07-17T14:51:07,VERIFIED_AMOUNT_PARSED
SEC050,INE485C01011,IOLCP,2024-02-16,2024-02-16,,5.0,INTERIM,INR,Interim Dividend - Rs 5 Per Share,NSE_CORPORATE_ACTIONS,https://www.nseindia.com/companies-listing/corporate-filings-actions,2026-07-17T14:51:07,VERIFIED_AMOUNT_PARSED
SEC050,INE485C01011,IOLCP,2025-02-18,2025-02-18,,4.0,INTERIM,INR,Interim Dividend - Rs 4 Per Share,NSE_CORPORATE_ACTIONS,https://www.nseindia.com/companies-listing/corporate-filings-actions,2026-07-17T14:51:07,VERIFIED_AMOUNT_PARSED
SEC050,INE485C01011,IOLCP,2026-02-17,2026-02-17,,1.0,INTERIM,INR,Interim Dividend - Re 1 Per Share,NSE_CORPORATE_ACTIONS,https://www.nseindia.com/companies-listing/corporate-filings-actions,2026-07-17T14:51:07,VERIFIED_AMOUNT_PARSED
SEC051,INE767A01016,AARTIDRUGS,2012-02-06,2012-02-07,,2.0,INTERIM,INR,Interim Dividend Rs.2/- Per Share (Purpose Revised),NSE_CORPORATE_ACTIONS,https://www.nseindia.com/companies-listing/corporate-filings-actions,2026-07-17T14:51:07,VERIFIED_AMOUNT_PARSED
SEC051,INE767A01016,AARTIDRUGS,2012-11-05,2012-11-06,,3.0,INTERIM,INR,Interim Dividend Rs 3 Per Share (Purpose Revised),NSE_CORPORATE_ACTIONS,https://www.nseindia.com/companies-listing/corporate-filings-actions,2026-07-17T14:51:07,VERIFIED_AMOUNT_PARSED
SEC051,INE767A01016,AARTIDRUGS,2013-02-11,2013-02-12,,3.0,INTERIM,INR,Interim Dividend  Rs 3 Per Share (Purpose Revised),NSE_CORPORATE_ACTIONS,https://www.nseindia.com/companies-listing/corporate-filings-actions,2026-07-17T14:51:07,VERIFIED_AMOUNT_PARSED
SEC051,INE767A01016,AARTIDRUGS,2013-07-24,,,4.0,DIVIDEND,INR,Annual General Meeting/Dividend Rs 4/- Per Share,NSE_CORPORATE_ACTIONS,https://www.nseindia.com/companies-listing/corporate-filings-actions,2026-07-17T14:51:07,VERIFIED_AMOUNT_PARSED
SEC051,INE767A01016,AARTIDRUGS,2013-11-19,2013-11-20,,3.0,INTERIM,INR,Interim Dividend Rs.3/- Per Share,NSE_CORPORATE_ACTIONS,https://www.nseindia.com/companies-listing/corporate-filings-actions,2026-07-17T14:51:07,VERIFIED_AMOUNT_PARSED
SEC051,INE767A01016,AARTIDRUGS,2014-02-05,2014-02-06,,4.5,INTERIM,INR,Second Interim Dividend - Rs 4.50/- Per Share (Purpose Revised),NSE_CORPORATE_ACTIONS,https://www.nseindia.com/companies-listing/corporate-filings-actions,2026-07-17T14:51:07,VERIFIED_AMOUNT_PARSED
SEC051,INE767A01016,AARTIDRUGS,2014-07-02,,,,DIVIDEND,INR,Annual General Meeting/Dividend Rs:- 5.50 Per Share,NSE_CORPORATE_ACTIONS,https://www.nseindia.com/companies-listing/corporate-filings-actions,2026-07-17T14:51:07,INSUFFICIENT_AMOUNT_PARSE
SEC051,INE767A01016,AARTIDRUGS,2014-11-19,2014-11-20,,5.0,INTERIM,INR,Interim Dividend - Rs 5/- Per Share (Purpose Revised),NSE_CORPORATE_ACTIONS,https://www.nseindia.com/companies-listing/corporate-filings-actions,2026-07-17T14:51:07,VERIFIED_AMOUNT_PARSED
SEC051,INE767A01016,AARTIDRUGS,2015-02-04,2015-02-05,,5.0,INTERIM,INR,Second Interim Dividend - Rs 5/- Per Share (Purpose Revised),NSE_CORPORATE_ACTIONS,https://www.nseindia.com/companies-listing/corporate-filings-actions,2026-07-17T14:51:07,VERIFIED_AMOUNT_PARSED
SEC051,INE767A01016,AARTIDRUGS,2015-08-05,,,3.0,DIVIDEND,INR,Annual General Meeting/ Dividend - Rs 3/- Per Share,NSE_CORPORATE_ACTIONS,https://www.nseindia.com/companies-listing/corporate-filings-actions,2026-07-17T14:51:07,VERIFIED_AMOUNT_PARSED
SEC051,INE767A01016,AARTIDRUGS,2015-11-10,2015-11-14,,2.25,INTERIM,INR, Interim Dividend -  Rs 2.25/- Per Share (Purpose Revised),NSE_CORPORATE_ACTIONS,https://www.nseindia.com/companies-listing/corporate-filings-actions,2026-07-17T14:51:07,VERIFIED_AMOUNT_PARSED
SEC051,INE767A01016,AARTIDRUGS,2016-02-12,2016-02-15,,1.5,INTERIM,INR, Interim Dividend - Rs 1.50/- Per Share (Purpose Revised),NSE_CORPORATE_ACTIONS,https://www.nseindia.com/companies-listing/corporate-filings-actions,2026-07-17T14:51:07,VERIFIED_AMOUNT_PARSED
SEC051,INE767A01016,AARTIDRUGS,2016-03-22,2016-03-24,,3.0,INTERIM,INR, Interim Dividend - Rs 3/- Per Share (Purpose Revised),NSE_CORPORATE_ACTIONS,https://www.nseindia.com/companies-listing/corporate-filings-actions,2026-07-17T14:51:07,VERIFIED_AMOUNT_PARSED
SEC051,INE767A01016,AARTIDRUGS,2017-08-09,,,1.0,DIVIDEND,INR, Annual General Meeting/Dividend - Re 1/- Per Share,NSE_CORPORATE_ACTIONS,https://www.nseindia.com/companies-listing/corporate-filings-actions,2026-07-17T14:51:07,VERIFIED_AMOUNT_PARSED
SEC051,INE767A01016,AARTIDRUGS,2018-08-01,,,1.0,DIVIDEND,INR, Annual General Meeting/Dividend- Re 1 Per Share,NSE_CORPORATE_ACTIONS,https://www.nseindia.com/companies-listing/corporate-filings-actions,2026-07-17T14:51:07,VERIFIED_AMOUNT_PARSED
SEC051,INE767A01016,AARTIDRUGS,2019-07-26,,,1.0,DIVIDEND,INR, Annual General Meeting/Dividend - Re 1 Per Share,NSE_CORPORATE_ACTIONS,https://www.nseindia.com/companies-listing/corporate-filings-actions,2026-07-17T14:51:07,VERIFIED_AMOUNT_PARSED
SEC051,INE767A01016,AARTIDRUGS,2020-02-17,2020-02-18,,2.0,INTERIM,INR, Interim Dividend - Rs 2 Per Share,NSE_CORPORATE_ACTIONS,https://www.nseindia.com/companies-listing/corporate-filings-actions,2026-07-17T14:51:07,VERIFIED_AMOUNT_PARSED
SEC051,INE767A01016,AARTIDRUGS,2020-11-03,2020-11-04,,2.5,INTERIM,INR, Interim Dividend - Rs  2.5 Per Share,NSE_CORPORATE_ACTIONS,https://www.nseindia.com/companies-listing/corporate-filings-actions,2026-07-17T14:51:07,VERIFIED_AMOUNT_PARSED
SEC051,INE767A01016,AARTIDRUGS,2022-02-09,2022-02-10,,1.0,INTERIM,INR,Interim Dividend - Re 1  Per Share,NSE_CORPORATE_ACTIONS,https://www.nseindia.com/companies-listing/corporate-filings-actions,2026-07-17T14:51:07,VERIFIED_AMOUNT_PARSED
SEC051,INE767A01016,AARTIDRUGS,2023-02-08,2023-02-08,,1.0,INTERIM,INR,Interim Dividend - Rs 1 Per Share,NSE_CORPORATE_ACTIONS,https://www.nseindia.com/companies-listing/corporate-filings-actions,2026-07-17T14:51:07,VERIFIED_AMOUNT_PARSED
SEC051,INE767A01016,AARTIDRUGS,2024-02-06,2024-02-06,,1.0,INTERIM,INR,Interim Dividend - Re 1 Per Share,NSE_CORPORATE_ACTIONS,https://www.nseindia.com/companies-listing/corporate-filings-actions,2026-07-17T14:51:07,VERIFIED_AMOUNT_PARSED
SEC051,INE767A01016,AARTIDRUGS,2025-02-04,2025-02-04,,1.0,INTERIM,INR,Interim Dividend - Re 1 Per Share,NSE_CORPORATE_ACTIONS,https://www.nseindia.com/companies-listing/corporate-filings-actions,2026-07-17T14:51:07,VERIFIED_AMOUNT_PARSED
SEC051,INE767A01016,AARTIDRUGS,2026-02-09,2026-02-09,,2.0,INTERIM,INR,Interim Dividend - Rs 2 Per Share,NSE_CORPORATE_ACTIONS,https://www.nseindia.com/companies-listing/corporate-filings-actions,2026-07-17T14:51:07,VERIFIED_AMOUNT_PARSED
SEC052,INE689W01016,PRINCEPIPE,2020-03-23,2020-03-24,,1.0,INTERIM,INR, Interim Dividend- Re 1 Per Share,NSE_CORPORATE_ACTIONS,https://www.nseindia.com/companies-listing/corporate-filings-actions,2026-07-17T14:51:07,VERIFIED_AMOUNT_PARSED
SEC052,INE689W01016,PRINCEPIPE,2020-11-13,2020-11-17,,1.5,INTERIM,INR, Interim Dividend - Rs 1.50 Per Share,NSE_CORPORATE_ACTIONS,https://www.nseindia.com/companies-listing/corporate-filings-actions,2026-07-17T14:51:07,VERIFIED_AMOUNT_PARSED
SEC052,INE689W01016,PRINCEPIPE,2021-09-07,2021-09-08,,2.0,DIVIDEND,INR, Annual General Meeting/Dividend - Rs 2 Per Share,NSE_CORPORATE_ACTIONS,https://www.nseindia.com/companies-listing/corporate-filings-actions,2026-07-17T14:51:07,VERIFIED_AMOUNT_PARSED
SEC052,INE689W01016,PRINCEPIPE,2021-11-12,2021-11-15,,1.5,INTERIM,INR, Interim Dividend - Rs 1.50 Per Share,NSE_CORPORATE_ACTIONS,https://www.nseindia.com/companies-listing/corporate-filings-actions,2026-07-17T14:51:07,VERIFIED_AMOUNT_PARSED
SEC052,INE689W01016,PRINCEPIPE,2022-09-13,,,2.0,DIVIDEND,INR,Annual General Meeting/Dividend - Rs 2 Per Share,NSE_CORPORATE_ACTIONS,https://www.nseindia.com/companies-listing/corporate-filings-actions,2026-07-17T14:51:07,VERIFIED_AMOUNT_PARSED
SEC052,INE689W01016,PRINCEPIPE,2024-09-04,,,1.0,DIVIDEND,INR,Annual General Meeting/Dividend - Re 1 Per Share,NSE_CORPORATE_ACTIONS,https://www.nseindia.com/companies-listing/corporate-filings-actions,2026-07-17T14:51:07,VERIFIED_AMOUNT_PARSED
SEC052,INE689W01016,PRINCEPIPE,2025-09-04,2025-09-04,,0.5,DIVIDEND,INR,Dividend - Re 0.50 Per Share,NSE_CORPORATE_ACTIONS,https://www.nseindia.com/companies-listing/corporate-filings-actions,2026-07-17T14:51:07,VERIFIED_AMOUNT_PARSED
SEC053,INE366I01010,VRLLOG,2016-02-08,2016-02-09,,5.0,INTERIM,INR, Interim Dividend - Rs 5/- Per Share (Purpose Revised),NSE_CORPORATE_ACTIONS,https://www.nseindia.com/companies-listing/corporate-filings-actions,2026-07-17T14:51:07,VERIFIED_AMOUNT_PARSED
SEC053,INE366I01010,VRLLOG,2017-02-02,2017-02-03,,4.0,INTERIM,INR, Interim Dividend Rs 4/- Per Hare (Purpose Revised),NSE_CORPORATE_ACTIONS,https://www.nseindia.com/companies-listing/corporate-filings-actions,2026-07-17T14:51:07,VERIFIED_AMOUNT_PARSED
SEC053,INE366I01010,VRLLOG,2018-11-15,2018-11-17,,3.5,INTERIM,INR, Interim Dividend - Rs 3.50 Per Share,NSE_CORPORATE_ACTIONS,https://www.nseindia.com/companies-listing/corporate-filings-actions,2026-07-17T14:51:07,VERIFIED_AMOUNT_PARSED
SEC053,INE366I01010,VRLLOG,2019-08-01,2019-08-03,,2.0,DIVIDEND,INR, Annual General Meeting/Dividend - Rs 2 Per Share,NSE_CORPORATE_ACTIONS,https://www.nseindia.com/companies-listing/corporate-filings-actions,2026-07-17T14:51:07,VERIFIED_AMOUNT_PARSED
SEC053,INE366I01010,VRLLOG,2019-11-21,2019-11-22,,4.0,INTERIM,INR, Interim Dividend Rs 4 Per Share,NSE_CORPORATE_ACTIONS,https://www.nseindia.com/companies-listing/corporate-filings-actions,2026-07-17T14:51:07,VERIFIED_AMOUNT_PARSED
SEC053,INE366I01010,VRLLOG,2020-02-18,2020-02-21,,3.0,INTERIM,INR, Interim Dividend - Rs 3 Per Share,NSE_CORPORATE_ACTIONS,https://www.nseindia.com/companies-listing/corporate-filings-actions,2026-07-17T14:51:07,VERIFIED_AMOUNT_PARSED
SEC053,INE366I01010,VRLLOG,2021-07-29,2021-07-31,,4.0,DIVIDEND,INR, Dividend - Rs 4 Per Share,NSE_CORPORATE_ACTIONS,https://www.nseindia.com/companies-listing/corporate-filings-actions,2026-07-17T14:51:07,VERIFIED_AMOUNT_PARSED
SEC053,INE366I01010,VRLLOG,2022-02-10,2022-02-11,,8.0,INTERIM,INR,Interim Dividend - Rs 8 Per Share,NSE_CORPORATE_ACTIONS,https://www.nseindia.com/companies-listing/corporate-filings-actions,2026-07-17T14:51:07,VERIFIED_AMOUNT_PARSED
SEC053,INE366I01010,VRLLOG,2023-07-31,2023-07-31,,5.0,DIVIDEND,INR,Dividend - Rs 5 Per Share,NSE_CORPORATE_ACTIONS,https://www.nseindia.com/companies-listing/corporate-filings-actions,2026-07-17T14:51:07,VERIFIED_AMOUNT_PARSED
SEC053,INE366I01010,VRLLOG,2024-11-29,2024-11-29,,5.0,INTERIM,INR,Interim Dividend - Rs 5 Per Share,NSE_CORPORATE_ACTIONS,https://www.nseindia.com/companies-listing/corporate-filings-actions,2026-07-17T14:51:07,VERIFIED_AMOUNT_PARSED
SEC053,INE366I01010,VRLLOG,2025-07-30,2025-07-30,,10.0,DIVIDEND,INR,Dividend - Rs 10 Per Share,NSE_CORPORATE_ACTIONS,https://www.nseindia.com/companies-listing/corporate-filings-actions,2026-07-17T14:51:07,VERIFIED_AMOUNT_PARSED
SEC053,INE366I01010,VRLLOG,2026-02-13,2026-02-13,,5.0,INTERIM,INR,Interim Dividend - Rs 5 Per Share,NSE_CORPORATE_ACTIONS,https://www.nseindia.com/companies-listing/corporate-filings-actions,2026-07-17T14:51:07,VERIFIED_AMOUNT_PARSED
SEC054,INE177H01021,GPIL,2012-09-20,,,2.5,DIVIDEND,INR,Annual General Meeting/Dividend Rs 2.50 Per Share,NSE_CORPORATE_ACTIONS,https://www.nseindia.com/companies-listing/corporate-filings-actions,2026-07-17T14:51:07,VERIFIED_AMOUNT_PARSED
SEC054,INE177H01021,GPIL,2013-09-18,,,2.5,DIVIDEND,INR,Annual General Meeting/Dividend Rs 2.50/- Per Share,NSE_CORPORATE_ACTIONS,https://www.nseindia.com/companies-listing/corporate-filings-actions,2026-07-17T14:51:07,VERIFIED_AMOUNT_PARSED
SEC054,INE177H01021,GPIL,2014-03-20,2014-03-21,,1.5,INTERIM,INR,Interim Dividend - Rs 1.50/- Per Share (Purpose Revised),NSE_CORPORATE_ACTIONS,https://www.nseindia.com/companies-listing/corporate-filings-actions,2026-07-17T14:51:07,VERIFIED_AMOUNT_PARSED
SEC054,INE177H01021,GPIL,2014-09-17,,,1.0,DIVIDEND,INR,Annual General Meeting/Dividend Rs 1/- Per Share,NSE_CORPORATE_ACTIONS,https://www.nseindia.com/companies-listing/corporate-filings-actions,2026-07-17T14:51:07,VERIFIED_AMOUNT_PARSED
SEC054,INE177H01021,GPIL,2015-08-27,,,1.0,DIVIDEND,INR,Annual General Meeting/ Dividend - Re 1/- Per Share,NSE_CORPORATE_ACTIONS,https://www.nseindia.com/companies-listing/corporate-filings-actions,2026-07-17T14:51:07,VERIFIED_AMOUNT_PARSED
SEC054,INE177H01021,GPIL,2021-02-04,2021-02-06,,5.0,INTERIM,INR, Interim Dividend - Rs  5.00 Per Share,NSE_CORPORATE_ACTIONS,https://www.nseindia.com/companies-listing/corporate-filings-actions,2026-07-17T14:51:07,VERIFIED_AMOUNT_PARSED
SEC054,INE177H01021,GPIL,2021-08-03,2021-08-04,,18.5,INTERIM,INR, Dividend - Rs 13.50 Per Share/ Interim Dividend - Rs 5 Per Share,NSE_CORPORATE_ACTIONS,https://www.nseindia.com/companies-listing/corporate-filings-actions,2026-07-17T14:51:07,VERIFIED_AMOUNT_PARSED
SEC054,INE177H01021,GPIL,2022-08-25,2022-08-26,,8.5,DIVIDEND,INR,Dividend - Rs 8.50 Per Share,NSE_CORPORATE_ACTIONS,https://www.nseindia.com/companies-listing/corporate-filings-actions,2026-07-17T14:51:07,VERIFIED_AMOUNT_PARSED
SEC054,INE177H01021,GPIL,2023-08-18,2023-08-19,,4.0,DIVIDEND,INR,Dividend - Rs 4 Per Share,NSE_CORPORATE_ACTIONS,https://www.nseindia.com/companies-listing/corporate-filings-actions,2026-07-17T14:51:07,VERIFIED_AMOUNT_PARSED
SEC054,INE177H01021,GPIL,2024-08-16,2024-08-17,,6.25,SPECIAL,INR,Dividend - Rs 5 Per Share/Special Dividend - Rs 1.25 Per Share,NSE_CORPORATE_ACTIONS,https://www.nseindia.com/companies-listing/corporate-filings-actions,2026-07-17T14:51:07,VERIFIED_AMOUNT_PARSED
SEC054,INE177H01021,GPIL,2025-08-14,2025-08-16,,1.0,DIVIDEND,INR,Dividend - Re 1 Per Share,NSE_CORPORATE_ACTIONS,https://www.nseindia.com/companies-listing/corporate-filings-actions,2026-07-17T14:51:07,VERIFIED_AMOUNT_PARSED
SEC055,INE335A01012,SURYAROSNI,2012-10-31,2012-11-01,,2.0,INTERIM,INR,Interim Dividend Rs.2/- Per Share (Purpose Revised),NSE_CORPORATE_ACTIONS,https://www.nseindia.com/companies-listing/corporate-filings-actions,2026-07-17T14:51:07,VERIFIED_AMOUNT_PARSED
SEC055,INE335A01012,SURYAROSNI,2013-02-08,2013-02-11,,1.0,INTERIM,INR,2nd Interim Dividend Re 1 Per Share (Purpose Revised),NSE_CORPORATE_ACTIONS,https://www.nseindia.com/companies-listing/corporate-filings-actions,2026-07-17T14:51:07,VERIFIED_AMOUNT_PARSED
SEC055,INE335A01012,SURYAROSNI,2013-08-30,,,1.0,DIVIDEND,INR,Annual General Meeting/Dividend Re 1/- Per Share,NSE_CORPORATE_ACTIONS,https://www.nseindia.com/companies-listing/corporate-filings-actions,2026-07-17T14:51:07,VERIFIED_AMOUNT_PARSED
SEC055,INE335A01012,SURYAROSNI,2014-08-08,,,1.0,FINAL,INR,Annual General Meeting / Final Dividend - Re 1/- Per Share,NSE_CORPORATE_ACTIONS,https://www.nseindia.com/companies-listing/corporate-filings-actions,2026-07-17T14:51:07,VERIFIED_AMOUNT_PARSED
SEC055,INE335A01012,SURYAROSNI,2015-08-21,,,1.0,DIVIDEND,INR,Dividend - Re 1/- Per Share,NSE_CORPORATE_ACTIONS,https://www.nseindia.com/companies-listing/corporate-filings-actions,2026-07-17T14:51:07,VERIFIED_AMOUNT_PARSED
SEC055,INE335A01012,SURYAROSNI,2016-09-01,,,1.0,DIVIDEND,INR, Annual General Meeting/Dividend Re 1/- Per Share,NSE_CORPORATE_ACTIONS,https://www.nseindia.com/companies-listing/corporate-filings-actions,2026-07-17T14:51:07,VERIFIED_AMOUNT_PARSED
SEC055,INE335A01012,SURYAROSNI,2017-12-08,,,1.5,DIVIDEND,INR, Dividend - Rs 1.50 Per Share,NSE_CORPORATE_ACTIONS,https://www.nseindia.com/companies-listing/corporate-filings-actions,2026-07-17T14:51:07,VERIFIED_AMOUNT_PARSED
SEC055,INE335A01012,SURYAROSNI,2018-09-07,,,2.0,DIVIDEND,INR, Dividend- Rs 2 Per Share,NSE_CORPORATE_ACTIONS,https://www.nseindia.com/companies-listing/corporate-filings-actions,2026-07-17T14:51:07,VERIFIED_AMOUNT_PARSED
SEC055,INE335A01012,SURYAROSNI,2019-08-27,2019-08-28,,2.0,DIVIDEND,INR, Dividend Rs 2 Per Share,NSE_CORPORATE_ACTIONS,https://www.nseindia.com/companies-listing/corporate-filings-actions,2026-07-17T14:51:07,VERIFIED_AMOUNT_PARSED
SEC055,INE335A01012,SURYAROSNI,2020-09-03,2020-09-04,,2.0,DIVIDEND,INR, Dividend - Rs 2 Per Share,NSE_CORPORATE_ACTIONS,https://www.nseindia.com/companies-listing/corporate-filings-actions,2026-07-17T14:51:07,VERIFIED_AMOUNT_PARSED
SEC055,INE335A01012,SURYAROSNI,2020-11-06,2020-11-09,,1.5,INTERIM,INR, Interim Dividend - Rs 1.50 Per Share,NSE_CORPORATE_ACTIONS,https://www.nseindia.com/companies-listing/corporate-filings-actions,2026-07-17T14:51:07,VERIFIED_AMOUNT_PARSED
SEC055,INE335A01012,SURYAROSNI,2021-09-02,2021-09-03,,1.5,DIVIDEND,INR, Dividend - Rs 1.50 Per Share,NSE_CORPORATE_ACTIONS,https://www.nseindia.com/companies-listing/corporate-filings-actions,2026-07-17T14:51:07,VERIFIED_AMOUNT_PARSED
SEC055,INE335A01012,SURYAROSNI,2022-09-01,2022-09-02,,4.0,DIVIDEND,INR,Dividend - Rs 4 Per Share,NSE_CORPORATE_ACTIONS,https://www.nseindia.com/companies-listing/corporate-filings-actions,2026-07-17T14:51:07,VERIFIED_AMOUNT_PARSED
SEC055,INE335A01012,SURYAROSNI,2023-01-27,2023-01-27,,3.0,INTERIM,INR,Interim Dividend - Rs 3 Per Share,NSE_CORPORATE_ACTIONS,https://www.nseindia.com/companies-listing/corporate-filings-actions,2026-07-17T14:51:07,VERIFIED_AMOUNT_PARSED
SEC055,INE335A01012,SURYAROSNI,2023-08-25,2023-08-25,,4.0,DIVIDEND,INR,Dividend - Rs 4 Per Share,NSE_CORPORATE_ACTIONS,https://www.nseindia.com/companies-listing/corporate-filings-actions,2026-07-17T14:51:07,VERIFIED_AMOUNT_PARSED
SEC055,INE335A01012,SURYAROSNI,2023-11-10,2023-11-10,,2.5,INTERIM,INR,Interim Dividend - Rs 2.50 Per Share,NSE_CORPORATE_ACTIONS,https://www.nseindia.com/companies-listing/corporate-filings-actions,2026-07-17T14:51:07,VERIFIED_AMOUNT_PARSED
SEC055,INE335A01012,SURYAROSNI,2024-08-23,2024-08-23,,2.5,DIVIDEND,INR,Dividend - Rs 2.50 Per Share,NSE_CORPORATE_ACTIONS,https://www.nseindia.com/companies-listing/corporate-filings-actions,2026-07-17T14:51:07,VERIFIED_AMOUNT_PARSED
SEC055,INE335A01012,SURYAROSNI,2024-11-29,2024-11-29,,2.5,INTERIM,INR,Interim Dividend - Rs 2.50 Per Share,NSE_CORPORATE_ACTIONS,https://www.nseindia.com/companies-listing/corporate-filings-actions,2026-07-17T14:51:07,VERIFIED_AMOUNT_PARSED
SEC055,INE335A01012,SURYAROSNI,2025-09-04,2025-09-05,,3.0,DIVIDEND,INR,Dividend - Rs 3 Per Share,NSE_CORPORATE_ACTIONS,https://www.nseindia.com/companies-listing/corporate-filings-actions,2026-07-17T14:51:07,VERIFIED_AMOUNT_PARSED
SEC055,INE335A01012,SURYAROSNI,2025-11-17,2025-11-17,,2.5,INTERIM,INR,Interim Dividend - Rs 2.50 Per Share,NSE_CORPORATE_ACTIONS,https://www.nseindia.com/companies-listing/corporate-filings-actions,2026-07-17T14:51:07,VERIFIED_AMOUNT_PARSED
SEC056,INE669E01016,IDEA,2013-09-05,,,0.3,DIVIDEND,INR,Annual General Meeting And Dividend Re.0.30/- Per Share,NSE_CORPORATE_ACTIONS,https://www.nseindia.com/companies-listing/corporate-filings-actions,2026-07-17T14:51:07,VERIFIED_AMOUNT_PARSED
SEC056,INE669E01016,IDEA,2014-09-18,,,0.4,FINAL,INR,Annual General Meeting / Final Dividend - Re 0.40/- Per Share,NSE_CORPORATE_ACTIONS,https://www.nseindia.com/companies-listing/corporate-filings-actions,2026-07-17T14:51:07,VERIFIED_AMOUNT_PARSED
SEC056,INE669E01016,IDEA,2015-09-18,,,0.6,DIVIDEND,INR, Annual General Meeting/ Dividend -  Re 0.60/- Per Share,NSE_CORPORATE_ACTIONS,https://www.nseindia.com/companies-listing/corporate-filings-actions,2026-07-17T14:51:07,VERIFIED_AMOUNT_PARSED
SEC056,INE669E01016,IDEA,2016-09-22,,,0.6,DIVIDEND,INR, Annual General Meeting/Dividend - Re 0.60 Per Share,NSE_CORPORATE_ACTIONS,https://www.nseindia.com/companies-listing/corporate-filings-actions,2026-07-17T14:51:07,VERIFIED_AMOUNT_PARSED
SEC057,INE615H01020,TITAGARH,2012-09-06,,,8.0,DIVIDEND,INR,Annual General Meeting And Dividend Rs.8/- Per Share,NSE_CORPORATE_ACTIONS,https://www.nseindia.com/companies-listing/corporate-filings-actions,2026-07-17T14:51:07,VERIFIED_AMOUNT_PARSED
SEC057,INE615H01020,TITAGARH,2013-08-14,,,4.0,DIVIDEND,INR,Annual General Meeting / Dividend - Rs 4/- Per Share,NSE_CORPORATE_ACTIONS,https://www.nseindia.com/companies-listing/corporate-filings-actions,2026-07-17T14:51:07,VERIFIED_AMOUNT_PARSED
SEC057,INE615H01020,TITAGARH,2014-09-04,,,4.0,DIVIDEND,INR,Annual General Meeting / Dividend - Rs 4/- Per Share,NSE_CORPORATE_ACTIONS,https://www.nseindia.com/companies-listing/corporate-filings-actions,2026-07-17T14:51:07,VERIFIED_AMOUNT_PARSED
SEC057,INE615H01020,TITAGARH,2015-09-16,,,0.8,DIVIDEND,INR,Annual General Meeting And Dividend Re.0.80 Per Share,NSE_CORPORATE_ACTIONS,https://www.nseindia.com/companies-listing/corporate-filings-actions,2026-07-17T14:51:07,VERIFIED_AMOUNT_PARSED
SEC057,INE615H01020,TITAGARH,2016-03-28,2016-03-29,,0.8,INTERIM,INR, Interim Dividend -Re 0.80/- Per Share (Purpose Revised),NSE_CORPORATE_ACTIONS,https://www.nseindia.com/companies-listing/corporate-filings-actions,2026-07-17T14:51:07,VERIFIED_AMOUNT_PARSED
SEC057,INE615H01020,TITAGARH,2017-07-20,,,0.8,DIVIDEND,INR, Annual General Meeting/Dividend- Re 0.80 Per Share,NSE_CORPORATE_ACTIONS,https://www.nseindia.com/companies-listing/corporate-filings-actions,2026-07-17T14:51:07,VERIFIED_AMOUNT_PARSED
SEC057,INE615H01020,TITAGARH,2018-09-19,,,0.3,DIVIDEND,INR, Annual General Meeting/Dividend- Re 0.30 Per Share,NSE_CORPORATE_ACTIONS,https://www.nseindia.com/companies-listing/corporate-filings-actions,2026-07-17T14:51:07,VERIFIED_AMOUNT_PARSED
SEC057,INE615H01020,TITAGARH,2019-09-11,,,0.3,DIVIDEND,INR, Annual General Meeting/Dividend - Rs 0.30 Per Share,NSE_CORPORATE_ACTIONS,https://www.nseindia.com/companies-listing/corporate-filings-actions,2026-07-17T14:51:07,VERIFIED_AMOUNT_PARSED
SEC057,INE615H01020,TITAGARH,2023-09-22,,,0.5,DIVIDEND,INR,Annual General Meeting/Dividend - Re 0.50 Per Share,NSE_CORPORATE_ACTIONS,https://www.nseindia.com/companies-listing/corporate-filings-actions,2026-07-17T14:51:07,VERIFIED_AMOUNT_PARSED
SEC057,INE615H01020,TITAGARH,2024-08-20,,,0.8,DIVIDEND,INR,Annual General Meeting/Dividend - Re 0.80 Per Share,NSE_CORPORATE_ACTIONS,https://www.nseindia.com/companies-listing/corporate-filings-actions,2026-07-17T14:51:07,VERIFIED_AMOUNT_PARSED
SEC057,INE615H01020,TITAGARH,2025-09-08,2025-09-09,,1.0,DIVIDEND,INR,Dividend - Re 1 Per Share,NSE_CORPORATE_ACTIONS,https://www.nseindia.com/companies-listing/corporate-filings-actions,2026-07-17T14:51:07,VERIFIED_AMOUNT_PARSED
SEC058,INE140A01024,PEL,2012-07-09,,,17.5,DIVIDEND,INR,Annual General Meeting And Dividend Rs.17.50 Per Share,NSE_CORPORATE_ACTIONS,https://www.nseindia.com/companies-listing/corporate-filings-actions,2026-07-17T14:51:07,VERIFIED_AMOUNT_PARSED
SEC058,INE140A01024,PEL,2013-07-15,,,17.5,DIVIDEND,INR,Annual General Meeting And Dividend Rs.17.50 Per Equity Share,NSE_CORPORATE_ACTIONS,https://www.nseindia.com/companies-listing/corporate-filings-actions,2026-07-17T14:51:07,VERIFIED_AMOUNT_PARSED
SEC058,INE140A01024,PEL,2014-07-15,,,52.5,DIVIDEND,INR,Annual General Meeting / Dividend - Rs 52.5/- Per Share,NSE_CORPORATE_ACTIONS,https://www.nseindia.com/companies-listing/corporate-filings-actions,2026-07-17T14:51:07,VERIFIED_AMOUNT_PARSED
SEC058,INE140A01024,PEL,2015-07-28,,,20.0,DIVIDEND,INR,Annual General Meeting/ Dividend - Rs 20/- Per Share,NSE_CORPORATE_ACTIONS,https://www.nseindia.com/companies-listing/corporate-filings-actions,2026-07-17T14:51:07,VERIFIED_AMOUNT_PARSED
SEC058,INE140A01024,PEL,2016-03-17,2016-03-19,,17.5,INTERIM,INR, Interim Dividend -Rs 17.50/- Per Share,NSE_CORPORATE_ACTIONS,https://www.nseindia.com/companies-listing/corporate-filings-actions,2026-07-17T14:51:07,VERIFIED_AMOUNT_PARSED
SEC058,INE140A01024,PEL,2017-07-21,,,21.0,DIVIDEND,INR, Dividend - Rs 21/- Per Share,NSE_CORPORATE_ACTIONS,https://www.nseindia.com/companies-listing/corporate-filings-actions,2026-07-17T14:51:07,VERIFIED_AMOUNT_PARSED
SEC058,INE140A01024,PEL,2018-07-19,,,25.0,DIVIDEND,INR, Dividend- Rs 25 Per Share,NSE_CORPORATE_ACTIONS,https://www.nseindia.com/companies-listing/corporate-filings-actions,2026-07-17T14:51:07,VERIFIED_AMOUNT_PARSED
SEC058,INE140A01024,PEL,2019-07-18,,,28.0,DIVIDEND,INR, Annual General Meeting/ Dividend - Rs 28 Per Share,NSE_CORPORATE_ACTIONS,https://www.nseindia.com/companies-listing/corporate-filings-actions,2026-07-17T14:51:07,VERIFIED_AMOUNT_PARSED
SEC058,INE140A01024,PEL,2020-07-16,,,14.0,DIVIDEND,INR, Annual General Meeting/Dividend - Rs 14 Per Share,NSE_CORPORATE_ACTIONS,https://www.nseindia.com/companies-listing/corporate-filings-actions,2026-07-17T14:51:07,VERIFIED_AMOUNT_PARSED
SEC058,INE140A01024,PEL,2021-07-06,2021-07-07,,33.0,DIVIDEND,INR, Dividend - Rs 33 Per Share,NSE_CORPORATE_ACTIONS,https://www.nseindia.com/companies-listing/corporate-filings-actions,2026-07-17T14:51:07,VERIFIED_AMOUNT_PARSED
SEC058,INE140A01024,PEL,2022-07-14,2022-07-15,,33.0,DIVIDEND,INR,Dividend - Rs 33 Per Share,NSE_CORPORATE_ACTIONS,https://www.nseindia.com/companies-listing/corporate-filings-actions,2026-07-17T14:51:07,VERIFIED_AMOUNT_PARSED
SEC058,INE140A01024,PEL,2023-06-16,2023-06-16,,31.0,DIVIDEND,INR,Dividend - Rs 31 Per Sh,NSE_CORPORATE_ACTIONS,https://www.nseindia.com/companies-listing/corporate-filings-actions,2026-07-17T14:51:07,VERIFIED_AMOUNT_PARSED
SEC058,INE140A01024,PEL,2024-07-05,2024-07-05,,10.0,DIVIDEND,INR,Dividend - Rs 10 Per Share,NSE_CORPORATE_ACTIONS,https://www.nseindia.com/companies-listing/corporate-filings-actions,2026-07-17T14:51:07,VERIFIED_AMOUNT_PARSED
SEC058,INE140A01024,PEL,2025-06-13,2025-06-13,,11.0,DIVIDEND,INR,Dividend - Rs 11 Per Share,NSE_CORPORATE_ACTIONS,https://www.nseindia.com/companies-listing/corporate-filings-actions,2026-07-17T14:51:07,VERIFIED_AMOUNT_PARSED
SEC059,INE348L01012,MASFIN,2017-11-17,2017-11-20,,1.5,INTERIM,INR, Interim Dividend - Rs 1.50 Per Share,NSE_CORPORATE_ACTIONS,https://www.nseindia.com/companies-listing/corporate-filings-actions,2026-07-17T14:51:07,VERIFIED_AMOUNT_PARSED
SEC059,INE348L01012,MASFIN,2018-06-13,,,2.16,DIVIDEND,INR, Dividend- Rs 2.16 Per Share,NSE_CORPORATE_ACTIONS,https://www.nseindia.com/companies-listing/corporate-filings-actions,2026-07-17T14:51:07,VERIFIED_AMOUNT_PARSED
SEC059,INE348L01012,MASFIN,2018-11-20,2018-11-23,,1.5,INTERIM,INR, Interim Dividend -  Rs 1.50 Per Sh,NSE_CORPORATE_ACTIONS,https://www.nseindia.com/companies-listing/corporate-filings-actions,2026-07-17T14:51:07,VERIFIED_AMOUNT_PARSED
SEC059,INE348L01012,MASFIN,2019-06-18,,,3.6,DIVIDEND,INR, Dividend Rs -3.60 Per Share,NSE_CORPORATE_ACTIONS,https://www.nseindia.com/companies-listing/corporate-filings-actions,2026-07-17T14:51:07,VERIFIED_AMOUNT_PARSED
SEC059,INE348L01012,MASFIN,2019-11-21,2019-11-22,,2.0,INTERIM,INR, Interim Dividend - Rs 2 Per Share,NSE_CORPORATE_ACTIONS,https://www.nseindia.com/companies-listing/corporate-filings-actions,2026-07-17T14:51:07,VERIFIED_AMOUNT_PARSED
SEC059,INE348L01012,MASFIN,2020-03-02,2020-03-03,,6.0,INTERIM,INR, Interim Dividend - Rs 6 Per Share,NSE_CORPORATE_ACTIONS,https://www.nseindia.com/companies-listing/corporate-filings-actions,2026-07-17T14:51:07,VERIFIED_AMOUNT_PARSED
SEC059,INE348L01012,MASFIN,2021-08-17,,,1.5,DIVIDEND,INR, Annual General Meeting/Dividend - Rs 1.50 Per Share,NSE_CORPORATE_ACTIONS,https://www.nseindia.com/companies-listing/corporate-filings-actions,2026-07-17T14:51:07,VERIFIED_AMOUNT_PARSED
SEC059,INE348L01012,MASFIN,2022-02-10,2022-02-12,,1.25,INTERIM,INR,Interim Dividend - Rs 1.25 Per Share,NSE_CORPORATE_ACTIONS,https://www.nseindia.com/companies-listing/corporate-filings-actions,2026-07-17T14:51:07,VERIFIED_AMOUNT_PARSED
SEC059,INE348L01012,MASFIN,2022-08-12,,,1.75,DIVIDEND,INR,Annual General Meeting/Dividend - Rs 1.75 Per Share,NSE_CORPORATE_ACTIONS,https://www.nseindia.com/companies-listing/corporate-filings-actions,2026-07-17T14:51:07,VERIFIED_AMOUNT_PARSED
SEC059,INE348L01012,MASFIN,2023-02-10,2023-02-11,,1.8,INTERIM,INR,Interim Dividend - Rs 1.80 Per Share,NSE_CORPORATE_ACTIONS,https://www.nseindia.com/companies-listing/corporate-filings-actions,2026-07-17T14:51:07,VERIFIED_AMOUNT_PARSED
SEC059,INE348L01012,MASFIN,2023-07-19,,,1.85,DIVIDEND,INR,Annual General Meeting/Dividend - Rs 1.85 Per Share,NSE_CORPORATE_ACTIONS,https://www.nseindia.com/companies-listing/corporate-filings-actions,2026-07-17T14:51:07,VERIFIED_AMOUNT_PARSED
SEC059,INE348L01012,MASFIN,2024-01-22,2024-01-22,,3.0,INTERIM,INR,Interim Dividend - Rs 3 Per Share,NSE_CORPORATE_ACTIONS,https://www.nseindia.com/companies-listing/corporate-filings-actions,2026-07-17T14:51:07,VERIFIED_AMOUNT_PARSED
SEC059,INE348L01012,MASFIN,2024-09-04,,,0.51,DIVIDEND,INR,Annual General Meeting/Dividend - Re 0.51 Per Share,NSE_CORPORATE_ACTIONS,https://www.nseindia.com/companies-listing/corporate-filings-actions,2026-07-17T14:51:07,VERIFIED_AMOUNT_PARSED
SEC059,INE348L01012,MASFIN,2025-02-05,2025-02-05,,1.0,INTERIM,INR,Interim Dividend - Re 1 Per Share,NSE_CORPORATE_ACTIONS,https://www.nseindia.com/companies-listing/corporate-filings-actions,2026-07-17T14:51:07,VERIFIED_AMOUNT_PARSED
SEC059,INE348L01012,MASFIN,2025-08-26,2025-08-27,,0.7,DIVIDEND,INR,Dividend - Re 0.70 Per Share,NSE_CORPORATE_ACTIONS,https://www.nseindia.com/companies-listing/corporate-filings-actions,2026-07-17T14:51:07,VERIFIED_AMOUNT_PARSED
SEC059,INE348L01012,MASFIN,2026-02-04,2026-02-04,,1.25,INTERIM,INR,Interim Dividend - Rs 1.25 Per Share,NSE_CORPORATE_ACTIONS,https://www.nseindia.com/companies-listing/corporate-filings-actions,2026-07-17T14:51:07,VERIFIED_AMOUNT_PARSED
SEC060,,PPLPHARMA,2024-07-12,2024-07-12,,0.11,DIVIDEND,INR,Dividend - Rs 0.11 Per Share,NSE_CORPORATE_ACTIONS,https://www.nseindia.com/companies-listing/corporate-filings-actions,2026-07-17T14:51:07,VERIFIED_AMOUNT_PARSED
SEC060,,PPLPHARMA,2025-07-16,2025-07-16,,0.14,DIVIDEND,INR,Dividend - Re 0.14 Per Share,NSE_CORPORATE_ACTIONS,https://www.nseindia.com/companies-listing/corporate-filings-actions,2026-07-17T14:51:07,VERIFIED_AMOUNT_PARSED
SEC061,INE211R01019,POWERMECH,2016-03-29,2016-03-30,,1.0,INTERIM,INR, Interim Dividend - Re 1/- Per Share (Purpose Revised),NSE_CORPORATE_ACTIONS,https://www.nseindia.com/companies-listing/corporate-filings-actions,2026-07-17T14:51:07,VERIFIED_AMOUNT_PARSED
SEC061,INE211R01019,POWERMECH,2017-09-21,,,1.0,DIVIDEND,INR, Annual General Meeting/Dividend - Re 1/- Per Share,NSE_CORPORATE_ACTIONS,https://www.nseindia.com/companies-listing/corporate-filings-actions,2026-07-17T14:51:07,VERIFIED_AMOUNT_PARSED
SEC061,INE211R01019,POWERMECH,2018-09-19,,,1.0,DIVIDEND,INR, Annual General Meeting/Dividend Re 1 Per Share,NSE_CORPORATE_ACTIONS,https://www.nseindia.com/companies-listing/corporate-filings-actions,2026-07-17T14:51:07,VERIFIED_AMOUNT_PARSED
SEC061,INE211R01019,POWERMECH,2019-09-19,,,1.0,DIVIDEND,INR, Annual General Meeting/Dividend - Re 1 Per Share,NSE_CORPORATE_ACTIONS,https://www.nseindia.com/companies-listing/corporate-filings-actions,2026-07-17T14:51:07,VERIFIED_AMOUNT_PARSED
SEC061,INE211R01019,POWERMECH,2020-10-12,,,1.0,DIVIDEND,INR, Annual General Meeting/Dividend - Re 1 Per Share,NSE_CORPORATE_ACTIONS,https://www.nseindia.com/companies-listing/corporate-filings-actions,2026-07-17T14:51:07,VERIFIED_AMOUNT_PARSED
SEC061,INE211R01019,POWERMECH,2022-09-22,,,1.5,DIVIDEND,INR,Annual General Meeting/Dividend - Rs 1.50 Per Share,NSE_CORPORATE_ACTIONS,https://www.nseindia.com/companies-listing/corporate-filings-actions,2026-07-17T14:51:07,VERIFIED_AMOUNT_PARSED
SEC061,INE211R01019,POWERMECH,2023-09-21,,,2.0,DIVIDEND,INR,Annual General Meeting/Dividend - Rs 2 Per Share,NSE_CORPORATE_ACTIONS,https://www.nseindia.com/companies-listing/corporate-filings-actions,2026-07-17T14:51:07,VERIFIED_AMOUNT_PARSED
SEC061,INE211R01019,POWERMECH,2024-09-20,,,2.0,DIVIDEND,INR,Annual General Meeting/Dividend - Rs 2 Per Share,NSE_CORPORATE_ACTIONS,https://www.nseindia.com/companies-listing/corporate-filings-actions,2026-07-17T14:51:07,VERIFIED_AMOUNT_PARSED
SEC061,INE211R01019,POWERMECH,2025-09-15,2025-09-15,,1.25,DIVIDEND,INR,Dividend - Rs 1.25 Per Share,NSE_CORPORATE_ACTIONS,https://www.nseindia.com/companies-listing/corporate-filings-actions,2026-07-17T14:51:07,VERIFIED_AMOUNT_PARSED
SEC062,INE694D01016,VADILALIND,2012-09-12,,,1.5,DIVIDEND,INR,Annual General Meeting And Dividend Rs.1.50 Per Share,NSE_CORPORATE_ACTIONS,https://www.nseindia.com/companies-listing/corporate-filings-actions,2026-07-17T14:51:07,VERIFIED_AMOUNT_PARSED
SEC062,INE694D01016,VADILALIND,2013-09-12,,,1.5,DIVIDEND,INR,Annual General Meeting/Dividend Rs 1.50/- Per Share,NSE_CORPORATE_ACTIONS,https://www.nseindia.com/companies-listing/corporate-filings-actions,2026-07-17T14:51:07,VERIFIED_AMOUNT_PARSED
SEC062,INE694D01016,VADILALIND,2014-09-11,,,1.0,DIVIDEND,INR,Annual General Meeting And Dividend Re.1/- Per Share,NSE_CORPORATE_ACTIONS,https://www.nseindia.com/companies-listing/corporate-filings-actions,2026-07-17T14:51:07,VERIFIED_AMOUNT_PARSED
SEC062,INE694D01016,VADILALIND,2015-09-15,,,1.0,DIVIDEND,INR, Annual General Meeting/ Dividend - Re 1/- Per Share,NSE_CORPORATE_ACTIONS,https://www.nseindia.com/companies-listing/corporate-filings-actions,2026-07-17T14:51:07,VERIFIED_AMOUNT_PARSED
SEC062,INE694D01016,VADILALIND,2016-09-14,,,1.25,DIVIDEND,INR, Annual General Meeting/ Dividend - Rs 1.25 Per Share,NSE_CORPORATE_ACTIONS,https://www.nseindia.com/companies-listing/corporate-filings-actions,2026-07-17T14:51:07,VERIFIED_AMOUNT_PARSED
SEC062,INE694D01016,VADILALIND,2017-09-14,,,1.25,DIVIDEND,INR, Annual General Meeting/Dividend - Rs 1.25 Per Share,NSE_CORPORATE_ACTIONS,https://www.nseindia.com/companies-listing/corporate-filings-actions,2026-07-17T14:51:07,VERIFIED_AMOUNT_PARSED
SEC062,INE694D01016,VADILALIND,2018-09-12,,,1.25,DIVIDEND,INR, Dividend Rs 1.25 Per Share,NSE_CORPORATE_ACTIONS,https://www.nseindia.com/companies-listing/corporate-filings-actions,2026-07-17T14:51:07,VERIFIED_AMOUNT_PARSED
SEC062,INE694D01016,VADILALIND,2019-09-19,,,1.25,DIVIDEND,INR, Dividend - Rs 1.25 Per Share,NSE_CORPORATE_ACTIONS,https://www.nseindia.com/companies-listing/corporate-filings-actions,2026-07-17T14:51:07,VERIFIED_AMOUNT_PARSED
SEC062,INE694D01016,VADILALIND,2022-09-21,,,1.25,DIVIDEND,INR,Annual General Meeting/Dividend - Rs 1.25 Per Share,NSE_CORPORATE_ACTIONS,https://www.nseindia.com/companies-listing/corporate-filings-actions,2026-07-17T14:51:07,VERIFIED_AMOUNT_PARSED
SEC062,INE694D01016,VADILALIND,2023-09-14,2023-09-14,,1.5,DIVIDEND,INR,Dividend - Rs 1.50 Per Share,NSE_CORPORATE_ACTIONS,https://www.nseindia.com/companies-listing/corporate-filings-actions,2026-07-17T14:51:07,VERIFIED_AMOUNT_PARSED
SEC062,INE694D01016,VADILALIND,2024-09-19,2024-09-19,,1.5,DIVIDEND,INR,Dividend - Rs 1.50 Per Share,NSE_CORPORATE_ACTIONS,https://www.nseindia.com/companies-listing/corporate-filings-actions,2026-07-17T14:51:07,VERIFIED_AMOUNT_PARSED
SEC062,INE694D01016,VADILALIND,2025-09-12,2025-09-12,,21.0,DIVIDEND,INR,Dividend - Rs 21 Per Share,NSE_CORPORATE_ACTIONS,https://www.nseindia.com/companies-listing/corporate-filings-actions,2026-07-17T14:51:07,VERIFIED_AMOUNT_PARSED
SEC063,INE386C01029,ASTRAMICRO,2012-07-19,,,0.7,DIVIDEND,INR,Annual General Meeting And Dividend Re.0.70 Per Share,NSE_CORPORATE_ACTIONS,https://www.nseindia.com/companies-listing/corporate-filings-actions,2026-07-17T14:51:07,VERIFIED_AMOUNT_PARSED
SEC063,INE386C01029,ASTRAMICRO,2013-09-19,,,0.8,DIVIDEND,INR,Annual General Meeting / Dividend - Re 0.80/- Per Share,NSE_CORPORATE_ACTIONS,https://www.nseindia.com/companies-listing/corporate-filings-actions,2026-07-17T14:51:07,VERIFIED_AMOUNT_PARSED
SEC063,INE386C01029,ASTRAMICRO,2014-07-22,,,1.1,DIVIDEND,INR,Annual General Meeting / Dividend - Rs 1.10/- Per Share,NSE_CORPORATE_ACTIONS,https://www.nseindia.com/companies-listing/corporate-filings-actions,2026-07-17T14:51:07,VERIFIED_AMOUNT_PARSED
SEC063,INE386C01029,ASTRAMICRO,2015-07-21,,,1.2,DIVIDEND,INR,Annual General Meeting/Dividend - Rs 1.20/- Per Share,NSE_CORPORATE_ACTIONS,https://www.nseindia.com/companies-listing/corporate-filings-actions,2026-07-17T14:51:07,VERIFIED_AMOUNT_PARSED
SEC063,INE386C01029,ASTRAMICRO,2016-07-20,,,1.2,DIVIDEND,INR, Annual General Meeting/ Dividend -  Rs 1.20/- Per Share,NSE_CORPORATE_ACTIONS,https://www.nseindia.com/companies-listing/corporate-filings-actions,2026-07-17T14:51:07,VERIFIED_AMOUNT_PARSED
SEC063,INE386C01029,ASTRAMICRO,2017-07-19,,,1.0,DIVIDEND,INR, Annual General Meeting/Dividend - Re 1 Per Share,NSE_CORPORATE_ACTIONS,https://www.nseindia.com/companies-listing/corporate-filings-actions,2026-07-17T14:51:07,VERIFIED_AMOUNT_PARSED
SEC063,INE386C01029,ASTRAMICRO,2018-07-19,,,1.2,DIVIDEND,INR, Dividend- Rs 1.20 Per Share,NSE_CORPORATE_ACTIONS,https://www.nseindia.com/companies-listing/corporate-filings-actions,2026-07-17T14:51:07,VERIFIED_AMOUNT_PARSED
SEC063,INE386C01029,ASTRAMICRO,2019-08-06,,,0.25,DIVIDEND,INR, Dividend - Rs 0.25 Per Share,NSE_CORPORATE_ACTIONS,https://www.nseindia.com/companies-listing/corporate-filings-actions,2026-07-17T14:51:07,VERIFIED_AMOUNT_PARSED
SEC063,INE386C01029,ASTRAMICRO,2020-09-01,,,1.2,DIVIDEND,INR, Annual General Meeting/Dividend - Rs 1.20 Per Share,NSE_CORPORATE_ACTIONS,https://www.nseindia.com/companies-listing/corporate-filings-actions,2026-07-17T14:51:07,VERIFIED_AMOUNT_PARSED
SEC063,INE386C01029,ASTRAMICRO,2021-08-17,,,1.2,DIVIDEND,INR, Annual General Meeting/Dividend - Rs 1.20 Per Share,NSE_CORPORATE_ACTIONS,https://www.nseindia.com/companies-listing/corporate-filings-actions,2026-07-17T14:51:07,VERIFIED_AMOUNT_PARSED
SEC063,INE386C01029,ASTRAMICRO,2022-08-11,,,1.4,DIVIDEND,INR,Annual General Meeting/Dividend - Rs  1.40 Per Share,NSE_CORPORATE_ACTIONS,https://www.nseindia.com/companies-listing/corporate-filings-actions,2026-07-17T14:51:07,VERIFIED_AMOUNT_PARSED
SEC063,INE386C01029,ASTRAMICRO,2023-08-23,,,1.6,DIVIDEND,INR,Annual General Meeting/Dividend - Rs 1.60 Per Sh,NSE_CORPORATE_ACTIONS,https://www.nseindia.com/companies-listing/corporate-filings-actions,2026-07-17T14:51:07,VERIFIED_AMOUNT_PARSED
SEC063,INE386C01029,ASTRAMICRO,2024-08-23,,,2.0,DIVIDEND,INR,Annual General Meeting/Dividend - Rs 2 Per Share,NSE_CORPORATE_ACTIONS,https://www.nseindia.com/companies-listing/corporate-filings-actions,2026-07-17T14:51:07,VERIFIED_AMOUNT_PARSED
SEC063,INE386C01029,ASTRAMICRO,2025-09-10,2025-09-10,,2.2,DIVIDEND,INR,Dividend - Rs 2.20 Per Share,NSE_CORPORATE_ACTIONS,https://www.nseindia.com/companies-listing/corporate-filings-actions,2026-07-17T14:51:07,VERIFIED_AMOUNT_PARSED
SEC064,INE625G01013,WELENT,2017-09-14,,,0.75,DIVIDEND,INR, Dividend- Re 0.75 Per Share,NSE_CORPORATE_ACTIONS,https://www.nseindia.com/companies-listing/corporate-filings-actions,2026-07-17T14:51:07,VERIFIED_AMOUNT_PARSED
SEC064,INE625G01013,WELENT,2018-06-25,,,1.5,DIVIDEND,INR, Dividend- Rs 1.5 Per Share,NSE_CORPORATE_ACTIONS,https://www.nseindia.com/companies-listing/corporate-filings-actions,2026-07-17T14:51:07,VERIFIED_AMOUNT_PARSED
SEC064,INE625G01013,WELENT,2019-07-25,,,2.0,DIVIDEND,INR, Dividend - Rs 2 Per Share,NSE_CORPORATE_ACTIONS,https://www.nseindia.com/companies-listing/corporate-filings-actions,2026-07-17T14:51:07,VERIFIED_AMOUNT_PARSED
SEC064,INE625G01013,WELENT,2020-06-11,,,2.0,DIVIDEND,INR, Dividend - Rs 2 Per Share,NSE_CORPORATE_ACTIONS,https://www.nseindia.com/companies-listing/corporate-filings-actions,2026-07-17T14:51:07,VERIFIED_AMOUNT_PARSED
SEC064,INE625G01013,WELENT,2021-08-18,,,1.5,DIVIDEND,INR, Dividend - Rs 1.50 Per Share,NSE_CORPORATE_ACTIONS,https://www.nseindia.com/companies-listing/corporate-filings-actions,2026-07-17T14:51:07,VERIFIED_AMOUNT_PARSED
SEC064,INE625G01013,WELENT,2022-06-30,,,1.5,DIVIDEND,INR,Dividend - Rs 1.50 Per Share,NSE_CORPORATE_ACTIONS,https://www.nseindia.com/companies-listing/corporate-filings-actions,2026-07-17T14:51:07,VERIFIED_AMOUNT_PARSED
SEC064,INE625G01013,WELENT,2023-01-11,2023-01-11,,7.5,SPECIAL,INR,Special Dividend - Rs 7.50 Per Share,NSE_CORPORATE_ACTIONS,https://www.nseindia.com/companies-listing/corporate-filings-actions,2026-07-17T14:51:07,VERIFIED_AMOUNT_PARSED
SEC064,INE625G01013,WELENT,2023-06-30,,,1.0,DIVIDEND,INR,Annual General Meeting/Dividend - Re 1 Per Share,NSE_CORPORATE_ACTIONS,https://www.nseindia.com/companies-listing/corporate-filings-actions,2026-07-17T14:51:07,VERIFIED_AMOUNT_PARSED
SEC064,INE625G01013,WELENT,2024-07-05,,,3.0,DIVIDEND,INR,Annual General Meeting/Dividend - Rs 3 Per Share,NSE_CORPORATE_ACTIONS,https://www.nseindia.com/companies-listing/corporate-filings-actions,2026-07-17T14:51:07,VERIFIED_AMOUNT_PARSED
SEC064,INE625G01013,WELENT,2025-07-04,2025-07-04,,3.0,DIVIDEND,INR,Dividend - Rs 3 Per Share,NSE_CORPORATE_ACTIONS,https://www.nseindia.com/companies-listing/corporate-filings-actions,2026-07-17T14:51:07,VERIFIED_AMOUNT_PARSED
SEC064,INE625G01013,WELENT,2026-07-03,2026-07-03,,3.0,DIVIDEND,INR,Dividend - Rs 3 Per Share,NSE_CORPORATE_ACTIONS,https://www.nseindia.com/companies-listing/corporate-filings-actions,2026-07-17T14:51:07,VERIFIED_AMOUNT_PARSED
SEC065,INE251B01027,ZENTEC,2015-09-18,,,0.35,DIVIDEND,INR, Annual General Meeting/ Dividend -  Re 0.35/- Per Share,NSE_CORPORATE_ACTIONS,https://www.nseindia.com/companies-listing/corporate-filings-actions,2026-07-17T14:51:07,VERIFIED_AMOUNT_PARSED
SEC065,INE251B01027,ZENTEC,2016-09-15,,,0.1,DIVIDEND,INR, Annual General Meeting/Dividend - Re 0.10 Per Share,NSE_CORPORATE_ACTIONS,https://www.nseindia.com/companies-listing/corporate-filings-actions,2026-07-17T14:51:07,VERIFIED_AMOUNT_PARSED
SEC065,INE251B01027,ZENTEC,2017-09-19,,,0.15,DIVIDEND,INR, Annual General Meeting/Dividend - Re 0.15 Per Share,NSE_CORPORATE_ACTIONS,https://www.nseindia.com/companies-listing/corporate-filings-actions,2026-07-17T14:51:07,VERIFIED_AMOUNT_PARSED
SEC065,INE251B01027,ZENTEC,2018-09-19,,,0.1,DIVIDEND,INR, Annual General Meeting/Dividend Re 0.10 Per Share,NSE_CORPORATE_ACTIONS,https://www.nseindia.com/companies-listing/corporate-filings-actions,2026-07-17T14:51:07,VERIFIED_AMOUNT_PARSED
SEC065,INE251B01027,ZENTEC,2019-09-12,2019-09-13,,0.3,DIVIDEND,INR, Annual General Meeting/Dividend - Rs 0.30 Per Share,NSE_CORPORATE_ACTIONS,https://www.nseindia.com/companies-listing/corporate-filings-actions,2026-07-17T14:51:07,VERIFIED_AMOUNT_PARSED
SEC065,INE251B01027,ZENTEC,2020-09-10,2020-09-11,,0.4,DIVIDEND,INR, Annual General Meeting/Dividend - Rs 0.40 Per Share,NSE_CORPORATE_ACTIONS,https://www.nseindia.com/companies-listing/corporate-filings-actions,2026-07-17T14:51:07,VERIFIED_AMOUNT_PARSED
SEC065,INE251B01027,ZENTEC,2021-08-18,2021-08-20,,0.1,DIVIDEND,INR, Annual General Meeting/Dividend - Rs 0.10 Per Share,NSE_CORPORATE_ACTIONS,https://www.nseindia.com/companies-listing/corporate-filings-actions,2026-07-17T14:51:07,VERIFIED_AMOUNT_PARSED
SEC065,INE251B01027,ZENTEC,2022-09-21,2022-09-22,,0.1,DIVIDEND,INR,Annual General Meeting/Dividend - Re 0.10 Per Share,NSE_CORPORATE_ACTIONS,https://www.nseindia.com/companies-listing/corporate-filings-actions,2026-07-17T14:51:07,VERIFIED_AMOUNT_PARSED
SEC065,INE251B01027,ZENTEC,2023-09-08,2023-09-08,,0.2,DIVIDEND,INR,Dividend - Re 0.20 Per Share,NSE_CORPORATE_ACTIONS,https://www.nseindia.com/companies-listing/corporate-filings-actions,2026-07-17T14:51:07,VERIFIED_AMOUNT_PARSED
SEC065,INE251B01027,ZENTEC,2024-09-06,2024-09-06,,1.0,DIVIDEND,INR,Dividend - Re 1 Per Share,NSE_CORPORATE_ACTIONS,https://www.nseindia.com/companies-listing/corporate-filings-actions,2026-07-17T14:51:07,VERIFIED_AMOUNT_PARSED
SEC065,INE251B01027,ZENTEC,2025-08-14,2025-08-15,,2.0,DIVIDEND,INR,Dividend - Rs 2 Per Share,NSE_CORPORATE_ACTIONS,https://www.nseindia.com/companies-listing/corporate-filings-actions,2026-07-17T14:51:07,VERIFIED_AMOUNT_PARSED
SEC066,INE332A01027,THOMASCOOK,2012-06-06,,,0.375,DIVIDEND,INR,Dividend - Rs.0.375/- Per Share,NSE_CORPORATE_ACTIONS,https://www.nseindia.com/companies-listing/corporate-filings-actions,2026-07-17T14:51:07,VERIFIED_AMOUNT_PARSED
SEC066,INE332A01027,THOMASCOOK,2013-05-28,,,0.375,DIVIDEND,INR,Annual General Meeting/Dividend Re 0.375 Per Share,NSE_CORPORATE_ACTIONS,https://www.nseindia.com/companies-listing/corporate-filings-actions,2026-07-17T14:51:07,VERIFIED_AMOUNT_PARSED
SEC066,INE332A01027,THOMASCOOK,2014-05-21,,,0.375,DIVIDEND,INR,Dividend Rs.0.375 Per Share,NSE_CORPORATE_ACTIONS,https://www.nseindia.com/companies-listing/corporate-filings-actions,2026-07-17T14:51:07,VERIFIED_AMOUNT_PARSED
SEC066,INE332A01027,THOMASCOOK,2015-08-17,,,0.5,DIVIDEND,INR,Annual General Meeting/Dividend - Re 0.50/- Per Share,NSE_CORPORATE_ACTIONS,https://www.nseindia.com/companies-listing/corporate-filings-actions,2026-07-17T14:51:07,VERIFIED_AMOUNT_PARSED
SEC066,INE332A01027,THOMASCOOK,2016-08-24,,,0.375,DIVIDEND,INR, Annual General Meeting/ Dividend - Re 0.375/- Per Share,NSE_CORPORATE_ACTIONS,https://www.nseindia.com/companies-listing/corporate-filings-actions,2026-07-17T14:51:07,VERIFIED_AMOUNT_PARSED
SEC066,INE332A01027,THOMASCOOK,2017-07-24,,,0.375,DIVIDEND,INR, Annual General Meeting/Dividend - Re 0.375 Per Share,NSE_CORPORATE_ACTIONS,https://www.nseindia.com/companies-listing/corporate-filings-actions,2026-07-17T14:51:07,VERIFIED_AMOUNT_PARSED
SEC066,INE332A01027,THOMASCOOK,2018-09-18,,,0.375,DIVIDEND,INR, Annual General Meeting/Dividend- Re 0.375 Per Share,NSE_CORPORATE_ACTIONS,https://www.nseindia.com/companies-listing/corporate-filings-actions,2026-07-17T14:51:07,VERIFIED_AMOUNT_PARSED
SEC066,INE332A01027,THOMASCOOK,2019-07-31,,,0.375,DIVIDEND,INR, Annual General Meeting/ Dividend - Re 0.375 Per Share,NSE_CORPORATE_ACTIONS,https://www.nseindia.com/companies-listing/corporate-filings-actions,2026-07-17T14:51:07,VERIFIED_AMOUNT_PARSED
SEC066,INE332A01027,THOMASCOOK,2023-08-10,,,0.4,DIVIDEND,INR,Annual General Meeting/Dividend - Re 0.40 Per Share,NSE_CORPORATE_ACTIONS,https://www.nseindia.com/companies-listing/corporate-filings-actions,2026-07-17T14:51:07,VERIFIED_AMOUNT_PARSED
SEC066,INE332A01027,THOMASCOOK,2024-08-16,,,0.6,SPECIAL,INR,Dividend - Rs 0.40 Per Share/Special Dividend - Rs. 0.20 Per Share,NSE_CORPORATE_ACTIONS,https://www.nseindia.com/companies-listing/corporate-filings-actions,2026-07-17T14:51:07,VERIFIED_AMOUNT_PARSED
SEC066,INE332A01027,THOMASCOOK,2025-08-21,2025-08-21,,0.45,DIVIDEND,INR,Dividend - Re 0.45 Per Share,NSE_CORPORATE_ACTIONS,https://www.nseindia.com/companies-listing/corporate-filings-actions,2026-07-17T14:51:07,VERIFIED_AMOUNT_PARSED
SEC067,INE132H01018,AURIONPRO,2012-09-21,,,1.0,DIVIDEND,INR,Annual General Meeting/ Dividend Re.1 Per Share,NSE_CORPORATE_ACTIONS,https://www.nseindia.com/companies-listing/corporate-filings-actions,2026-07-17T14:51:07,VERIFIED_AMOUNT_PARSED
SEC067,INE132H01018,AURIONPRO,2013-09-13,,,1.25,DIVIDEND,INR,Annual General Meeting/Dividend Rs 1.25/- Per Share,NSE_CORPORATE_ACTIONS,https://www.nseindia.com/companies-listing/corporate-filings-actions,2026-07-17T14:51:07,VERIFIED_AMOUNT_PARSED
SEC067,INE132H01018,AURIONPRO,2014-09-25,,,2.0,DIVIDEND,INR,Annual General Meeting And Dividend Rs.2/- Per Share,NSE_CORPORATE_ACTIONS,https://www.nseindia.com/companies-listing/corporate-filings-actions,2026-07-17T14:51:07,VERIFIED_AMOUNT_PARSED
SEC067,INE132H01018,AURIONPRO,2015-09-16,,,3.0,DIVIDEND,INR, Annual General Meeting/Dividend -  Rs 3/- Per Share,NSE_CORPORATE_ACTIONS,https://www.nseindia.com/companies-listing/corporate-filings-actions,2026-07-17T14:51:07,VERIFIED_AMOUNT_PARSED
SEC067,INE132H01018,AURIONPRO,2016-09-22,,,3.0,DIVIDEND,INR, Annual General Meeting/Dividend - Rs 3/- Per Share,NSE_CORPORATE_ACTIONS,https://www.nseindia.com/companies-listing/corporate-filings-actions,2026-07-17T14:51:07,VERIFIED_AMOUNT_PARSED
SEC067,INE132H01018,AURIONPRO,2017-09-21,,,1.0,DIVIDEND,INR, Dividend - Re 1/- Per Share,NSE_CORPORATE_ACTIONS,https://www.nseindia.com/companies-listing/corporate-filings-actions,2026-07-17T14:51:07,VERIFIED_AMOUNT_PARSED
SEC067,INE132H01018,AURIONPRO,2018-09-19,,,2.0,DIVIDEND,INR, Annual General Meeting/Dividend Rs 2 Per Share,NSE_CORPORATE_ACTIONS,https://www.nseindia.com/companies-listing/corporate-filings-actions,2026-07-17T14:51:07,VERIFIED_AMOUNT_PARSED
SEC067,INE132H01018,AURIONPRO,2019-09-12,,,2.0,DIVIDEND,INR, Dividend - Rs 2 Per Share,NSE_CORPORATE_ACTIONS,https://www.nseindia.com/companies-listing/corporate-filings-actions,2026-07-17T14:51:07,VERIFIED_AMOUNT_PARSED
SEC067,INE132H01018,AURIONPRO,2022-09-16,,,2.5,DIVIDEND,INR,Annual General Meeting/Dividend - Rs 2.50 Per Share,NSE_CORPORATE_ACTIONS,https://www.nseindia.com/companies-listing/corporate-filings-actions,2026-07-17T14:51:07,VERIFIED_AMOUNT_PARSED
SEC067,INE132H01018,AURIONPRO,2023-09-22,,,2.5,DIVIDEND,INR,Annual General Meeting/Dividend - Rs 2.50 Per Share,NSE_CORPORATE_ACTIONS,https://www.nseindia.com/companies-listing/corporate-filings-actions,2026-07-17T14:51:07,VERIFIED_AMOUNT_PARSED
SEC067,INE132H01018,AURIONPRO,2024-09-20,,,2.5,DIVIDEND,INR,Annual General Meeting/Dividend - Rs 2.50 Per Share,NSE_CORPORATE_ACTIONS,https://www.nseindia.com/companies-listing/corporate-filings-actions,2026-07-17T14:51:07,VERIFIED_AMOUNT_PARSED
SEC067,INE132H01018,AURIONPRO,2025-02-04,2025-02-04,,1.0,INTERIM,INR,Interim Dividend - Re 1 Per Share,NSE_CORPORATE_ACTIONS,https://www.nseindia.com/companies-listing/corporate-filings-actions,2026-07-17T14:51:07,VERIFIED_AMOUNT_PARSED
SEC067,INE132H01018,AURIONPRO,2025-07-30,2025-07-30,,1.0,INTERIM,INR,Interim Dividend - Re 1 Per Share,NSE_CORPORATE_ACTIONS,https://www.nseindia.com/companies-listing/corporate-filings-actions,2026-07-17T14:51:07,VERIFIED_AMOUNT_PARSED
SEC067,INE132H01018,AURIONPRO,2025-09-22,2025-09-22,,3.0,DIVIDEND,INR,Dividend - Rs 3 Per Share,NSE_CORPORATE_ACTIONS,https://www.nseindia.com/companies-listing/corporate-filings-actions,2026-07-17T14:51:07,VERIFIED_AMOUNT_PARSED
SEC067,INE132H01018,AURIONPRO,2025-11-10,2025-11-10,,1.0,INTERIM,INR,Interim Dividend - Re 1 Per Share,NSE_CORPORATE_ACTIONS,https://www.nseindia.com/companies-listing/corporate-filings-actions,2026-07-17T14:51:07,VERIFIED_AMOUNT_PARSED
SEC068,INE083A01026,MOREPENLAB,2025-08-29,2025-08-30,,0.2,DIVIDEND,INR,Dividend - Re 0.20 Per Share,NSE_CORPORATE_ACTIONS,https://www.nseindia.com/companies-listing/corporate-filings-actions,2026-07-17T14:51:07,VERIFIED_AMOUNT_PARSED
SEC072,INE348A01023,ASHAPURMIN,2022-09-21,,,0.5,DIVIDEND,INR,Annual General Meeting/Dividend - Rs  0.50 Per Share,NSE_CORPORATE_ACTIONS,https://www.nseindia.com/companies-listing/corporate-filings-actions,2026-07-17T14:51:07,VERIFIED_AMOUNT_PARSED
SEC072,INE348A01023,ASHAPURMIN,2025-09-17,2025-09-17,,1.0,DIVIDEND,INR,Dividend - Re 1 Per Share,NSE_CORPORATE_ACTIONS,https://www.nseindia.com/companies-listing/corporate-filings-actions,2026-07-17T14:51:07,VERIFIED_AMOUNT_PARSED
SEC075,INE545A01016,HEG,2012-09-07,,,5.0,DIVIDEND,INR,Annual General Meeting And Dividend Rs.5/- Per Share,NSE_CORPORATE_ACTIONS,https://www.nseindia.com/companies-listing/corporate-filings-actions,2026-07-17T14:51:07,VERIFIED_AMOUNT_PARSED
SEC075,INE545A01016,HEG,2013-09-06,,,8.0,FINAL,INR,Annual General Meeting / Final Dividend Rs.8/- Per Equity Share,NSE_CORPORATE_ACTIONS,https://www.nseindia.com/companies-listing/corporate-filings-actions,2026-07-17T14:51:07,VERIFIED_AMOUNT_PARSED
SEC075,INE545A01016,HEG,2014-08-14,,,6.0,DIVIDEND,INR,Annual General Meeting/Dividend Rs 6/- Per Share,NSE_CORPORATE_ACTIONS,https://www.nseindia.com/companies-listing/corporate-filings-actions,2026-07-17T14:51:07,VERIFIED_AMOUNT_PARSED
SEC075,INE545A01016,HEG,2015-09-14,,,3.0,DIVIDEND,INR,Annual General Meeting/Dividend - Rs 3/- Per Share,NSE_CORPORATE_ACTIONS,https://www.nseindia.com/companies-listing/corporate-filings-actions,2026-07-17T14:51:07,VERIFIED_AMOUNT_PARSED
SEC075,INE545A01016,HEG,2018-02-15,2018-02-19,,30.0,INTERIM,INR, Interim Dividend Rs 30/- Per Share (Purpose Revised),NSE_CORPORATE_ACTIONS,https://www.nseindia.com/companies-listing/corporate-filings-actions,2026-07-17T14:51:07,VERIFIED_AMOUNT_PARSED
SEC075,INE545A01016,HEG,2018-07-13,,,50.0,DIVIDEND,INR, Annual General Meeting/Dividend- Rs 50 Per Share,NSE_CORPORATE_ACTIONS,https://www.nseindia.com/companies-listing/corporate-filings-actions,2026-07-17T14:51:07,VERIFIED_AMOUNT_PARSED
SEC075,INE545A01016,HEG,2018-11-12,2018-11-13,,30.0,INTERIM,INR, Interim Dividend - Rs 30 Per Sh,NSE_CORPORATE_ACTIONS,https://www.nseindia.com/companies-listing/corporate-filings-actions,2026-07-17T14:51:07,VERIFIED_AMOUNT_PARSED
SEC075,INE545A01016,HEG,2019-08-09,,,50.0,DIVIDEND,INR, Annual General Meeting/Dividend - Rs 50 Per Share,NSE_CORPORATE_ACTIONS,https://www.nseindia.com/companies-listing/corporate-filings-actions,2026-07-17T14:51:07,VERIFIED_AMOUNT_PARSED
SEC075,INE545A01016,HEG,2020-02-17,2020-02-19,,25.0,INTERIM,INR, Interim Dividend - Rs 25 Per Share,NSE_CORPORATE_ACTIONS,https://www.nseindia.com/companies-listing/corporate-filings-actions,2026-07-17T14:51:07,VERIFIED_AMOUNT_PARSED
SEC075,INE545A01016,HEG,2021-07-19,,,3.0,DIVIDEND,INR, Annual General Meeting/Dividend - Rs 3 Per Share,NSE_CORPORATE_ACTIONS,https://www.nseindia.com/companies-listing/corporate-filings-actions,2026-07-17T14:51:07,VERIFIED_AMOUNT_PARSED
SEC075,INE545A01016,HEG,2022-08-24,,,40.0,DIVIDEND,INR,Annual General Meeting/Dividend - Rs  40 Per Share,NSE_CORPORATE_ACTIONS,https://www.nseindia.com/companies-listing/corporate-filings-actions,2026-07-17T14:51:07,VERIFIED_AMOUNT_PARSED
SEC075,INE545A01016,HEG,2023-08-24,,,42.5,DIVIDEND,INR,Annual General Meeting/Dividend - Rs 42.50 Per Share,NSE_CORPORATE_ACTIONS,https://www.nseindia.com/companies-listing/corporate-filings-actions,2026-07-17T14:51:07,VERIFIED_AMOUNT_PARSED
SEC075,INE545A01016,HEG,2024-07-31,,,22.5,DIVIDEND,INR,Annual General Meeting/Dividend - Rs 22.50 Per Share,NSE_CORPORATE_ACTIONS,https://www.nseindia.com/companies-listing/corporate-filings-actions,2026-07-17T14:51:07,VERIFIED_AMOUNT_PARSED
SEC075,INE545A01016,HEG,2025-08-13,2025-08-13,,1.8,DIVIDEND,INR,Dividend - Rs 1.80 Per Share,NSE_CORPORATE_ACTIONS,https://www.nseindia.com/companies-listing/corporate-filings-actions,2026-07-17T14:51:07,VERIFIED_AMOUNT_PARSED
